# Aspose.3D Wavefront OBJ Exporter
# Copyright 2004-2025 Aspose Pty Ltd.
# File created: 04/28/2025 20:26:21

mtllib material.lib
g Plane

#
# object Plane
#

v -3.5011337 -66.42063 202.55095
v -5.527184 -1.8241752 225.89157
v -5.314306 20.33053 223.43916
v 8.748995 77.1171 61.426247
v 10.28337 -15.625497 43.74986
v 5.9463243 -73.88934 93.71376
v 0.8048354 -89.990814 152.94507
v -4.885372 32.510105 218.49773
v -3.5882444 54.756664 203.55447
v -1.7986377 70.19791 182.93773
v 9.551578 73.63957 52.18029
v 11.290664 41.162548 32.145554
v 9.8489895 -25.480558 48.75403
v 8.671561 -45.17458 62.318314
v 4.941222 -80.53694 105.29281
v 2.8738039 -88.304794 129.11
v 2.8356144 -2.6347723 129.54994
v 0.16777042 -66.42063 202.86943
v 5.4930596 -89.83217 141.52069
v 3.490679 -88.64882 164.58864
v -0.9734048 -45.29467 216.01607
v -1.6353419 -22.607225 223.64174
v -1.8582797 -1.8241752 226.21005
v 0.8964275 63.39075 194.47508
v 3.0061445 75.30212 170.17058
v 9.489712 81.658264 95.47818
v 13.759984 68.34339 46.283554
v 14.6864805 50.84007 35.610073
v 15.041063 30.823963 31.525166
v 14.6648245 7.0667973 35.85956
v 13.952273 -15.625497 44.06834
v 12.993954 -35.07637 55.108433
v 9.615229 -73.88934 94.032234
v 7.5909247 -85.273796 117.35274
v -0.4554401 -56.43173 210.04897
v 0.8757095 -74.59929 194.71379
v 4.4737387 -89.990814 153.26353
v 2.5480852 -85.64449 175.44757
v -1.7922858 -12.11007 225.44978
v -1.8364376 8.881177 225.95842
v -1.2164681 32.510105 218.81621
v 4.3127246 78.874245 155.11844
v 11.142536 79.86715 76.437225
v 13.220482 73.63957 52.498768
v 14.258976 60.33573 40.535023
v 14.959566 41.162548 32.46403
v 12.340466 -45.17458 62.636787
v 8.6101265 -80.53694 105.611275
v 6.5045185 -2.6347723 129.86841
v -5.2082157 -67.50866 203.65738
v -4.6207523 -66.77047 202.85718
v -5.841511 -57.345154 210.9531
v -4.1243453 -56.43173 209.73048
v -5.2472053 -56.725426 210.07405
v -6.3678927 -46.016846 217.01714
v -4.64231 -45.29467 215.69759
v -5.7678757 -45.52687 216.07233
v -1.9998676 -80.96386 185.25595
v -3.682693 -82.32187 186.08295
v -3.1116865 -81.400505 185.47232
v -4.4888577 -75.83523 195.37018
v -2.7931955 -74.59929 194.39531
v -3.9091415 -74.99669 194.65923
v 1.8241557 -89.83217 141.20222
v 0.20659277 -91.433174 141.27736
v 0.7333211 -90.34694 141.17685
v -0.83086526 -91.56986 153.22916
v -0.2918316 -90.498535 152.98686
v -1.8308597 -90.179756 164.74934
v -0.17822547 -88.64882 164.27017
v -1.2803369 -89.141075 164.3747
v -2.7892377 -87.101135 175.79012
v -1.1208196 -85.64449 175.1291
v -2.2280054 -86.112854 175.29208
v -6.766824 -34.328342 221.61293
v -5.034838 -33.801685 220.21962
v -6.1624627 -33.971024 220.61806
v -7.04066 -22.944408 224.7676
v -5.304247 -22.607225 223.32327
v -6.433296 -22.715643 223.73813
v -7.2002435 -12.270026 226.60603
v -5.4611907 -12.110071 225.1313
v -6.5910873 -12.161502 225.55595
v -7.267482 -1.8104786 227.38066
v -6.657481 -1.8197712 226.32082
v -7.2455807 9.076189 227.12834
v -5.5053425 8.881177 225.63994
v -6.635621 8.94388 226.06897
v -7.05184 20.72092 224.89638
v -6.443715 20.456053 223.85817
v -6.6163464 33.11087 219.87938
v -6.0126724 32.70327 218.89243
v -6.0064206 45.167896 212.85287
v -4.284867 44.359013 211.57974
v -5.4091377 44.6191 211.93956
v -5.298689 55.75238 204.69963
v -4.7089443 55.076817 203.87312
v -4.469617 64.54627 195.1485
v -2.772477 63.39075 194.15662
v -3.8888977 63.762283 194.426
v -3.4794445 71.4837 183.74146
v -2.9098077 70.611336 183.1466
v -2.3239555 76.687874 170.4299
v -0.6627603 75.30212 169.85211
v -1.7676238 75.74768 169.98836
v -0.9942852 80.328804 155.11177
v 0.6438201 78.874245 154.79996
v -0.45361924 79.34193 154.85068
v 0.5728391 82.57703 137.05807
v 2.183453 81.08511 137.06299
v 1.0948528 81.56482 137.01187
v 2.3975854 83.5478 116.03652
v 3.9763942 82.04955 116.40784
v 2.8980207 82.53129 116.2389
v 4.273946 83.130264 94.420364
v 5.820808 81.658264 95.159706
v 4.752706 82.13156 94.872444
v 5.9541926 81.28225 75.06348
v 7.4736314 79.86715 76.11875
v 6.4143476 80.32215 75.7299
v 7.249351 78.457 60.14291
v 7.696075 77.54792 60.964058
v 8.063362 74.897705 50.7653
v 8.502332 74.044106 51.675774
v 8.610471 69.5015 44.462467
v 10.091079 68.34339 45.965076
v 9.044281 68.71576 45.432377
v 9.117228 61.360123 38.624493
v 10.590072 60.33573 40.216545
v 9.54577 60.66511 39.65509
v 9.552307 51.714043 33.612278
v 11.017576 50.84007 35.29159
v 9.975709 51.12108 34.70209
v 9.831508 41.919785 30.395811
v 10.250761 41.396656 31.533413
v 9.916989 31.524553 29.411024
v 11.372159 30.834143 31.206686
v 10.333538 31.04504 30.5798
v 9.799813 19.6006 30.76093
v 11.25364 19.223663 32.572063
v 10.215452 19.344856 31.940184
v 9.541073 7.238168 33.7417
v 10.995919 7.0667973 35.54108
v 9.957403 7.1218987 34.91298
v 9.208061 -4.7579093 37.578083
v 10.665618 -4.7202396 39.34624
v 9.62623 -4.7323513 38.72819
v 8.821626 -15.864893 42.029907
v 9.242636 -15.702472 43.14728
v 8.381498 -25.908915 47.100296
v 8.806408 -25.61829 48.17274
v 7.8494444 -35.69321 53.229694
v 9.325049 -35.07637 54.789955
v 8.279859 -35.274704 54.23873
v 7.1846404 -45.991505 60.888428
v 7.6227317 -45.437244 61.80901
v 6.3738995 -56.480213 70.22836
v 7.8755713 -55.460167 71.48832
v 6.821999 -55.788143 71.03367
v 5.425689 -66.514084 81.152
v 6.945262 -65.30302 82.20573
v 5.885935 -65.69242 81.817375
v 4.407214 -75.26103 92.88509
v 4.8807154 -74.3304 93.39777
v 3.3824415 -82.02468 104.69076
v 3.869287 -81.015305 105.0497
v 2.3435462 -86.83449 116.659096
v 3.9220202 -85.273796 117.034256
v 2.8437543 -85.775604 116.8641
v 1.2755226 -89.90125 128.96301
v 1.7891685 -88.818115 129.01321
v 1.658673 -67.50866 204.25345
v 1.217879 -66.77047 203.36398
v 1.0253785 -57.345154 211.54915
v 0.5914257 -56.725426 210.58089
v 0.4989964 -46.016846 217.61322
v 0.07075491 -45.52687 216.57913
v 3.184196 -82.32187 186.67902
v 1.6690379 -80.96386 185.57443
v 2.7269454 -81.400505 185.97914
v 2.3780317 -75.83523 195.96625
v 1.9294894 -74.99669 195.16603
v 7.0734816 -91.433174 141.87343
v 6.5719523 -90.34694 141.68365
v 6.0360236 -91.56986 153.82523
v 5.5467997 -90.498535 153.49368
v 5.0360293 -90.179756 165.34543
v 4.5582952 -89.141075 164.88152
v 4.0776515 -87.101135 176.38618
v 3.6106255 -86.112854 175.7989
v -1.3659323 -33.801685 220.5381
v 0.1000655 -34.328342 222.209
v -0.32383046 -33.971024 221.12486
v -0.17377053 -22.944408 225.36366
v -0.5946639 -22.715643 224.24493
v -0.3333549 -12.270026 227.20213
v -0.75245637 -12.161502 226.06276
v -0.40059304 -1.8104786 227.97673
v -0.8188496 -1.819771 226.82762
v -0.37869167 9.076189 227.72441
v -0.79698926 8.94388 226.57578
v -1.6454014 20.33053 223.75761
v -0.18495087 20.72092 225.49248
v -0.60508317 20.456053 224.36497
v 0.25054264 33.11087 220.47548
v -0.1740395 32.70327 219.39923
v -0.6159614 44.359013 211.8982
v 0.86046875 45.167896 213.44894
v 0.4294944 44.6191 212.44637
v 0.08065971 54.756664 203.87294
v 1.5681995 55.752384 205.2957
v 1.1296873 55.076817 204.37996
v 2.397272 64.54627 195.74457
v 1.9497348 63.762287 194.93282
v 1.8702663 70.19791 183.25621
v 3.3874445 71.48371 184.33752
v 2.9288237 70.61133 183.65343
v 4.542934 76.68788 171.02599
v 4.071008 75.74768 170.49516
v 5.8726034 80.328804 155.70784
v 5.3850126 79.34193 155.3575
v 5.8523574 81.08511 137.38147
v 7.4397283 82.57703 137.65414
v 6.9334836 81.56482 137.51869
v 7.6452994 82.04955 116.72631
v 9.264474 83.5478 116.63259
v 8.736652 82.53129 116.74572
v 11.140835 83.130264 95.01643
v 10.591337 82.13156 95.37926
v 12.821081 81.28225 75.659546
v 12.252979 80.32215 76.23671
v 12.417899 77.1171 61.744724
v 14.116241 78.457 60.73898
v 13.534707 77.54792 61.47088
v 14.930251 74.89771 51.36137
v 14.340964 74.044106 52.18259
v 15.47736 69.5015 45.058537
v 14.882912 68.71576 45.939198
v 15.984117 61.360123 39.220562
v 15.384401 60.66511 40.16191
v 16.419195 51.714043 34.208347
v 15.814341 51.12108 35.208908
v 16.698397 41.889347 30.99188
v 16.089394 41.395447 32.04023
v 16.783878 31.43527 30.007095
v 16.172169 31.008959 31.086618
v 14.922545 19.223663 32.890545
v 16.666702 19.6006 31.356998
v 16.054083 19.344856 32.447002
v 16.407963 7.238168 34.33777
v 15.796036 7.1218987 35.419796
v 14.334522 -4.7202396 39.664722
v 16.07495 -4.75791 38.174152
v 15.464862 -4.7323513 39.23501
v 15.688515 -15.864891 42.625977
v 15.081267 -15.702472 43.6541
v 13.517894 -25.480556 49.07251
v 15.248386 -25.908915 47.69637
v 14.6450405 -25.618288 48.679558
v 14.716334 -35.69321 53.825752
v 14.118491 -35.274704 54.74555
v 14.05153 -45.991505 61.4845
v 13.461362 -45.437244 62.31583
v 11.5444765 -55.460167 71.80679
v 13.240788 -56.480213 70.82443
v 12.66063 -55.788143 71.54048
v 10.614167 -65.30302 82.5242
v 12.292578 -66.514084 81.74807
v 11.7245655 -65.69242 82.32419
v 11.274104 -75.26103 93.48116
v 10.719347 -74.3304 93.90459
v 10.2493305 -82.02468 105.28683
v 9.707919 -81.015305 105.5565
v 9.210435 -86.83449 117.255165
v 8.682385 -85.775604 117.3709
v 8.142412 -89.90125 129.55908
v 6.542709 -88.304794 129.42848
v 7.627801 -88.818115 129.52002
v -5.2402334 -67.83095 204.02621
v -4.0319953 -68.71269 205.14783
v -4.8830104 -68.42918 204.74704
v -4.6776 -58.364857 212.58536
v -5.8776655 -57.62461 211.3696
v -5.525987 -58.126842 212.1543
v -5.2141767 -46.827602 218.76686
v -6.407422 -46.242348 217.47252
v -6.060372 -46.639423 218.31055
v -3.7046769 -82.67798 186.33621
v -2.4767818 -83.77851 187.23137
v -3.3341177 -83.42465 186.9034
v -3.298617 -77.18524 196.69913
v -4.516109 -76.18363 195.68413
v -4.1526084 -76.8632 196.33263
v 0.20386846 -91.66803 141.30875
v 1.484653 -92.9655 141.59462
v 0.610311 -92.54832 141.46255
v 0.42870417 -93.129845 153.75943
v -0.83738184 -91.85018 153.30423
v -0.44091168 -92.7184 153.5729
v -0.58968145 -91.739624 165.49149
v -1.8420435 -90.49894 164.87819
v -1.4548845 -91.340706 165.25415
v -1.5661458 -88.62734 176.74062
v -2.8057168 -87.44688 175.97997
v -2.4272363 -88.24779 176.45589
v -5.6208096 -34.92163 223.45139
v -6.808865 -34.494827 222.09726
v -6.4653354 -34.784397 222.97583
v -5.8998995 -23.32491 226.66658
v -7.084368 -23.051651 225.27113
v -6.7432733 -23.23705 226.17775
v -6.062483 -12.450554 228.53958
v -7.2448106 -12.320924 227.11948
v -6.9051685 -12.408874 228.04282
v -6.1308484 -1.7950474 229.32715
v -7.312168 -1.8061471 227.89545
v -6.9732084 -1.7986163 228.82666
v -6.108222 9.294989 229.06648
v -7.28959 9.1369505 227.63533
v -6.9505987 9.244176 228.5662
v -5.9103208 21.155762 226.78664
v -7.09388 20.839386 225.3807
v -6.753402 21.054037 226.29442
v -5.4659743 33.772995 221.66765
v -6.6548495 33.286133 220.32297
v -6.310765 33.616455 221.19511
v -4.8438897 46.047676 214.50107
v -6.040399 45.392147 213.24434
v -5.691135 45.836903 214.05682
v -4.1222353 56.818954 206.18741
v -5.327749 56.012012 205.0344
v -4.9723754 56.559494 205.77654
v -3.2771542 65.76329 196.45184
v -4.4934487 64.82685 195.42305
v -4.1307597 65.4622 196.0809
v -2.2683222 72.815056 184.82985
v -3.4978547 71.77303 183.95354
v -3.1261847 72.48 184.50793
v -1.0916275 78.10268 171.274
v -2.3370519 76.979645 170.5808
v -1.9545999 77.741585 171.01096
v 0.2619034 81.80316 155.68098
v -1.0022333 80.62438 155.20332
v -0.6070856 81.42414 155.48724
v 1.8568608 84.09348 137.30666
v 0.57044446 82.884415 137.08566
v 0.9807083 83.70473 137.19545
v 3.7142296 85.092575 115.90928
v 2.4020386 83.87838 115.98522
v 2.8297899 84.70216 115.89354
v 4.2868385 83.49431 94.271835
v 4.732155 84.303665 93.9778
v 5.9768305 81.684944 74.80268
v 8.658325 79.98289 58.951996
v 7.2819767 78.89702 59.767056
v 7.7532573 79.63374 59.173916
v 9.489748 76.3804 49.373806
v 8.104137 75.3608 50.295555
v 8.581701 76.05257 49.63002
v 10.048637 70.893906 42.93524
v 8.656864 69.95535 43.927994
v 9.13861 70.592125 43.214287
v 10.565562 62.598503 36.980152
v 9.167496 61.76833 38.045383
v 9.65351 62.33157 37.282505
v 11.008427 52.76162 31.878223
v 9.604221 52.05335 33.014194
v 10.094402 52.53389 32.20332
v 9.882167 42.214985 29.812199
v 10.375708 42.681072 28.962605
v 9.963365 31.76266 28.876776
v 10.459096 32.180023 28.001947
v 11.252974 20.013638 29.06098
v 9.839498 19.703644 30.30376
v 10.335966 19.910915 29.420444
v 10.9859915 7.4154096 32.13669
v 9.573339 7.2765307 33.36997
v 10.069249 7.370755 32.493088
v 10.643823 -4.795178 36.07857
v 9.233368 -4.76465 37.286533
v 9.727787 -4.7853622 36.42683
v 10.247836 -16.0923 40.64044
v 8.840774 -15.898293 41.809322
v 9.332892 -16.02992 40.97612
v 9.797849 -26.301489 45.824413
v 8.395444 -25.954344 46.93964
v 8.884402 -26.18987 46.142845
v 9.25508 -36.24212 52.07725
v 7.85925 -35.74223 53.116734
v 8.343747 -36.081387 52.37134
v 8.57811 -46.703194 59.876114
v 7.191451 -46.04115 60.809967
v 7.669726 -46.490326 60.13623
v 7.753518 -57.358383 69.37563
v 6.378815 -56.531734 70.17174
v 6.848978 -57.09259 69.59146
v 6.7897806 -67.55492 80.47816
v 5.429583 -66.57347 81.10714
v 5.889905 -67.23936 80.64024
v 5.7549458 -76.44978 92.39972
v 4.4105816 -75.33816 92.846306
v 4.860161 -76.09236 92.50316
v 4.713726 -83.33625 104.39483
v 3.3853033 -82.13058 104.65778
v 3.824067 -82.94859 104.439224
v 3.657902 -88.243324 116.55821
v 2.34544 -86.97852 116.63728
v 2.7733753 -87.836655 116.54349
v 1.2756064 -90.089455 128.96205
v 2.5720177 -91.38323 129.06789
v 1.6926514 -90.96724 128.9937
v 0.24322504 -68.71269 205.51895
v 1.6266557 -67.83095 204.62228
v 1.1505709 -68.42918 205.27078
v 0.9892237 -57.62461 211.96567
v -0.40237895 -58.364857 212.95648
v 0.50759435 -58.126842 212.67804
v 0.4594677 -46.242348 218.0686
v -0.93895596 -46.827602 219.13795
v -0.026790326 -46.639423 218.83429
v 1.7984387 -83.77851 187.60248
v 3.1622126 -82.67798 186.93228
v 2.699464 -83.42465 187.42712
v 2.3507802 -76.18363 196.2802
v 0.9766039 -77.18524 197.07024
v 1.8809736 -76.8632 196.85635
v 5.7598724 -92.9655 141.96571
v 7.0707574 -91.66803 141.90482
v 6.6438923 -92.54832 141.98628
v 6.0295067 -91.85018 153.9003
v 4.703924 -93.129845 154.13052
v 5.5926695 -92.7184 154.09665
v 5.0248456 -90.49894 165.47426
v 3.6855385 -91.739624 165.8626
v 4.578697 -91.340706 165.77788
v 4.061172 -87.44688 176.57603
v 2.7090747 -88.62734 177.11172
v 3.6063452 -88.24779 176.97963
v 0.058024105 -34.494827 222.69333
v -1.3455896 -34.92163 223.82251
v -0.4317536 -34.784397 223.49959
v -0.21747863 -23.051651 225.8672
v -1.6246793 -23.32491 227.03767
v -0.7096908 -23.23705 226.70148
v -0.37792203 -12.320924 227.71555
v -1.7872629 -12.450554 228.91069
v -0.8715863 -12.408874 228.56656
v -0.445279 -1.8061475 228.49152
v -1.8556284 -1.7950474 229.69827
v -0.9396269 -1.7986163 229.3504
v -0.42270076 9.1369505 228.2314
v -1.8330017 9.294989 229.43759
v -0.917017 9.244176 229.08992
v -0.22699153 20.839386 225.97678
v -1.6351012 21.155762 227.15773
v -0.719821 21.054037 226.81818
v 0.21203989 33.286133 220.91904
v -1.1907539 33.772995 222.03874
v -0.27718237 33.616455 221.71887
v 0.82649004 45.392147 213.84041
v -0.5686699 46.047676 214.87216
v 0.34244666 45.836903 214.58058
v 1.5391395 56.012012 205.63048
v 0.152984 56.818954 206.5585
v 1.061206 56.559494 206.30028
v 2.3734396 64.82685 196.01912
v 0.9980652 65.76329 196.82295
v 1.9028219 65.4622 196.60464
v 3.3690348 71.77303 184.5496
v 2.0068984 72.815056 185.20094
v 2.9073975 72.48 185.03166
v 4.529837 76.979645 171.17685
v 3.1835928 78.10268 171.64511
v 4.078982 77.741585 171.5347
v 5.8646555 80.62438 155.7994
v 4.537123 81.80316 156.05208
v 5.426496 81.42414 156.01099
v 7.4373336 82.88442 137.68173
v 6.1320806 84.09348 137.67775
v 7.0142894 83.70473 137.7192
v 9.268928 83.87838 116.5813
v 7.98945 85.092575 116.28037
v 8.863372 84.70216 116.41729
v 11.153728 83.49431 94.867905
v 12.8437195 81.684944 75.39875
v 14.148866 78.89702 60.363125
v 12.933546 79.98289 59.323093
v 13.786839 79.63374 59.69765
v 14.971026 75.3608 50.891624
v 13.764967 76.3804 49.744904
v 14.615284 76.05257 50.153755
v 15.523754 69.95535 44.524063
v 14.323857 70.893906 43.30634
v 15.172191 70.592125 43.738018
v 16.034386 61.76833 38.641453
v 14.840782 62.598503 37.351254
v 15.687092 62.33157 37.80624
v 16.47111 52.05335 33.610264
v 15.283648 52.76162 32.24932
v 16.127985 52.53389 32.727055
v 16.749056 42.16456 30.408268
v 16.40929 42.608704 29.48634
v 16.830254 31.657259 29.472847
v 16.706387 19.703644 30.899832
v 15.528194 20.009117 29.43208
v 16.369547 19.910894 29.944178
v 16.44023 7.2765307 33.966038
v 15.261212 7.4154096 32.50779
v 16.10283 7.370755 33.016823
v 16.100256 -4.7646503 37.882603
v 14.919043 -4.795178 36.449673
v 15.761368 -4.7853622 36.950565
v 15.707663 -15.898291 42.40539
v 14.523056 -16.0923 41.01154
v 15.366474 -16.02992 41.499855
v 15.262333 -25.954344 47.53571
v 14.073068 -26.301489 46.19551
v 14.917983 -26.18987 46.66658
v 14.72614 -35.742226 53.712803
v 13.5303 -36.24212 52.44835
v 14.37733 -36.08139 52.895077
v 14.05834 -46.04115 61.406036
v 12.853331 -46.70319 60.247227
v 13.703307 -46.490326 60.659966
v 13.245704 -56.531734 70.76781
v 12.028737 -57.358383 69.746735
v 12.882559 -57.09259 70.115204
v 12.296472 -66.57347 81.70321
v 11.065001 -67.55492 80.84926
v 11.923486 -67.23936 81.16399
v 11.277472 -75.33816 93.442375
v 10.030167 -76.44978 92.77082
v 10.893743 -76.09236 93.0269
v 10.2521925 -82.13058 105.25385
v 8.988947 -83.33625 104.76594
v 9.857649 -82.94859 104.96297
v 9.212329 -86.97852 117.23335
v 7.9331226 -88.243324 116.92932
v 8.806956 -87.836655 117.06722
v 6.8472376 -91.38323 129.43898
v 8.142495 -90.089455 129.55812
v 7.7262335 -90.96724 129.51744
v 15.003928 35.53513 31.952995
v 14.996704 36.451385 32.0362
v 9.870468 37.181934 29.946978
v 9.878029 36.2624 29.85987
v 10.288472 36.680702 31.098969
v 10.295827 35.76099 31.014246
v 16.127129 36.66055 31.605513
v 16.134436 35.743855 31.521338
v 16.744886 36.203964 30.45631
v 16.73739 37.120655 30.542665
v 11.337197 37.18383 28.09071
v 11.329884 38.095924 28.174967
v 10.413764 37.888668 28.524178
v 10.421041 36.972427 28.440363
v 9.926342 36.528553 29.303282
v 9.91919 37.449093 29.38568
v 16.786108 37.369907 29.981428
v 16.793203 36.451912 29.899687
v 16.44737 37.792908 29.04765
v 16.4546 36.878437 28.96436
v 15.605121 38.0181 28.545887
v 15.612403 37.107235 28.461987
v 11.327786 36.457966 31.717903
v 11.335039 35.538723 31.634336
v 11.337169 42.57118 -7.4312884E-06
v 11.329924 43.489388 -7.5805674E-06
v 15.612374 42.29512 -7.573188E-06
v 15.605135 43.21308 -7.722427E-06
v 15.605079 39.259293 21.409767
v 15.612443 38.34769 21.346134
v 15.605116 41.025238 14.272969
v 15.612407 40.110565 14.23096
v 15.6123905 41.63558 7.1155243
v 15.605134 42.552742 7.136433
v 11.337227 38.51608 21.06778
v 11.329854 39.428856 21.131485
v 11.337192 40.314587 14.045387
v 11.329892 41.23016 14.087443
v 11.329911 42.794254 7.0436764
v 11.337174 41.8765 7.0227556
v 12.174179 40.3212 14.046662
v 12.166879 41.23677 14.088707
v 12.166897 42.80087 7.04494
v 12.174162 41.883114 7.0240073
v 12.174213 38.522694 21.069044
v 12.1668415 39.435467 21.132736
v 12.174185 37.19044 28.09196
v 12.16687 38.10254 28.176218
v 14.768129 41.018627 14.271765
v 14.775421 40.10395 14.229768
v 14.775404 41.628967 7.114332
v 14.768147 42.54613 7.135229
v 14.768092 39.252678 21.408564
v 14.775456 38.341076 21.344929
v 14.768132 38.011486 28.544682
v 14.775416 37.10062 28.460783
v 14.775395 42.2885 -7.535524E-06
v 14.76815 43.20646 -7.684762E-06
v 12.174153 42.57779 -7.468951E-06
v 12.166908 43.496002 -7.618231E-06
v 11.308482 40.76471 28.421503
v 11.233102 44.932922 29.289906
v 11.984172 42.206272 28.615253
v 11.358602 34.514492 27.844126
v 13.513334 32.329407 27.832085
v 11.35466 30.251987 27.88952
v 12.057543 33.04848 27.769714
v 15.58364 40.7043 28.793316
v 13.428847 42.87314 28.804676
v 15.50865 44.872227 29.657238
v 14.884702 42.16473 28.867262
v 15.633885 34.420395 28.214497
v 16.488405 32.06376 28.523106
v 15.629732 30.15972 28.262337
v 14.958176 32.985226 28.02127
v 11.308466 46.211437 -8.0231075E-06
v 13.424814 48.247627 -8.447353E-06
v 11.982825 47.642128 -8.285673E-06
v 13.50926 37.53728 -6.706108E-06
v 11.358632 39.848225 -6.9886014E-06
v 12.056242 38.329517 -6.7716664E-06
v 15.633871 39.568893 -7.1299687E-06
v 14.959492 38.14096 -6.867852E-06
v 15.583642 45.938442 -8.165504E-06
v 14.886056 47.45559 -8.382187E-06
v 13.42818 44.113422 21.603458
v 11.308679 42.050526 21.314436
v 11.983975 43.480564 21.460884
v 13.4274025 45.965557 14.402263
v 11.308556 43.90597 14.210336
v 11.9836855 45.339447 14.307467
v 11.308503 45.498768 7.105331
v 13.426147 47.5489 7.2011156
v 11.983265 46.932533 7.1537776
v 13.5105295 36.880955 6.957954
v 11.358586 39.17121 6.961089
v 12.056637 37.660507 6.942433
v 13.511759 35.374863 13.915974
v 11.358532 37.63817 13.9224825
v 12.0570135 36.13941 13.884979
v 11.358401 35.8945 20.88483
v 13.512649 33.662594 20.874018
v 12.057258 34.410084 20.827837
v 15.6336355 35.724804 21.16304
v 14.958326 34.295765 21.016665
v 15.63378 37.429054 14.107865
v 14.958662 35.998432 14.010864
v 15.633832 38.926094 7.0537863
v 14.959071 37.495148 7.005399
v 15.583697 45.261482 7.1981716
v 14.885658 46.770397 7.2167916
v 15.583748 43.70616 14.396052
v 14.885272 45.20287 14.43346
v 15.583885 41.882362 21.592884
v 14.885066 43.36559 21.649782
v 7.76253 84.68723 94.08318
v 5.8096623 84.48703 91.76934
v 5.4393992 84.726585 96.034874
v 6.3716335 84.622856 93.272964
v 7.1523933 83.031944 76.300735
v 9.474746 82.83175 74.358
v 7.519543 82.43843 72.07105
v 6.441892 82.46493 74.3341
v 7.965046 82.896126 74.916435
v 10.084883 84.48703 92.14045
v 9.71462 84.726585 96.405975
v 10.761197 84.30568 94.50032
v 9.27223 84.622856 93.52475
v 11.427614 83.031944 76.67184
v 12.466355 82.46493 74.85704
v 11.794764 82.43843 72.44216
v 10.865643 82.896126 75.16821
v 5.8346944 87.57589 89.13634
v 7.7875624 87.77609 91.45018
v 6.3966646 87.71172 90.63998
v 9.499778 85.92061 74.069626
v 7.9900794 85.98498 74.628044
v 10.109915 87.57589 89.50744
v 9.29726 87.71172 90.89176
v 7.804374 88.84277 88.27564
v 6.413477 88.7784 87.46544
v 5.851506 88.64257 85.9618
v 8.006891 87.7965 74.43436
v 9.51659 87.73213 73.87594
v 10.126726 88.64257 86.3329
v 9.314073 88.7784 87.717224
v 7.99008 85.98489 -1.4357975E-05
v 9.499777 85.920525 -1.4413478E-05
v 8.006856 87.79641 -1.4653841E-05
v 9.516584 87.73205 -1.4709348E-05
v 10.907491 87.79641 -1.4780631E-05
v 7.182791 86.69894 75.95054
v 7.7476664 86.0255 75.04098
v 7.1727605 85.54518 76.06609
v 7.118936 86.1842 76.58403
v 7.362503 86.276054 75.680145
v 10.8906765 85.98498 74.87982
v 11.458011 86.69894 76.32164
v 11.394156 86.1842 76.95514
v 11.447981 85.54518 76.437195
v 11.27368 86.263016 75.88011
v 7.7644787 87.83701 74.84729
v 7.188873 87.3542 75.88048
v 7.135748 87.99572 76.39035
v 7.375864 87.71579 75.526215
v 11.464093 87.3542 76.25158
v 10.907488 87.7965 74.686134
v 11.410968 87.99572 76.76145
v 11.287041 87.70277 75.72618
v 7.7476606 86.02541 -1.4353979E-05
v 7.182786 86.69885 -1.4439006E-05
v 7.362494 86.27597 -1.4377964E-05
v 11.458014 86.69885 -1.4625882E-05
v 10.8906765 85.98489 -1.4484764E-05
v 11.273681 86.26293 -1.4546805E-05
v 7.1888676 87.35412 -1.4546027E-05
v 7.764443 87.83693 -1.4649847E-05
v 7.3758492 87.7157 -1.461311E-05
v 11.464097 87.35412 -1.4732904E-05
v 11.287049 87.70268 -1.4781954E-05
v -7.8116403 -1.7673904 234.38805
v -7.789016 9.322645 234.01787
v -7.591112 21.183413 234.01785
v -3.5137973 9.322645 234.01787
v -3.5364215 -1.7673907 234.38805
v -3.3158946 21.183413 234.01787
v -8.5903225 9.322645 235.25557
v -8.393375 21.18341 235.28561
v -4.335752 9.322645 235.9044
v -4.1388044 21.18341 235.93445
v -8.5679245 9.322642 238.20215
v -10.379907 11.120279 237.35097
v -9.447434 9.612718 237.78902
v -10.096683 10.25682 237.48402
v -10.247808 19.394577 237.413
v -8.398391 21.183405 238.28177
v -9.940327 20.253859 237.55743
v -9.277677 20.89482 237.86873
v -6.289383 11.116509 239.27245
v -7.968746 9.322642 238.4836
v -6.569473 10.254798 239.14088
v -7.171194 9.612016 238.85822
v -7.777386 21.183405 238.57347
v -6.157154 19.398954 239.33458
v -6.990025 20.895514 238.94333
v -6.409478 20.256142 239.21603
v -9.753855 9.322639 239.22272
v -11.380613 11.101177 238.17918
v -10.543995 9.609595 238.71587
v -11.126868 10.246858 238.34195
v -11.252488 19.414707 238.26138
v -9.586315 21.183401 239.33017
v -10.974966 20.264301 238.4394
v -10.377968 20.898035 238.82236
v -7.431826 11.098254 240.71222
v -8.971271 9.322639 239.7247
v -7.6889515 10.245338 240.54727
v -8.240536 9.609123 240.19347
v -8.786756 21.183401 239.84305
v -7.3036013 19.41804 240.79446
v -8.065626 20.898573 240.30563
v -7.534205 20.26603 240.64655
v -10.975111 9.322639 240.05513
v -12.428972 11.08772 238.85155
v -11.681759 9.607423 239.47012
v -12.202687 10.239862 239.03886
v -12.306262 19.429983 238.95311
v -10.812637 21.1834 240.18962
v -12.057039 20.27224 239.15944
v -11.521861 20.9005 239.6025
v -8.660067 11.085414 241.97163
v -10.05973 9.32264 240.81293
v -8.894159 10.238665 241.77785
v -9.395672 9.60705 241.36267
v -9.8837595 21.1834 240.95859
v -8.537279 19.432531 242.07329
v -9.228759 20.900908 241.50085
v -8.746308 20.27356 241.90025
v -12.224604 9.322637 240.69702
v -13.514879 11.078828 239.36154
v -12.852155 9.605987 240.0475
v -13.314466 10.235241 239.569
v -13.398925 19.441626 239.48157
v -12.069817 21.183395 240.85724
v -13.176778 20.278286 239.7115
v -12.700555 20.902374 240.2044
v -9.962264 11.076957 243.0386
v -11.222545 9.322638 241.73418
v -10.17336 10.234269 242.82011
v -10.624931 9.605684 242.35272
v -11.056754 21.183395 241.90578
v -9.846253 19.44359 243.15869
v -10.467582 20.90269 242.51558
v -10.033849 20.279306 242.96452
v -13.4939995 9.322638 241.14606
v -14.627865 11.073797 239.70438
v -14.04587 9.605173 240.44437
v -14.452135 10.232626 239.92781
v -14.519909 19.450562 239.84164
v -13.349146 21.183393 241.33026
v -14.323911 20.282927 240.09087
v -13.904412 20.903812 240.62424
v -11.325858 11.072214 243.90285
v -12.447666 9.322638 242.47649
v -11.514046 10.231804 243.66357
v -11.915997 9.604919 243.1525
v -12.2936125 21.183393 242.67235
v -11.21786 19.452097 244.04015
v -11.769758 20.904062 243.33844
v -11.38431 20.283728 243.82854
v -14.77423 9.322633 241.39998
v -15.7571945 11.072218 239.87665
v -15.252993 9.604916 240.65805
v -15.60519 10.231804 240.11221
v -15.658374 19.457506 240.02982
v -14.641258 21.18339 241.60605
v -15.487775 20.286537 240.29419
v -15.123341 20.904934 240.85896
v -12.737692 11.070803 244.55602
v -13.722454 9.322633 243.02992
v -12.903164 10.23107 244.2996
v -13.256007 9.604689 243.75279
v -13.581584 21.18339 243.24821
v -12.638839 19.458733 244.7092
v -13.122253 20.905128 243.96004
v -12.784459 20.287172 244.48354
v -16.055887 9.322632 241.45613
v -16.891968 11.073977 239.8768
v -16.463406 9.605198 240.68633
v -16.762981 10.2327175 240.12045
v -16.803308 19.463013 240.04428
v -15.936409 21.183388 241.68181
v -16.657656 20.289394 240.31941
v -16.347036 20.905815 240.90616
v -14.184139 11.0726185 244.9918
v -15.033631 9.322632 243.38715
v -14.3271 10.232013 244.72174
v -14.63148 9.604981 244.1468
v -14.907297 21.183388 243.62578
v -14.095454 19.464025 245.15932
v -14.511543 20.905981 244.37337
v -14.220655 20.289923 244.92282
v -17.32941 9.322629 241.31067
v -18.021242 11.07921 239.70477
v -17.666912 9.60604 240.52725
v -17.914799 10.2354355 239.95184
v -17.943653 19.467522 239.88487
v -17.224747 21.183384 241.55362
v -17.822603 20.291737 240.16585
v -17.565008 20.906542 240.76381
v -15.651239 11.077803 245.20604
v -16.367363 9.322629 243.54376
v -15.77197 10.234706 244.92581
v -16.028563 9.605814 244.33022
v -16.256804 21.183384 243.8004
v -15.573626 19.468393 245.38618
v -15.923585 20.906681 244.57388
v -15.678799 20.292189 245.14207
v -18.584902 9.322629 240.95706
v -19.134117 11.088342 239.36229
v -18.853138 9.607513 240.17818
v -19.049925 10.240181 239.60677
v -19.068378 19.471392 239.55319
v -18.496088 21.18338 241.21497
v -18.97176 20.293747 239.83374
v -18.766703 20.907166 240.42915
v -17.124834 11.0867815 245.1967
v -17.709482 9.322629 243.49904
v -17.223587 10.23937 244.90996
v -17.433067 9.607263 244.30168
v -17.615795 21.183382 243.77107
v -17.059074 19.472189 245.38765
v -17.344095 20.907293 244.56
v -17.144619 20.29416 245.13924
v -19.37301 9.316976 240.98785
v -19.370531 11.093531 239.36858
v -19.371819 9.602848 240.19647
v -19.37093 10.2394 239.61627
v -19.370531 19.467243 239.5683
v -19.373018 21.177736 241.2761
v -19.370932 20.288116 239.85684
v -19.371824 20.900997 240.46877
v -19.378881 11.100237 244.96384
v -19.376455 9.320291 243.29575
v -19.378489 10.245984 244.68121
v -19.37762 9.608216 244.08353
v -19.376451 21.18104 243.57605
v -19.378881 19.475733 245.16364
v -19.377617 20.906647 244.35162
v -19.378489 20.295622 244.92047
v -341.24512 10.092345 240.74309
v -341.42188 11.888095 239.14409
v -341.27286 10.381436 239.95102
v -341.3362 11.024866 239.37807
v -342.22885 19.982588 239.48306
v -342.4011 21.688927 241.23222
v -342.31082 20.801441 239.78802
v -342.37256 21.412834 240.41476
v -342.40445 21.692427 243.61555
v -342.23697 19.989977 245.24832
v -342.37817 21.418526 244.40494
v -342.31818 20.808525 244.98994
v -341.4306 11.895268 245.17271
v -341.24915 10.095652 243.50908
v -341.34418 11.031454 244.89894
v -341.27917 10.386638 244.30284
v -9.874147 12.113868 237.29727
v -9.594521 11.235362 237.42862
v -9.773808 18.398918 237.3444
v -9.469237 19.27424 237.48747
v -6.347022 18.39544 238.95412
v -7.9591618 20.221132 238.19682
v -6.5978365 19.272432 238.83629
v -8.119236 10.284913 238.12163
v -6.4472666 12.116375 238.90703
v -6.726359 11.23665 238.77592
v -343.257 9.506532 240.65454
v -343.6572 11.263756 239.0539
v -343.32077 9.789442 239.85905
v -343.46417 10.419064 239.28552
v -345.5578 19.56735 239.44775
v -345.9431 21.242992 241.21324
v -345.74216 20.371456 239.75792
v -345.8802 20.971853 240.39052
v -345.94647 21.24655 243.62984
v -345.56567 19.574356 245.28716
v -345.88577 20.977533 244.42813
v -345.74933 20.378376 245.02196
v -343.66614 11.271289 245.25244
v -343.2612 9.509842 243.58203
v -343.47238 10.425768 244.98059
v -343.32727 9.794628 244.38206
v -345.2082 8.565989 240.53302
v -345.80542 10.263665 238.93399
v -345.30374 8.839317 239.73532
v -345.51773 9.447604 239.1624
v -348.81305 18.786943 239.39929
v -349.38846 20.413074 241.18059
v -349.08868 19.567308 239.71495
v -349.29486 20.149961 240.3532
v -349.392 20.416513 243.66066
v -348.82092 18.793108 245.34052
v -349.3006 20.155329 244.46649
v -349.09598 19.57365 245.0684
v -345.81516 10.27175 245.35835
v -345.21283 8.569421 243.68642
v -345.5266 9.454629 245.08972
v -345.31082 8.84467 244.49068
v -347.1175 7.206124 240.37619
v -347.8707 8.838954 238.77618
v -347.2382 7.4689784 239.57642
v -347.5081 8.054039 239.00313
v -351.97025 17.705444 239.30731
v -352.69785 19.276638 241.09923
v -352.31903 18.459406 239.62643
v -352.57974 19.022375 240.2685
v -352.70142 19.280373 243.74614
v -351.9776 17.711662 245.44212
v -352.58533 19.02803 244.55763
v -352.326 18.46595 245.16531
v -347.88132 8.847642 245.49841
v -347.12274 7.209863 243.82372
v -347.51776 8.061526 245.23154
v -347.24594 7.474704 244.63148
v -349.01328 5.325641 240.18292
v -349.896 6.8887973 238.57571
v -349.15482 5.577226 239.38036
v -349.47113 6.1373096 238.80449
v -355.17755 16.22419 239.14642
v -356.03317 17.735306 240.94098
v -355.5879 16.949282 239.46538
v -355.89447 17.490726 240.10837
v -356.03683 17.739555 243.91718
v -355.18454 16.230906 245.6201
v -355.89996 17.496914 244.73224
v -355.59457 16.956358 245.34239
v -349.90775 6.898197 245.67726
v -349.01944 5.3299856 243.99428
v -349.4819 6.1455216 245.40877
v -349.16364 5.5836167 244.80574
v -350.93692 2.7717173 239.95497
v -351.93442 4.2535434 238.33495
v -351.0969 3.010102 239.149
v -351.45428 3.5410354 238.56854
v -358.61725 14.165761 238.9161
v -359.5903 15.608416 240.70663
v -359.08398 14.857939 239.23195
v -359.43265 15.374851 239.8735
v -359.59464 15.613511 244.17433
v -358.62488 14.173604 245.87653
v -359.43884 15.381981 244.9913
v -359.09134 14.866048 245.60123
v -351.948 4.264212 245.89171
v -350.9445 2.7771976 244.19553
v -351.46695 3.5506246 245.61874
v -351.1074 3.0178194 245.011
v -352.95035 -0.6833547 239.70143
v -354.05826 0.6886179 238.06305
v -353.1279 -0.46286756 238.89136
v -353.5249 0.028719654 238.30432
v -362.54642 11.185883 238.61604
v -363.6424 12.540837 240.39668
v -363.07208 11.835885 238.92607
v -363.46478 12.321374 239.56409
v -363.64862 12.54738 244.51982
v -362.55667 11.195864 246.21442
v -363.47324 12.330175 245.33725
v -363.08197 11.845918 245.94443
v -354.07535 0.70181185 246.13116
v -352.96048 -0.67581475 244.41693
v -353.541 0.040917654 245.8511
v -353.1415 -0.45269075 245.2369
v -355.14847 -5.3741827 239.44928
v -356.372 -4.1688137 237.7887
v -355.34433 -5.180868 238.6344
v -355.7827 -4.7489777 238.0394
v -367.36923 6.654494 238.27185
v -368.61465 7.879769 240.03899
v -367.96625 7.2419868 238.57439
v -368.4125 7.681005 239.20755
v -368.62564 7.889343 244.92947
v -367.38657 6.669096 246.61174
v -368.42694 7.6935334 245.74641
v -367.98297 7.2563066 246.3492
v -356.39606 -4.1508193 246.36464
v -355.16342 -5.3631296 244.62941
v -355.80554 -4.731973 246.0759
v -355.36386 -5.1663556 245.45415
v -357.65366 -11.706779 239.25998
v -359.00995 -10.768342 237.58087
v -357.87012 -11.556874 238.44083
v -358.35608 -11.220627 237.8392
v -373.74872 -0.57492423 238.00832
v -375.20355 0.43248442 239.76628
v -374.44543 -0.0928826 238.30536
v -374.9667 0.26808417 238.93526
v -375.22495 0.4513463 245.27376
v -373.78165 -0.54631406 246.94667
v -374.99423 0.29225573 246.09074
v -374.47708 -0.06521279 246.69012
v -359.04797 -10.743579 246.51938
v -357.67764 -11.691548 244.76805
v -358.39215 -11.1974125 246.22421
v -357.90115 -11.537075 245.5967
v -361.1214 -15.459901 239.87758
v -362.492 -14.51109 238.19444
v -361.339 -15.308871 239.0563
v -361.83008 -14.968907 238.45322
v -376.02362 -5.155386 238.58722
v -377.49103 -4.138673 240.34898
v -376.7255 -4.669757 238.88495
v -377.25128 -4.3054576 239.5162
v -377.5145 -4.117004 244.6557
v -376.06403 -5.1190376 246.33328
v -377.2835 -4.275902 245.47508
v -376.7638 -4.634933 246.07617
v -362.5398 -14.482077 245.94064
v -361.14883 -15.443865 244.18486
v -361.8751 -14.942042 245.64455
v -361.3767 -15.286659 245.01543
v -364.58994 -15.334074 238.8704
v -363.21072 -16.28769 240.55582
v -363.92337 -15.795141 239.12943
v -363.4292 -16.136831 239.73334
v -377.53036 -6.3806057 240.96655
v -376.0521 -7.403946 239.20288
v -377.28784 -6.5486865 240.13293
v -376.75818 -6.9153543 239.501
v -376.09747 -7.3702984 245.65744
v -377.55255 -6.3641973 243.97731
v -376.80048 -6.8840156 245.39995
v -377.32184 -6.52353 244.79794
v -363.23294 -16.271284 243.5671
v -364.63675 -15.29946 245.32504
v -363.4635 -16.111502 244.39867
v -363.9665 -15.763292 245.02855
v -9.1493845 12.109253 236.54623
v -8.118887 10.579257 236.86366
v -8.836046 11.23293 236.64275
v -9.045823 18.403276 236.57843
v -8.707595 19.276485 236.68265
v -7.9776855 19.927837 236.9075
v -5.5160804 18.399942 237.66568
v -6.416224 19.9273 237.38846
v -5.7889934 19.274752 237.58163
v -5.6192355 12.111653 237.63377
v -5.921368 11.2341795 237.54068
v -6.5711474 10.579645 237.34047
v -8.353023 11.915526 235.54356
v -8.589297 9.327339 235.25696
v -7.4121823 10.548002 235.68704
v -8.066864 11.132261 235.58722
v -8.242187 18.59053 235.56049
v -6.372534 20.221138 235.84561
v -8.392499 21.178682 235.28697
v -7.931911 19.373793 235.60782
v -7.262002 19.958052 235.70998
v -6.357474 20.221138 235.8479
v -4.677971 18.590559 236.10403
v -4.141124 21.17905 235.93523
v -5.5420804 19.958055 235.97226
v -4.9402943 19.373806 236.06403
v -4.7888055 11.915496 236.08716
v -6.525883 10.284916 235.82222
v -4.337954 9.327059 235.90521
v -5.077711 11.132245 236.04309
v -5.7001123 10.547997 235.94815
v -9.030705 11.915492 236.40569
v -7.3859982 10.284913 236.91223
v -8.773812 11.132243 236.48482
v -8.184496 10.547996 236.66632
v -7.231441 20.221134 236.9596
v -8.922054 18.590557 236.43893
v -8.035055 19.958054 236.7121
v -8.640819 19.373806 236.52553
v -5.424784 18.59058 237.51604
v -6.9842973 20.221134 237.0357
v -5.6679 19.373816 237.44116
v -6.2266865 19.958055 237.26904
v -7.148257 10.284913 236.98544
v -5.5337377 11.915469 237.48262
v -6.381227 10.547991 237.22165
v -5.8027315 11.132231 237.3998
v -3.5011516 -66.42069 -202.55092
v -5.5272036 -1.8242489 -225.89157
v -5.3143253 20.330458 -223.43918
v 8.748989 77.11708 -61.42627
v 10.283366 -15.625511 -43.749855
v 5.9463162 -73.88937 -93.71374
v 0.80482197 -89.99087 -152.94504
v -4.885391 32.510033 -218.49774
v -3.588262 54.756596 -203.55449
v -1.7986538 70.197845 -182.93776
v 9.551573 73.63956 -52.180313
v 11.290661 41.162537 -32.145565
v 9.848985 -25.480574 -48.75402
v 8.6715555 -45.1746 -62.3183
v 4.9412127 -80.53697 -105.292786
v 2.8737924 -88.30483 -129.10997
v 2.835603 -2.6348147 -129.54994
v 0.16775268 -66.42069 -202.8694
v 5.493047 -89.832214 -141.52066
v 3.4906645 -88.64887 -164.58862
v -0.9734238 -45.29474 -216.01605
v -1.6353614 -22.607298 -223.64172
v -1.8582994 -1.8242489 -226.21005
v 0.89641047 63.39069 -194.4751
v 3.0061297 75.30206 -170.17061
v 9.489704 81.65823 -95.47821
v 13.759979 68.343376 -46.283577
v 14.686478 50.840057 -35.61009
v 15.04106 30.823954 -31.525175
v 14.664822 7.066786 -35.859562
v 13.952269 -15.625511 -44.068333
v 12.99395 -35.07639 -55.10842
v 9.615221 -73.88937 -94.03221
v 7.5909147 -85.273834 -117.35271
v -0.45545846 -56.431797 -210.04895
v 0.8756924 -74.59935 -194.71376
v 4.4737253 -89.99087 -153.2635
v 2.54807 -85.644554 -175.44754
v -1.7923055 -12.110144 -225.44977
v -1.8364573 8.8811035 -225.95842
v -1.2164872 32.510033 -218.81621
v 4.3127112 78.87419 -155.11847
v 11.1425295 79.86713 -76.43725
v 13.220477 73.63956 -52.498795
v 14.258973 60.33572 -40.53504
v 14.959563 41.162537 -32.464046
v 12.34046 -45.1746 -62.636772
v 8.610117 -80.53697 -105.61125
v 6.5045075 -2.6348147 -129.86841
v -5.208234 -67.50873 -203.65735
v -4.6207705 -66.77054 -202.85715
v -5.8415294 -57.345222 -210.95308
v -4.1243634 -56.431797 -209.73047
v -5.2472234 -56.725494 -210.07404
v -6.3679113 -46.016914 -217.01712
v -4.642329 -45.29474 -215.69757
v -5.7678947 -45.526943 -216.07231
v -1.9998838 -80.96392 -185.25594
v -3.6827095 -82.32193 -186.08292
v -3.1117027 -81.400566 -185.47229
v -4.488875 -75.83529 -195.37015
v -2.7932124 -74.59935 -194.39528
v -3.9091587 -74.99675 -194.6592
v 1.8241433 -89.832214 -141.2022
v 0.20658043 -91.43322 -141.27733
v 0.73330873 -90.346985 -141.17682
v -0.8308787 -91.569916 -153.22913
v -0.29184496 -90.49859 -152.98683
v -1.830874 -90.17981 -164.74933
v -0.17823984 -88.64887 -164.27014
v -1.2803512 -89.14113 -164.37466
v -2.7892532 -87.10119 -175.79008
v -1.1208348 -85.644554 -175.12907
v -2.2280207 -86.11291 -175.29205
v -6.766843 -34.328415 -221.61293
v -5.0348577 -33.801758 -220.2196
v -6.1624823 -33.971096 -220.61806
v -7.0406795 -22.94448 -224.7676
v -5.3042665 -22.607298 -223.32327
v -6.4333158 -22.715715 -223.73811
v -7.2002635 -12.2701 -226.60603
v -5.4612103 -12.110144 -225.1313
v -6.591107 -12.161575 -225.55594
v -7.267502 -1.8105527 -227.38066
v -6.657501 -1.819845 -226.32082
v -7.245601 9.076115 -227.12834
v -5.505362 8.8811035 -225.63994
v -6.635641 8.943807 -226.06897
v -7.051859 20.720848 -224.8964
v -6.4437346 20.45598 -223.85817
v -6.616366 33.1108 -219.8794
v -6.012691 32.7032 -218.89244
v -6.006439 45.167828 -212.85289
v -4.2848854 44.358944 -211.57976
v -5.4091563 44.619026 -211.93958
v -5.298707 55.752316 -204.69965
v -4.708962 55.07675 -203.87314
v -4.469634 64.54621 -195.14851
v -2.7724938 63.39069 -194.15663
v -3.8889148 63.762222 -194.42601
v -3.4794607 71.48364 -183.74147
v -2.9098237 70.611275 -183.14664
v -2.3239703 76.68782 -170.42993
v -0.66277516 75.30206 -169.85214
v -1.7676387 75.74762 -169.98839
v -0.9942988 80.32876 -155.11179
v 0.6438066 78.87419 -154.79999
v -0.4536328 79.34187 -154.8507
v 0.57282716 82.57698 -137.0581
v 2.1834412 81.08507 -137.06302
v 1.0948408 81.56477 -137.0119
v 2.3975754 83.54777 -116.036545
v 3.9763842 82.049515 -116.40786
v 2.8980105 82.53125 -116.23893
v 4.2739377 83.13023 -94.420395
v 5.8208 81.65823 -95.15974
v 4.752698 82.13153 -94.87247
v 5.954186 81.28223 -75.06351
v 7.4736247 79.86713 -76.118774
v 6.414341 80.32213 -75.72993
v 7.249346 78.456985 -60.142937
v 7.6960697 77.547905 -60.964085
v 8.063358 74.89769 -50.765324
v 8.502327 74.04409 -51.675797
v 8.610467 69.50149 -44.46249
v 10.091075 68.343376 -45.9651
v 9.044277 68.715744 -45.4324
v 9.117224 61.360107 -38.62451
v 10.590068 60.33572 -40.216564
v 9.545766 60.6651 -39.65511
v 9.552303 51.714035 -33.612297
v 11.017572 50.840057 -35.291607
v 9.975706 51.121067 -34.702106
v 9.831505 41.919773 -30.395824
v 10.250757 41.396645 -31.533426
v 9.916987 31.524544 -29.411036
v 11.372156 30.834133 -31.206696
v 10.333535 31.045029 -30.579811
v 9.79981 19.60059 -30.760935
v 11.253637 19.223652 -32.57207
v 10.215449 19.344847 -31.94019
v 9.54107 7.238157 -33.741703
v 10.995916 7.066786 -35.541084
v 9.9574 7.121887 -34.91298
v 9.208057 -4.7579217 -37.578083
v 10.665614 -4.7202525 -39.34624
v 9.626226 -4.732364 -38.728188
v 8.821622 -15.864906 -42.029903
v 9.242632 -15.702486 -43.147274
v 8.3814945 -25.908932 -47.10029
v 8.806404 -25.618305 -48.172733
v 7.84944 -35.69323 -53.229683
v 9.325045 -35.07639 -54.789944
v 8.279854 -35.274723 -54.23872
v 7.184635 -45.991524 -60.888412
v 7.6227264 -45.437267 -61.808994
v 6.3738933 -56.480236 -70.22835
v 7.8755655 -55.46019 -71.4883
v 6.821993 -55.788166 -71.03365
v 5.425682 -66.514114 -81.15198
v 6.945255 -65.30305 -82.20571
v 5.8859277 -65.69245 -81.81735
v 4.407206 -75.26106 -92.88507
v 4.880707 -74.33043 -93.39775
v 3.382432 -82.02472 -104.69073
v 3.8692777 -81.015335 -105.04967
v 2.343536 -86.834526 -116.659065
v 3.9220102 -85.273834 -117.03423
v 2.843744 -85.77564 -116.864075
v 1.2755113 -89.9013 -128.96298
v 1.7891572 -88.81815 -129.01318
v 1.6586552 -67.50873 -204.25342
v 1.2178613 -66.77054 -203.36395
v 1.0253599 -57.345222 -211.54913
v 0.5914073 -56.725494 -210.58087
v 0.49897736 -46.01692 -217.61322
v 0.070735976 -45.526943 -216.57912
v 3.1841795 -82.32193 -186.67899
v 1.6690217 -80.96392 -185.57442
v 2.7269292 -81.400566 -185.97911
v 2.3780146 -75.83529 -195.96622
v 1.9294722 -74.99675 -195.166
v 7.0734687 -91.43322 -141.8734
v 6.5719395 -90.346985 -141.68362
v 6.03601 -91.569916 -153.8252
v 5.5467863 -90.49859 -153.49365
v 5.0360146 -90.17981 -165.3454
v 4.558281 -89.14113 -164.88148
v 4.0776362 -87.10119 -176.38615
v 3.6106102 -86.11291 -175.79887
v -1.3659517 -33.801758 -220.53809
v 0.10004607 -34.328415 -222.209
v -0.32384977 -33.971096 -221.12486
v -0.17379023 -22.94448 -225.36366
v -0.5946835 -22.715715 -224.24492
v -0.33337477 -12.270101 -227.20213
v -0.75247616 -12.161575 -226.06274
v -0.40061298 -1.8105528 -227.97673
v -0.8188695 -1.819845 -226.82762
v -0.37871158 9.076115 -227.72441
v -0.7970091 8.943807 -226.57578
v -1.6454209 20.330458 -223.75763
v -0.18497059 20.720848 -225.49248
v -0.6051028 20.45598 -224.36497
v 0.25052336 33.1108 -220.4755
v -0.17405868 32.7032 -219.39925
v -0.6159799 44.358944 -211.89821
v 0.86045015 45.167824 -213.44896
v 0.4294758 44.619026 -212.44638
v 0.08064189 54.756596 -203.87296
v 1.5681816 55.752316 -205.29572
v 1.1296694 55.07675 -204.37997
v 2.397255 64.54621 -195.74458
v 1.9497179 63.762222 -194.93283
v 1.8702503 70.197845 -183.25623
v 3.3874285 71.48365 -184.33754
v 2.9288077 70.61127 -183.65344
v 4.5429187 76.68783 -171.026
v 4.0709934 75.74762 -170.4952
v 5.8725896 80.32876 -155.70786
v 5.3849993 79.34187 -155.35751
v 5.8523455 81.08507 -137.3815
v 7.4397163 82.57698 -137.65417
v 6.9334717 81.56477 -137.51872
v 7.645289 82.049515 -116.72634
v 9.264464 83.54777 -116.63262
v 8.736642 82.53125 -116.74575
v 11.140827 83.13023 -95.016464
v 10.591329 82.13153 -95.37928
v 12.821075 81.28223 -75.65958
v 12.252973 80.32213 -76.23674
v 12.417893 77.11708 -61.74475
v 14.116235 78.456985 -60.739006
v 13.5347 77.547905 -61.4709
v 14.930246 74.89769 -51.361393
v 14.34096 74.04409 -52.182613
v 15.477355 69.50149 -45.05856
v 14.882907 68.715744 -45.939217
v 15.984114 61.360107 -39.22058
v 15.384398 60.6651 -40.16193
v 16.419191 51.714035 -34.208366
v 15.814337 51.121067 -35.208923
v 16.698393 41.88934 -30.991896
v 16.08939 41.395435 -32.040245
v 16.783875 31.43526 -30.007105
v 16.172167 31.008947 -31.086628
v 14.922543 19.223652 -32.89055
v 16.6667 19.60059 -31.357006
v 16.054081 19.344847 -32.447006
v 16.407959 7.238157 -34.337772
v 15.796033 7.121887 -35.4198
v 14.334519 -4.7202525 -39.664722
v 16.074947 -4.757922 -38.174152
v 15.464859 -4.732364 -39.23501
v 15.68851 -15.864905 -42.625973
v 15.081263 -15.702486 -43.654095
v 13.517889 -25.480574 -49.0725
v 15.248383 -25.908932 -47.69636
v 14.645036 -25.618305 -48.67955
v 14.716331 -35.69323 -53.82574
v 14.118486 -35.27472 -54.745537
v 14.051524 -45.991524 -61.484486
v 13.461356 -45.437267 -62.315815
v 11.544471 -55.46019 -71.80677
v 13.240783 -56.480236 -70.82442
v 12.6606245 -55.788166 -71.54047
v 10.61416 -65.30305 -82.524185
v 12.292571 -66.514114 -81.74805
v 11.724559 -65.69245 -82.324165
v 11.274096 -75.26106 -93.48114
v 10.719338 -74.33043 -93.904564
v 10.249321 -82.02472 -105.2868
v 9.70791 -81.015335 -105.55647
v 9.210424 -86.834526 -117.255135
v 8.682375 -85.77564 -117.37088
v 8.142401 -89.9013 -129.55905
v 6.5426974 -88.30483 -129.42845
v 7.6277895 -88.81815 -129.51999
v -5.240251 -67.83102 -204.02618
v -4.0320134 -68.71275 -205.1478
v -4.883028 -68.42924 -204.74702
v -4.6776185 -58.364925 -212.58534
v -5.877684 -57.62468 -211.36958
v -5.5260057 -58.126915 -212.15428
v -5.2141957 -46.827675 -218.76685
v -6.407441 -46.24242 -217.4725
v -6.060391 -46.639496 -218.31055
v -3.704693 -82.67804 -186.33618
v -2.4767983 -83.77857 -187.23135
v -3.334134 -83.42471 -186.90337
v -3.2986338 -77.1853 -196.69911
v -4.516126 -76.18369 -195.6841
v -4.1526256 -76.86326 -196.3326
v 0.20385611 -91.668076 -141.30872
v 1.4846406 -92.965546 -141.59459
v 0.6102986 -92.54836 -141.46252
v 0.4286907 -93.1299 -153.7594
v -0.83739525 -91.850235 -153.3042
v -0.4409251 -92.718445 -153.57288
v -0.58969593 -91.73968 -165.49146
v -1.842058 -90.49899 -164.87816
v -1.454899 -91.34076 -165.25412
v -1.5661612 -88.6274 -176.74059
v -2.8057323 -87.44693 -175.97993
v -2.4272518 -88.24785 -176.45587
v -5.620829 -34.921703 -223.45137
v -6.8088846 -34.4949 -222.09724
v -6.4653544 -34.78447 -222.97581
v -5.899919 -23.324982 -226.66656
v -7.084388 -23.051725 -225.27113
v -6.7432933 -23.237122 -226.17773
v -6.062503 -12.450628 -228.53958
v -7.2448306 -12.320998 -227.11946
v -6.9051886 -12.408948 -228.04282
v -6.1308684 -1.7951221 -229.32715
v -7.312188 -1.8062214 -227.89545
v -6.9732285 -1.7986909 -228.82666
v -6.108242 9.294914 -229.0665
v -7.28961 9.136876 -227.63533
v -6.950619 9.244102 -228.5662
v -5.910341 21.155687 -226.78664
v -7.0938997 20.839312 -225.3807
v -6.7534223 21.053963 -226.29442
v -5.465994 33.772923 -221.66765
v -6.654869 33.28606 -220.32297
v -6.310784 33.616383 -221.19513
v -4.8439083 46.047607 -214.50108
v -6.0404177 45.392075 -213.24435
v -5.6911535 45.836834 -214.05684
v -4.122253 56.818886 -206.18742
v -5.327767 56.011948 -205.03441
v -4.972393 56.55943 -205.77655
v -3.2771714 65.76323 -196.45186
v -4.493466 64.82679 -195.42307
v -4.130777 65.462135 -196.08092
v -2.2683384 72.814995 -184.82986
v -3.4978707 71.77297 -183.95355
v -3.1262007 72.47994 -184.50795
v -1.0916425 78.10262 -171.27403
v -2.337067 76.97958 -170.58081
v -1.9546148 77.74153 -171.01099
v 0.26188976 81.80311 -155.681
v -1.0022469 80.62433 -155.20335
v -0.6070992 81.424095 -155.48727
v 1.8568488 84.09344 -137.30669
v 0.57043254 82.88438 -137.0857
v 0.98069626 83.70468 -137.19548
v 3.7142196 85.09254 -115.9093
v 2.4020286 83.87834 -115.98525
v 2.8297799 84.702126 -115.89357
v 4.28683 83.49428 -94.271866
v 4.7321467 84.303635 -93.97782
v 5.976824 81.68491 -74.80271
v 8.65832 79.982864 -58.952023
v 7.281972 78.897 -59.76708
v 7.753252 79.63373 -59.173943
v 9.489743 76.38038 -49.37383
v 8.104133 75.36079 -50.295578
v 8.5816965 76.05255 -49.630047
v 10.048634 70.89389 -42.935265
v 8.656861 69.955345 -43.928013
v 9.138606 70.59211 -43.21431
v 10.565558 62.59849 -36.980175
v 9.167493 61.76832 -38.045406
v 9.653507 62.33156 -37.282524
v 11.008424 52.76161 -31.878242
v 9.6042185 52.053337 -33.01421
v 10.094399 52.53388 -32.20334
v 9.882165 42.214977 -29.812212
v 10.375706 42.681065 -28.96262
v 9.963363 31.76265 -28.876787
v 10.459094 32.180016 -28.001957
v 11.252972 20.013628 -29.060987
v 9.839495 19.703634 -30.303768
v 10.335964 19.910906 -29.42045
v 10.985989 7.415399 -32.136692
v 9.573337 7.27652 -33.369972
v 10.069246 7.3707447 -32.49309
v 10.64382 -4.79519 -36.07857
v 9.233365 -4.7646623 -37.28653
v 9.727784 -4.785374 -36.42683
v 10.247832 -16.092314 -40.640434
v 8.840771 -15.898306 -41.80932
v 9.332889 -16.029934 -40.976116
v 9.797845 -26.301504 -45.824406
v 8.395439 -25.95436 -46.939632
v 8.884398 -26.189886 -46.142838
v 9.255076 -36.242134 -52.07724
v 7.859246 -35.74225 -53.116722
v 8.343742 -36.0814 -52.37133
v 8.578105 -46.703213 -59.876102
v 7.191446 -46.041172 -60.80995
v 7.6697206 -46.490345 -60.136215
v 7.7535124 -57.358406 -69.37561
v 6.3788095 -56.531757 -70.171715
v 6.8489723 -57.092613 -69.59144
v 6.789774 -67.55495 -80.478134
v 5.429576 -66.573494 -81.10712
v 5.889898 -67.23938 -80.64022
v 5.7549376 -76.449814 -92.39969
v 4.4105735 -75.33819 -92.84628
v 4.8601527 -76.09239 -92.503136
v 4.713717 -83.33629 -104.394806
v 3.385294 -82.13061 -104.65775
v 3.8240578 -82.94862 -104.43919
v 3.657892 -88.24336 -116.55818
v 2.3454297 -86.97856 -116.63725
v 2.773365 -87.83669 -116.54346
v 1.2755951 -90.0895 -128.96202
v 2.5720065 -91.38328 -129.06786
v 1.6926401 -90.967285 -128.99367
v 0.24320707 -68.71275 -205.51892
v 1.6266378 -67.83102 -204.62225
v 1.150553 -68.429245 -205.27075
v 0.9892052 -57.62468 -211.96565
v -0.40239757 -58.364925 -212.95647
v 0.5075758 -58.126915 -212.67802
v 0.45944867 -46.24242 -218.06859
v -0.93897516 -46.827675 -219.13795
v -0.026809456 -46.639496 -218.83427
v 1.7984222 -83.77857 -187.60245
v 3.1621962 -82.67804 -186.93225
v 2.6994479 -83.42471 -187.42711
v 2.350763 -76.1837 -196.28017
v 0.9765867 -77.1853 -197.0702
v 1.8809564 -76.86326 -196.85634
v 5.75986 -92.965546 -141.96568
v 7.070745 -91.668076 -141.90479
v 6.6438794 -92.54836 -141.98627
v 6.0294933 -91.850235 -153.90027
v 4.703911 -93.1299 -154.1305
v 5.592656 -92.718445 -154.09662
v 5.024831 -90.49899 -165.47423
v 3.685524 -91.73968 -165.86256
v 4.578683 -91.34076 -165.77785
v 4.0611567 -87.44693 -176.576
v 2.7090592 -88.6274 -177.1117
v 3.6063294 -88.24785 -176.9796
v 0.058004633 -34.4949 -222.69331
v -1.3456092 -34.921703 -223.8225
v -0.43177316 -34.78447 -223.49957
v -0.21749838 -23.051725 -225.8672
v -1.6246994 -23.324982 -227.03766
v -0.70971066 -23.237122 -226.70148
v -0.37794194 -12.320998 -227.71553
v -1.787283 -12.450628 -228.91068
v -0.87160635 -12.408948 -228.56654
v -0.445299 -1.8062218 -228.49152
v -1.8556485 -1.7951221 -229.69827
v -0.9396469 -1.7986909 -229.3504
v -0.4227207 9.136876 -228.23141
v -1.8330219 9.294914 -229.43759
v -0.917037 9.244102 -229.08994
v -0.22701128 20.839312 -225.97678
v -1.6351212 21.155687 -227.15775
v -0.7198408 21.053963 -226.81818
v 0.21202056 33.28606 -220.91904
v -1.1907732 33.772923 -222.03876
v -0.27720177 33.616383 -221.71889
v 0.8264713 45.392075 -213.84042
v -0.5686887 46.047607 -214.87218
v 0.34242788 45.836834 -214.5806
v 1.5391216 56.011948 -205.63051
v 0.15296593 56.818886 -206.55852
v 1.061188 56.55943 -206.3003
v 2.3734224 64.82679 -196.01913
v 0.99804795 65.76323 -196.82298
v 1.9028047 65.462135 -196.60468
v 3.3690188 71.77297 -184.54964
v 2.0068822 72.814995 -185.20096
v 2.9073813 72.47994 -185.0317
v 4.5298223 76.97958 -171.17688
v 3.183578 78.10262 -171.64513
v 4.078967 77.74153 -171.53473
v 5.8646417 80.62433 -155.79942
v 4.5371094 81.80311 -156.05211
v 5.426482 81.424095 -156.01102
v 7.4373217 82.88438 -137.68176
v 6.1320686 84.09344 -137.67778
v 7.0142775 83.70468 -137.71922
v 9.268917 83.87834 -116.58132
v 7.9894395 85.09254 -116.2804
v 8.863361 84.702126 -116.41731
v 11.15372 83.49428 -94.867935
v 12.843713 81.68491 -75.39878
v 14.14886 78.897 -60.36315
v 12.933542 79.982864 -59.32312
v 13.786833 79.63373 -59.697678
v 14.971023 75.36079 -50.89165
v 13.764962 76.38038 -49.74493
v 14.615279 76.05255 -50.15378
v 15.523749 69.955345 -44.524086
v 14.323853 70.89389 -43.306362
v 15.172187 70.59211 -43.738045
v 16.034382 61.76832 -38.641476
v 14.840778 62.59849 -37.351273
v 15.687089 62.33156 -37.80626
v 16.471107 52.053337 -33.61028
v 15.283644 52.76161 -32.24934
v 16.127981 52.53388 -32.72707
v 16.749052 42.16455 -30.408281
v 16.409286 42.608696 -29.486353
v 16.83025 31.65725 -29.472857
v 16.706383 19.703634 -30.899837
v 15.528192 20.009108 -29.432085
v 16.369543 19.910885 -29.944185
v 16.440226 7.27652 -33.96604
v 15.2612095 7.415399 -32.50779
v 16.102829 7.3707447 -33.016827
v 16.100254 -4.7646627 -37.882603
v 14.91904 -4.79519 -36.44967
v 15.761365 -4.785374 -36.950565
v 15.70766 -15.898305 -42.405388
v 14.523053 -16.092314 -41.01153
v 15.36647 -16.029934 -41.49985
v 15.262328 -25.95436 -47.5357
v 14.073064 -26.301504 -46.195503
v 14.917978 -26.189886 -46.66657
v 14.726135 -35.742245 -53.71279
v 13.530296 -36.242134 -52.448338
v 14.377326 -36.081406 -52.89506
v 14.058333 -46.041172 -61.40602
v 12.853325 -46.703213 -60.24721
v 13.703301 -46.490345 -60.65995
v 13.245697 -56.531757 -70.767784
v 12.028731 -57.358406 -69.74672
v 12.882553 -57.092613 -70.11518
v 12.296464 -66.573494 -81.703186
v 11.064994 -67.55495 -80.849236
v 11.923478 -67.23938 -81.16396
v 11.277463 -75.33819 -93.44235
v 10.030159 -76.449814 -92.7708
v 10.893735 -76.09239 -93.02688
v 10.252184 -82.13061 -105.25382
v 8.988937 -83.33629 -104.765915
v 9.857639 -82.94862 -104.962944
v 9.212318 -86.97856 -117.23332
v 7.933112 -88.24336 -116.92929
v 8.806946 -87.83669 -117.06719
v 6.8472266 -91.38328 -129.43896
v 8.142484 -90.0895 -129.55809
v 7.726222 -90.967285 -129.51741
v 15.003925 35.53512 -31.953007
v 14.996701 36.451374 -32.036217
v 9.870465 37.181923 -29.94699
v 9.878026 36.26239 -29.859882
v 10.288469 36.680695 -31.09898
v 10.295824 35.760983 -31.014257
v 16.127127 36.660538 -31.605524
v 16.134432 35.743847 -31.52135
v 16.744883 36.203953 -30.456322
v 16.737389 37.120644 -30.542677
v 11.337195 37.18382 -28.090721
v 11.329881 38.095917 -28.174978
v 10.413762 37.88866 -28.52419
v 10.421039 36.972416 -28.440374
v 9.92634 36.528545 -29.303295
v 9.9191885 37.449085 -29.385693
v 16.786106 37.369896 -29.98144
v 16.7932 36.451904 -29.899698
v 16.447367 37.7929 -29.047663
v 16.454597 36.87843 -28.96437
v 15.605118 38.01809 -28.545898
v 15.6124 37.107224 -28.461998
v 11.327783 36.45796 -31.717915
v 11.335036 35.53871 -31.634348
v 15.605077 39.259285 -21.409782
v 15.612441 38.347683 -21.346148
v 15.605114 41.025234 -14.2729845
v 15.612406 40.110558 -14.230974
v 15.6123905 41.63558 -7.115539
v 15.605134 42.552742 -7.136449
v 11.337225 38.516075 -21.067795
v 11.329853 39.42885 -21.1315
v 11.33719 40.314583 -14.045402
v 11.329891 41.230156 -14.087459
v 11.32991 42.79425 -7.043691
v 11.337173 41.876495 -7.02277
v 12.174177 40.321198 -14.046677
v 12.166877 41.236767 -14.088722
v 12.166896 42.800865 -7.044955
v 12.174162 41.88311 -7.0240216
v 12.174212 38.522686 -21.069057
v 12.16684 39.43546 -21.132751
v 12.174182 37.190434 -28.091972
v 12.166868 38.10253 -28.176231
v 14.768128 41.01862 -14.27178
v 14.775419 40.103947 -14.229782
v 14.775404 41.628963 -7.114347
v 14.768147 42.546127 -7.135245
v 14.768091 39.25267 -21.408577
v 14.775455 38.34107 -21.344944
v 14.768129 38.01148 -28.544695
v 14.7754135 37.100613 -28.460794
v 11.30848 40.764698 -28.421516
v 11.2331 44.93291 -29.28992
v 11.984169 42.20626 -28.615267
v 11.3586 34.51448 -27.844137
v 13.513331 32.329395 -27.832096
v 11.354658 30.251978 -27.88953
v 12.057541 33.04847 -27.769726
v 15.583637 40.70429 -28.79333
v 13.428844 42.87313 -28.804691
v 15.508647 44.872215 -29.657251
v 14.884699 42.16472 -28.867275
v 15.6338825 34.420387 -28.214508
v 16.488403 32.063747 -28.523117
v 15.629729 30.15971 -28.262346
v 14.958173 32.985218 -28.021282
v 13.428179 44.113415 -21.603474
v 11.308676 42.050518 -21.314451
v 11.983973 43.480556 -21.4609
v 13.427401 45.965553 -14.402279
v 11.308554 43.905968 -14.210352
v 11.983684 45.339443 -14.307484
v 11.308502 45.498768 -7.1053467
v 13.426147 47.548897 -7.2011323
v 11.983264 46.932533 -7.153794
v 13.5105295 36.880955 -6.9579678
v 11.358586 39.171207 -6.9611025
v 12.056636 37.660503 -6.9424458
v 13.511758 35.37486 -13.915987
v 11.35853 37.638165 -13.922496
v 12.057012 36.139404 -13.884993
v 11.358399 35.894493 -20.884844
v 13.512648 33.662586 -20.874031
v 12.057256 34.410076 -20.827848
v 15.633634 35.724796 -21.163054
v 14.958325 34.295757 -21.016676
v 15.633779 37.42905 -14.107879
v 14.95866 35.99843 -14.010878
v 15.633832 38.926094 -7.0538
v 14.959071 37.495148 -7.005413
v 15.583697 45.26148 -7.198188
v 14.885658 46.770397 -7.2168083
v 15.583746 43.706154 -14.396069
v 14.885271 45.202866 -14.433476
v 15.583883 41.882355 -21.5929
v 14.885065 43.36558 -21.649797
v 7.7625217 84.6872 -94.083206
v 5.809654 84.487 -91.76937
v 5.4393907 84.726555 -96.0349
v 6.3716254 84.622826 -93.272995
v 7.1523867 83.03192 -76.30076
v 9.474739 82.831726 -74.35803
v 7.519537 82.4384 -72.07108
v 6.441885 82.464905 -74.33412
v 7.9650393 82.8961 -74.91646
v 10.084874 84.487 -92.14047
v 9.714612 84.726555 -96.406006
v 10.7611885 84.30565 -94.50034
v 9.272222 84.622826 -93.52477
v 11.427608 83.03192 -76.67187
v 12.466349 82.464905 -74.85706
v 11.794757 82.4384 -72.442184
v 10.865636 82.8961 -75.16824
v 5.8346863 87.57586 -89.13637
v 7.787554 87.77606 -91.4502
v 6.3966565 87.71169 -90.64001
v 9.499771 85.920586 -74.06965
v 7.9900727 85.984955 -74.62807
v 10.109906 87.57586 -89.50747
v 9.297253 87.71169 -90.891785
v 7.804367 88.84274 -88.275665
v 6.4134693 88.778366 -87.46547
v 5.851499 88.64254 -85.96183
v 8.006885 87.79648 -74.43439
v 9.516583 87.73211 -73.87597
v 10.1267185 88.64254 -86.33293
v 9.314065 88.778366 -87.71725
v 7.1827846 86.69891 -75.95056
v 7.7476597 86.02547 -75.041
v 7.172754 85.54516 -76.066124
v 7.1189294 86.18417 -76.58406
v 7.362496 86.27603 -75.680176
v 10.89067 85.98495 -74.87985
v 11.458004 86.69891 -76.32167
v 11.39415 86.18417 -76.95516
v 11.447974 85.54516 -76.437225
v 11.273673 86.26299 -75.880135
v 7.764472 87.83699 -74.84732
v 7.188866 87.35418 -75.88051
v 7.135741 87.9957 -76.39037
v 7.3758574 87.71577 -75.52624
v 11.464087 87.35418 -76.25161
v 10.907481 87.79648 -74.686165
v 11.410961 87.9957 -76.76148
v 11.287034 87.70274 -75.726204
v -7.8116612 -1.7674668 -234.38805
v -7.789036 9.322569 -234.01787
v -7.591132 21.183336 -234.01785
v -3.5138178 9.322569 -234.01787
v -3.5364418 -1.7674671 -234.38805
v -3.315915 21.183336 -234.01788
v -8.590343 9.322569 -235.25557
v -8.393396 21.183332 -235.28561
v -4.3357725 9.322568 -235.9044
v -4.138825 21.183332 -235.93445
v -8.5679455 9.322565 -238.20215
v -10.379928 11.120202 -237.35097
v -9.447455 9.61264 -237.78902
v -10.096704 10.256742 -237.48402
v -10.247829 19.394499 -237.41301
v -8.398412 21.183327 -238.28178
v -9.940347 20.25378 -237.55743
v -9.277698 20.894741 -237.86874
v -6.289404 11.116431 -239.27245
v -7.968767 9.322565 -238.4836
v -6.569494 10.254721 -239.1409
v -7.171215 9.6119375 -238.85823
v -7.777407 21.183327 -238.57349
v -6.157175 19.398876 -239.33458
v -6.990046 20.895435 -238.94334
v -6.409499 20.256063 -239.21605
v -9.753876 9.322562 -239.22272
v -11.380634 11.1011 -238.17918
v -10.544016 9.609517 -238.71587
v -11.126889 10.246779 -238.34195
v -11.252509 19.41463 -238.2614
v -9.586336 21.183323 -239.33017
v -10.974987 20.264223 -238.43942
v -10.377989 20.897957 -238.82237
v -7.4318466 11.098176 -240.71222
v -8.971292 9.322562 -239.72472
v -7.6889725 10.24526 -240.54727
v -8.240557 9.609045 -240.19347
v -8.786777 21.183323 -239.84306
v -7.3036222 19.417961 -240.79446
v -8.065647 20.898493 -240.30565
v -7.534226 20.265951 -240.64656
v -10.975132 9.322561 -240.05513
v -12.428993 11.087643 -238.85155
v -11.68178 9.607345 -239.47012
v -12.202708 10.239785 -239.03888
v -12.306283 19.429905 -238.95311
v -10.812658 21.183321 -240.18962
v -12.05706 20.272161 -239.15944
v -11.521882 20.900421 -239.6025
v -8.660088 11.085335 -241.97163
v -10.059751 9.322561 -240.81293
v -8.894179 10.238585 -241.77785
v -9.395693 9.606972 -241.36267
v -9.8837805 21.183321 -240.9586
v -8.5373 19.432453 -242.0733
v -9.22878 20.90083 -241.50085
v -8.746329 20.273481 -241.90025
v -12.224625 9.322558 -240.69702
v -13.5149 11.07875 -239.36156
v -12.852176 9.605908 -240.0475
v -13.314487 10.235164 -239.569
v -13.398945 19.441547 -239.48157
v -12.069838 21.183317 -240.85725
v -13.176799 20.278208 -239.7115
v -12.700576 20.902296 -240.2044
v -9.962286 11.076878 -243.0386
v -11.222566 9.322558 -241.73418
v -10.17338 10.23419 -242.82011
v -10.624952 9.605605 -242.35272
v -11.056775 21.183317 -241.90579
v -9.846275 19.443512 -243.1587
v -10.467603 20.902613 -242.5156
v -10.033871 20.279228 -242.96454
v -13.49402 9.322558 -241.14607
v -14.627886 11.073719 -239.70438
v -14.045891 9.605095 -240.44438
v -14.452156 10.232548 -239.92781
v -14.51993 19.450483 -239.84166
v -13.349167 21.183315 -241.33028
v -14.323932 20.282848 -240.09088
v -13.904433 20.903734 -240.62424
v -11.325879 11.072135 -243.90285
v -12.447687 9.322558 -242.47649
v -11.514067 10.231725 -243.66357
v -11.9160185 9.60484 -243.1525
v -12.293633 21.183313 -242.67235
v -11.217882 19.452019 -244.04016
v -11.76978 20.903982 -243.33844
v -11.384332 20.283648 -243.82854
v -14.774251 9.322554 -241.39998
v -15.7572155 11.07214 -239.87665
v -15.253014 9.604837 -240.65805
v -15.605211 10.231726 -240.11221
v -15.658395 19.457428 -240.02982
v -14.641279 21.183311 -241.60605
v -15.487796 20.286459 -240.2942
v -15.123362 20.904856 -240.85896
v -12.737712 11.070723 -244.55603
v -13.722475 9.322554 -243.02992
v -12.903185 10.23099 -244.2996
v -13.256028 9.604609 -243.75279
v -13.581605 21.183311 -243.24823
v -12.63886 19.458652 -244.70921
v -13.122274 20.90505 -243.96005
v -12.784479 20.287092 -244.48355
v -16.055908 9.322554 -241.45613
v -16.891989 11.073899 -239.8768
v -16.463427 9.60512 -240.68633
v -16.763002 10.232639 -240.12045
v -16.80333 19.462934 -240.04428
v -15.93643 21.183308 -241.68182
v -16.657677 20.289316 -240.31943
v -16.347057 20.905737 -240.90617
v -14.18416 11.072538 -244.9918
v -15.033652 9.322553 -243.38715
v -14.327121 10.231934 -244.72174
v -14.631501 9.604901 -244.1468
v -14.907318 21.183308 -243.6258
v -14.095475 19.463945 -245.15932
v -14.511564 20.905903 -244.37337
v -14.220675 20.289843 -244.92284
v -17.32943 9.322551 -241.31067
v -18.021263 11.079132 -239.70477
v -17.666933 9.605962 -240.52725
v -17.91482 10.235357 -239.95184
v -17.943674 19.467443 -239.88489
v -17.224768 21.183306 -241.55362
v -17.822624 20.291658 -240.16586
v -17.56503 20.906464 -240.76381
v -15.65126 11.0777235 -245.20605
v -16.367384 9.32255 -243.54376
v -15.771991 10.234626 -244.92581
v -16.028584 9.605735 -244.33022
v -16.256824 21.183306 -243.8004
v -15.573647 19.468313 -245.3862
v -15.923606 20.906603 -244.57388
v -15.67882 20.292109 -245.14207
v -18.584923 9.322551 -240.95708
v -19.134138 11.0882635 -239.36229
v -18.853159 9.607435 -240.17818
v -19.049946 10.240103 -239.60677
v -19.0684 19.471313 -239.55319
v -18.496109 21.183302 -241.21497
v -18.97178 20.293669 -239.83374
v -18.766724 20.907087 -240.42917
v -17.124855 11.086701 -245.1967
v -17.709503 9.32255 -243.49904
v -17.223608 10.239291 -244.90996
v -17.433088 9.6071825 -244.30168
v -17.615816 21.183302 -243.77107
v -17.059095 19.472109 -245.38765
v -17.344116 20.907213 -244.56001
v -17.14464 20.29408 -245.13925
v -19.373032 9.316896 -240.98785
v -19.370552 11.093453 -239.36858
v -19.37184 9.60277 -240.19647
v -19.37095 10.239323 -239.61627
v -19.370552 19.467165 -239.56831
v -19.37304 21.177658 -241.27611
v -19.370953 20.288038 -239.85684
v -19.371845 20.900919 -240.46877
v -19.378902 11.100157 -244.96384
v -19.376476 9.320211 -243.29575
v -19.37851 10.245904 -244.68121
v -19.377642 9.608136 -244.08353
v -19.376472 21.180962 -243.57605
v -19.378902 19.475653 -245.16364
v -19.377638 20.906567 -244.35162
v -19.37851 20.295544 -244.92047
v -341.24512 10.092267 -240.74307
v -341.4219 11.888017 -239.14406
v -341.2729 10.381358 -239.95099
v -341.3362 11.024788 -239.37805
v -342.22888 19.98251 -239.48305
v -342.40112 21.688848 -241.23221
v -342.31085 20.801363 -239.78801
v -342.3726 21.412756 -240.41475
v -342.40448 21.692348 -243.61554
v -342.237 19.989897 -245.24829
v -342.3782 21.418446 -244.40492
v -342.3182 20.808445 -244.98993
v -341.4306 11.895189 -245.1727
v -341.24915 10.095572 -243.50905
v -341.3442 11.031374 -244.89891
v -341.2792 10.386559 -244.30283
v -9.874168 12.1137905 -237.29727
v -9.594541 11.235285 -237.42862
v -9.7738285 18.39884 -237.3444
v -9.469258 19.274164 -237.48749
v -6.347043 18.39536 -238.95412
v -7.9591827 20.221054 -238.19682
v -6.597857 19.272354 -238.83629
v -8.119257 10.284836 -238.12163
v -6.4472876 12.116297 -238.90703
v -6.72638 11.236573 -238.77592
v -343.257 9.5064535 -240.65451
v -343.6572 11.263678 -239.05386
v -343.3208 9.789364 -239.85904
v -343.46417 10.418985 -239.28549
v -345.55783 19.567272 -239.44774
v -345.94315 21.242914 -241.21323
v -345.7422 20.371378 -239.7579
v -345.88022 20.971775 -240.39049
v -345.9465 21.24647 -243.62982
v -345.5657 19.574276 -245.28714
v -345.8858 20.977455 -244.42812
v -345.74936 20.378296 -245.02194
v -343.66617 11.271209 -245.25243
v -343.26123 9.509763 -243.58202
v -343.4724 10.425688 -244.98058
v -343.3273 9.794549 -244.38205
v -345.20822 8.565909 -240.53299
v -345.80542 10.263587 -238.93398
v -345.30377 8.83924 -239.73529
v -345.51776 9.447527 -239.16237
v -348.81308 18.786865 -239.39928
v -349.3885 20.412996 -241.18057
v -349.0887 19.56723 -239.71494
v -349.2949 20.149883 -240.35318
v -349.392 20.416433 -243.66064
v -348.82095 18.79303 -245.3405
v -349.30063 20.155249 -244.46648
v -349.096 19.57357 -245.06839
v -345.8152 10.271671 -245.35832
v -345.21286 8.569342 -243.68639
v -345.52664 9.454549 -245.0897
v -345.31082 8.84459 -244.49065
v -347.11752 7.2060456 -240.37616
v -347.87073 8.838876 -238.77615
v -347.23822 7.4689007 -239.57639
v -347.5081 8.053961 -239.00311
v -351.97028 17.705368 -239.30728
v -352.69788 19.276558 -241.09921
v -352.31906 18.459328 -239.6264
v -352.57977 19.022297 -240.26848
v -352.70142 19.280293 -243.74612
v -351.97763 17.711582 -245.44211
v -352.58536 19.02795 -244.55762
v -352.32602 18.46587 -245.1653
v -347.88135 8.847562 -245.4984
v -347.12277 7.2097836 -243.8237
v -347.51776 8.061446 -245.2315
v -347.24597 7.474624 -244.63145
v -349.0133 5.325563 -240.1829
v -349.89603 6.8887196 -238.5757
v -349.15485 5.5771484 -239.38034
v -349.47113 6.1372313 -238.80446
v -355.17758 16.224112 -239.14641
v -356.0332 17.735228 -240.94095
v -355.58792 16.949203 -239.46536
v -355.8945 17.490648 -240.10835
v -356.03687 17.739475 -243.91716
v -355.18457 16.230825 -245.62009
v -355.9 17.496836 -244.73221
v -355.5946 16.95628 -245.34238
v -349.90775 6.898117 -245.67723
v -349.01947 5.329906 -243.99426
v -349.48193 6.145442 -245.40875
v -349.16367 5.583537 -244.80573
v -350.93695 2.771639 -239.95496
v -351.93445 4.2534657 -238.33492
v -351.09692 3.010024 -239.14897
v -351.4543 3.5409577 -238.56853
v -358.61725 14.165683 -238.91609
v -359.59033 15.608337 -240.70662
v -359.084 14.8578615 -239.23192
v -359.43268 15.374773 -239.87349
v -359.59467 15.613431 -244.17432
v -358.62488 14.173524 -245.87651
v -359.43887 15.381902 -244.99129
v -359.09137 14.865968 -245.6012
v -351.94803 4.264132 -245.8917
v -350.94452 2.7771182 -244.19551
v -351.46698 3.5505445 -245.61873
v -351.10742 3.0177395 -245.01097
v -352.95035 -0.68343276 -239.70142
v -354.0583 0.6885403 -238.06302
v -353.12793 -0.4629454 -238.89134
v -353.52493 0.028642004 -238.3043
v -362.54645 11.185804 -238.61601
v -363.64243 12.540759 -240.39667
v -363.0721 11.835808 -238.92606
v -363.4648 12.321296 -239.56406
v -363.64862 12.547301 -244.5198
v -362.5567 11.195784 -246.21439
v -363.47324 12.330095 -245.33722
v -363.082 11.845838 -245.94441
v -354.07538 0.7017317 -246.13113
v -352.9605 -0.6758944 -244.4169
v -353.54102 0.040837545 -245.85109
v -353.14154 -0.45277068 -245.23688
v -355.1485 -5.3742604 -239.44926
v -356.372 -4.168891 -237.78868
v -355.34433 -5.1809464 -238.63437
v -355.7827 -4.7490554 -238.03937
v -367.36926 6.654416 -238.27184
v -368.6147 7.8796906 -240.03897
v -367.96628 7.241909 -238.57436
v -368.4125 7.680927 -239.20753
v -368.62567 7.889263 -244.92946
v -367.3866 6.6690154 -246.61171
v -368.42697 7.6934533 -245.7464
v -367.983 7.2562265 -246.34917
v -356.3961 -4.1508994 -246.36462
v -355.16342 -5.3632097 -244.62938
v -355.80557 -4.7320538 -246.07587
v -355.3639 -5.1664357 -245.45412
v -357.6537 -11.706857 -239.25996
v -359.00998 -10.768419 -237.58084
v -357.87015 -11.5569515 -238.4408
v -358.3561 -11.220704 -237.83917
v -373.74875 -0.5750018 -238.00829
v -375.20355 0.43240628 -239.76627
v -374.44547 -0.09296025 -238.30533
v -374.9667 0.26800632 -238.93523
v -375.22498 0.45126638 -245.27373
v -373.78168 -0.5463945 -246.94664
v -374.99426 0.29217553 -246.09073
v -374.4771 -0.06529318 -246.69011
v -359.04797 -10.743659 -246.51935
v -357.67767 -11.691628 -244.76802
v -358.39218 -11.197493 -246.22418
v -357.90115 -11.537155 -245.59666
v -361.12143 -15.459979 -239.87755
v -362.492 -14.5111685 -238.19441
v -361.33902 -15.308949 -239.05627
v -361.8301 -14.968986 -238.4532
v -376.02365 -5.1554637 -238.58719
v -377.49106 -4.138751 -240.34895
v -376.72552 -4.6698346 -238.88492
v -377.2513 -4.3055353 -239.51619
v -377.51453 -4.1170835 -244.65569
v -376.06406 -5.119118 -246.33327
v -377.28354 -4.275982 -245.47505
v -376.76382 -4.635013 -246.07616
v -362.53983 -14.482157 -245.94061
v -361.14886 -15.443945 -244.18483
v -361.87512 -14.942122 -245.64452
v -361.37674 -15.286738 -245.01541
v -364.58997 -15.334152 -238.87038
v -363.21075 -16.287767 -240.55579
v -363.92337 -15.795219 -239.1294
v -363.4292 -16.13691 -239.7333
v -377.5304 -6.3806844 -240.96654
v -376.05212 -7.4040236 -239.20285
v -377.28787 -6.5487647 -240.1329
v -376.75818 -6.9154325 -239.50098
v -376.0975 -7.3703785 -245.65742
v -377.55258 -6.3642764 -243.97728
v -376.8005 -6.8840957 -245.39993
v -377.32187 -6.5236096 -244.79791
v -363.23297 -16.271364 -243.56706
v -364.63678 -15.2995405 -245.32501
v -363.46353 -16.111582 -244.39864
v -363.96652 -15.763371 -245.02852
v -9.1494055 12.109176 -236.54623
v -8.118908 10.57918 -236.86366
v -8.836067 11.232853 -236.64275
v -9.045844 18.4032 -236.57845
v -8.707616 19.27641 -236.68266
v -7.977706 19.92776 -236.90752
v -5.5161014 18.399864 -237.66568
v -6.416245 19.927221 -237.38847
v -5.7890143 19.274673 -237.58163
v -5.619256 12.111576 -237.63377
v -5.921389 11.234101 -237.54068
v -6.5711684 10.579568 -237.34047
v -8.353044 11.915449 -235.54356
v -8.589318 9.327262 -235.25696
v -7.4122033 10.547926 -235.68704
v -8.066884 11.132185 -235.58722
v -8.242207 18.590454 -235.56049
v -6.372555 20.221062 -235.84561
v -8.39252 21.178604 -235.28697
v -7.931932 19.373716 -235.60782
v -7.262023 19.957975 -235.70998
v -6.357495 20.221062 -235.8479
v -4.6779914 18.590483 -236.10403
v -4.1411443 21.178974 -235.93524
v -5.542101 19.957977 -235.97226
v -4.940315 19.373728 -236.06403
v -4.788826 11.915419 -236.08716
v -6.5259037 10.284839 -235.82222
v -4.3379745 9.3269825 -235.90521
v -5.0777316 11.132169 -236.04309
v -5.700133 10.54792 -235.94817
v -9.030726 11.915415 -236.40569
v -7.386019 10.284836 -236.91223
v -8.773832 11.132166 -236.48482
v -8.184517 10.547918 -236.66632
v -7.231462 20.221058 -236.95961
v -8.922075 18.59048 -236.43895
v -8.035076 19.957975 -236.7121
v -8.64084 19.373728 -236.52554
v -5.424805 18.590502 -237.51605
v -6.9843183 20.221058 -237.0357
v -5.6679206 19.37374 -237.44116
v -6.2267075 19.957977 -237.26904
v -7.1482778 10.284836 -236.98544
v -5.5337586 11.915392 -237.48262
v -6.381248 10.547914 -237.22165
v -5.8027525 11.1321535 -237.3998
v -7.126142 9.983466 235.84981
v -7.126142 20.532484 235.84981
v -6.494301 9.983466 236.0191
v -6.494301 20.532484 236.0191
v -6.031761 9.983466 236.48166
v -6.031761 20.532484 236.48166
v -5.86246 10.003026 237.1135
v -5.86246 20.508295 237.1135
v -6.031761 10.003026 237.74533
v -6.031761 20.508295 237.74533
v -6.494301 9.983467 238.20789
v -6.494301 20.532484 238.20789
v -7.126142 9.983467 238.37718
v -7.126142 20.532484 238.37718
v -7.757983 9.983467 238.20789
v -7.757983 20.532484 238.20789
v -8.220523 9.983466 237.74533
v -8.220523 20.532484 237.74533
v -8.389824 10.003026 237.1135
v -8.389824 20.508295 237.1135
v -8.220523 10.003026 236.48166
v -8.220523 20.508295 236.48166
v -7.757983 9.983466 236.0191
v -7.757983 20.532484 236.0191
v -7.126142 9.778802 236.15129
v -6.6450334 9.778802 236.2802
v -6.6450334 20.737152 236.2802
v -7.126142 20.737152 236.15129
v -6.292837 9.778802 236.6324
v -6.292837 20.737152 236.63239
v -6.1639247 9.778802 237.1135
v -6.1639247 20.737152 237.1135
v -6.292837 9.778802 237.5946
v -6.292837 20.737152 237.5946
v -6.6450334 9.778802 237.94682
v -6.6450334 20.737152 237.94682
v -7.126142 9.778802 238.07573
v -7.126142 20.737152 238.07573
v -7.6072507 9.778802 237.94682
v -7.6072507 20.737152 237.94682
v -7.9594464 9.778802 237.5946
v -7.9594464 20.737152 237.5946
v -8.088359 9.778802 237.1135
v -8.088359 20.737152 237.1135
v -7.9594464 9.778802 236.6324
v -7.9594464 20.737152 236.63239
v -7.6072507 9.778802 236.2802
v -7.6072507 20.737152 236.2802
v -7.9594464 10.003026 236.6324
v -8.088359 10.003026 237.1135
v -6.292837 20.508295 237.5946
v -6.1639247 20.508295 237.1135
v -6.292837 10.003026 237.5946
v -6.1639247 10.003026 237.1135
v -7.9594464 20.508295 236.63239
v -8.088359 20.508295 237.1135
v -5.75165 -20.904865 36.180164
v -8.189001 -26.099344 39.846592
v -5.9177527 -25.629744 42.02178
v -10.794992 -28.944443 43.181877
v -13.010611 -28.893925 45.780544
v -13.594606 -14.2682295 47.58481
v -12.535867 -7.0334377 44.917393
v -10.477694 4.418111 35.64794
v -5.600454 7.7328134 34.487843
v -5.5113864 7.242614 29.852556
v -3.2401388 7.7122145 32.027744
v -4.717208 -17.672367 34.402184
v -2.44596 -17.202765 36.57737
v -6.9241867 -23.749327 38.018578
v -9.78941 -28.798971 46.74862
v -14.129114 -28.007353 46.46092
v -13.754895 -17.7299 48.499504
v -15.453699 -11.125897 44.199482
v -11.678238 -3.5392616 43.267525
v -9.169454 6.1765265 33.90231
v -6.8982058 6.6461287 36.0775
v -7.1730614 7.632278 33.440254
v -2.2663329 6.7957215 31.208776
v -3.0877204 2.4682493 28.352594
v -1.1535745 -0.354698 29.229546
v -0.36930293 -3.012129 31.345392
v -3.2129955 -10.555331 31.295063
v -0.9417474 -10.08573 33.47025
v -5.783952 5.952995 30.415558
v -3.5127044 6.422598 32.590744
v -10.611495 -27.164625 47.25416
v -5.1681256 -23.833141 38.67673
v -11.025696 -29.250021 45.303814
v -13.418161 -27.791243 47.486988
v -8.507767 6.6143055 35.218403
v -3.3360868 7.2582455 32.225918
v -0.8844919 -3.565545 29.828382
v -5.607335 6.788641 30.05073
v -6.129459 4.3182664 31.12924
v -4.9202814 -0.23721474 35.498287
v -9.203917 -20.504812 44.346645
v -3.8595788 -14.178204 -32.75239
v -1.5883293 -13.708603 -34.92758
v -3.4804032 -20.435276 -38.355396
v -8.523746 -28.474863 -45.35713
v -13.010611 -28.893946 -45.780605
v -10.884057 -28.454264 -47.817226
v -14.984433 -26.389994 -47.004887
v -12.713182 -25.920391 -49.180073
v -15.865853 -14.737849 -45.409653
v -14.807117 -7.5030575 -42.742275
v -12.535867 -7.0334554 -44.91744
v -8.206446 4.887698 -37.8232
v -3.2401388 7.712203 -32.027794
v -3.6822596 4.708733 -28.489758
v -2.7366188 -0.30193794 -28.584074
v -0.465367 0.16765988 -30.759287
v -0.52958876 -6.4738116 -32.260178
v -4.717203 -17.672384 -34.402225
v -4.6529374 -23.279741 -40.193817
v -12.060656 -29.268585 -44.573467
v -11.857864 -27.537767 -48.63617
v -14.294153 -26.060492 -48.149796
v -15.578977 -24.1495 -47.141975
v -13.30772 -23.679895 -49.317165
v -15.278028 -20.864426 -48.405598
v -16.02614 -18.199514 -46.324368
v -15.186254 -14.100739 -47.198006
v -15.453702 -11.125915 -44.199535
v -14.103192 -6.8200064 -44.64762
v -13.949485 -4.0088797 -41.092396
v -9.471258 2.5376806 -39.651203
v -9.169455 6.1765137 -33.90236
v -6.898207 6.6461167 -36.07755
v -6.60604 7.587331 -30.921175
v -4.3347855 8.0569315 -33.096363
v -4.6250315 7.5232806 -30.636383
v -4.5375795 6.326114 -29.033663
v -2.4797697 4.770579 -29.157568
v -3.212999 -10.555344 -31.295107
v -6.6071534 2.0580807 -32.116055
v -7.8579426 -3.859898 -34.699703
v -12.059537 -23.73934 -43.378586
v -5.5866957 -3.3902974 -36.87489
v -8.537498 -17.351763 -42.97013
v -9.78829 -23.269735 -45.553776
v -5.1681213 -23.833157 -38.67678
v -8.105171 -27.870914 -42.243073
v -14.918324 -23.716663 -48.46024
v -15.364748 -17.615875 -47.981426
v -13.25295 -3.337718 -42.96696
v -11.08111 2.6517267 -39.13307
v -5.8671703 7.935536 -31.889584
v -0.8844882 -3.5655563 -29.828428
v -7.1915293 -0.7068271 -33.323143
v -10.085453 -14.399144 -39.30089
v -11.4751625 -20.974432 -42.171497
v -12.537238 -25.999514 -44.36533
v -4.920279 -0.2372263 -35.498333
v -6.309995 -6.8125114 -38.36894
v -7.8142085 -13.9295435 -41.47608
v -9.203917 -20.504831 -44.346687
v -10.788109 -28.000284 -47.61903
v -6.400016 -11.912932 42.56505
v -6.073579 -12.149616 42.176464
v -5.990901 -12.31533 41.647995
v -6.1741357 -12.365671 41.121235
v -6.5741844 -12.287151 40.737347
v -7.083856 -12.100809 40.59917
v -7.5665846 -11.856579 40.743748
v -7.893022 -11.619895 41.132343
v -7.9757013 -11.454182 41.660812
v -7.792467 -11.40384 42.18756
v -7.392417 -11.48236 42.57145
v -6.882745 -11.668702 42.709637
v -6.050043 -11.090164 42.36355
v -5.72204 -11.3231735 41.974056
v -5.638695 -11.487322 41.445198
v -5.822341 -11.5386305 40.918697
v -6.2237716 -11.463349 40.535595
v -6.7354217 -11.281648 40.398563
v -7.2201953 -11.042215 40.544308
v -7.5481997 -10.809206 40.93379
v -7.6315446 -10.645058 41.46265
v -7.4478984 -10.593747 41.989174
v -7.0464687 -10.669031 42.372276
v -6.5348186 -10.85073 42.509308
v -5.6999316 -10.247903 42.15858
v -5.370989 -10.47866 41.768566
v -5.287224 -10.641804 41.239452
v -5.47108 -10.693615 40.713074
v -5.8732944 -10.620214 40.330437
v -6.3860936 -10.44127 40.194073
v -6.8720737 -10.204726 40.34052
v -7.201017 -9.973969 40.73056
v -7.284782 -9.810825 41.25966
v -7.1009254 -9.759014 41.786053
v -6.6987114 -9.832414 42.16869
v -6.185912 -10.011359 42.305054
v -5.348833 -9.394499 41.95173
v -5.0195947 -9.624541 41.561535
v -4.9356594 -9.78727 41.03233
v -5.1195154 -9.839081 40.505924
v -5.521901 -9.766092 40.123383
v -6.034993 -9.587861 39.987198
v -6.5213146 -9.352145 40.133846
v -6.8505526 -9.122103 40.524067
v -6.93449 -8.959374 41.053272
v -6.750633 -8.907561 41.579655
v -6.3482485 -8.980552 41.962196
v -5.835154 -9.158783 42.09838
v -4.9958663 -8.537566 41.74434
v -4.6669064 -8.768281 41.3543
v -4.583022 -8.931131 40.82512
v -4.766688 -8.98248 40.29862
v -5.1686907 -8.90857 39.915848
v -5.681316 -8.729204 39.77939
v -6.167205 -8.492442 39.925793
v -6.4961643 -8.261726 40.31583
v -6.5800495 -8.098874 40.845013
v -6.396384 -8.047524 41.371525
v -5.994381 -8.121434 41.754272
v -5.4817557 -8.300803 41.890755
v -4.640277 -7.684379 41.537773
v -4.3121433 -7.917073 41.148197
v -4.228519 -8.080547 40.619183
v -4.411809 -8.130997 40.092457
v -4.8129015 -8.054909 39.709164
v -5.3243265 -7.872666 39.572002
v -5.809044 -7.6331043 39.717735
v -6.1371784 -7.4004107 40.1073
v -6.220804 -7.236939 40.636326
v -6.037514 -7.186488 41.16304
v -5.6364202 -7.262578 41.546333
v -5.1249967 -7.4448175 41.683483
v -4.28143 -6.8418765 41.333305
v -3.9546783 -7.0778065 40.94452
v -3.8715243 -7.242384 40.415775
v -4.0542474 -7.2915087 39.888718
v -4.453889 -7.21202 39.504612
v -4.9633646 -7.0252147 39.36634
v -5.44616 -6.7811484 39.51098
v -5.7729115 -6.5452185 39.899742
v -5.856066 -6.380641 40.42851
v -5.6733427 -6.3315163 40.955544
v -5.273701 -6.4110065 41.339672
v -4.764226 -6.5978103 41.477943
v -3.9188 -6.0166335 41.132164
v -3.594029 -6.257058 40.744484
v -3.5115705 -6.4232135 40.216114
v -3.6935203 -6.4705815 39.68865
v -4.091124 -6.386466 39.303387
v -4.597845 -6.193411 39.1636
v -5.0779076 -5.94314 39.306725
v -5.40268 -5.702714 39.694405
v -5.485137 -5.5365586 40.222763
v -5.303188 -5.4891906 40.75024
v -4.905584 -5.5733047 41.13549
v -4.398863 -5.7663627 41.275288
v -3.551988 -5.214862 40.935528
v -3.2298698 -5.461069 40.549267
v -3.1483595 -5.6292915 40.02142
v -3.329297 -5.674454 39.493393
v -3.7242017 -5.584457 39.106705
v -4.227259 -5.3834124 38.96494
v -4.703675 -5.12519 39.106133
v -5.025794 -4.8789825 39.492393
v -5.1073036 -4.71076 40.02024
v -4.9263663 -4.665596 40.548267
v -4.531461 -4.7555947 40.934956
v -4.028404 -4.95664 41.0767
v -3.1807117 -4.442411 40.74452
v -2.8620315 -4.695753 40.360012
v -2.781762 -4.866549 39.832794
v -2.9614096 -4.909034 39.304115
v -3.3528395 -4.8118243 38.915634
v -3.8511672 -4.600969 38.77146
v -4.322867 -4.332964 38.91022
v -4.6415467 -4.079622 39.29471
v -4.7218175 -3.9088259 39.821934
v -4.5421696 -3.8663397 40.350616
v -4.15074 -3.9635487 40.739082
v -3.6524122 -4.1744046 40.883278
v -2.8048222 -3.7047575 40.56019
v -2.490525 -3.966675 40.177834
v -2.4118452 -4.1405835 39.651394
v -2.5898654 -4.179884 39.121914
v -2.9768846 -4.074044 38.731277
v -3.469202 -3.8514268 38.58415
v -3.9349 -3.571683 38.71998
v -4.249197 -3.3097637 39.10233
v -4.3278775 -3.1358564 39.62877
v -4.1498585 -3.0965562 40.15825
v -3.7628386 -3.2023945 40.548885
v -3.270521 -3.4250119 40.696003
v -2.4243221 -3.007009 40.38352
v -2.1155674 -3.279058 40.00373
v -2.0389073 -3.4566576 39.47823
v -2.2148833 -3.4922194 38.947796
v -2.5963404 -3.3762155 38.554596
v -3.0810692 -3.1397295 38.403965
v -3.5391874 -2.8461258 38.536263
v -3.8479414 -2.5740783 38.916065
v -3.9246018 -2.3964772 39.441563
v -3.748627 -2.360914 39.971996
v -3.3671696 -2.4769166 40.365196
v -2.8824396 -2.7134054 40.515827
v -2.03939 -2.3538866 40.215492
v -1.7376285 -2.6377568 39.83873
v -1.6635228 -2.8196762 39.314354
v -1.8369298 -2.8508956 38.7828
v -2.2113853 -2.7230544 38.386547
v -2.6865537 -2.4704037 38.231754
v -3.1351137 -2.1606443 38.359905
v -3.4368758 -1.8767726 38.73664
v -3.5109818 -1.6948546 39.261044
v -3.3375752 -1.6636337 39.792572
v -2.9631197 -1.7914752 40.18885
v -2.487951 -2.0441258 40.34362
v -1.6504012 -1.7497221 40.05697
v -1.3574667 -2.0472462 39.683807
v -1.2865912 -2.2341619 39.160717
v -1.4567662 -2.2603836 38.627865
v -1.8223941 -2.1188853 38.228035
v -2.2855031 -1.8475813 38.06833
v -2.7220051 -1.5191672 38.19157
v -3.0149407 -1.2216431 38.564743
v -3.0858154 -1.0347273 39.087833
v -2.9156413 -1.0085042 39.620674
v -2.550015 -1.1500025 40.020515
v -2.0869043 -1.4213079 40.180206
v -1.2579716 -1.1984164 39.90879
v -0.97620225 -1.5115539 39.539825
v -0.90941787 -1.7041888 39.018272
v -1.0755125 -1.7247047 38.483883
v -1.4299814 -1.5676019 38.079845
v -1.8778462 -1.2749789 37.91442
v -2.2990997 -0.9252412 38.031914
v -2.5808697 -0.61210215 38.400875
v -2.647654 -0.4194658 38.922417
v -2.4815598 -0.3989498 39.45681
v -2.1270905 -0.5560512 39.860855
v -1.6792264 -0.8486772 40.02627
v -0.8629888 -0.7033894 39.771687
v -0.5953752 -1.0341789 39.407646
v -0.53377974 -1.2332838 38.887894
v -0.69470704 -1.2473551 38.351704
v -1.0350369 -1.0726256 37.94279
v -1.4635779 -0.7559104 37.770676
v -1.8655032 -0.3820745 37.881493
v -2.133117 -0.051285055 38.24556
v -2.1947117 0.14781988 38.765285
v -2.0337842 0.16189411 39.30148
v -1.6934555 -0.012838331 39.710415
v -1.2649138 -0.32955354 39.88253
v -0.46663806 -0.26749918 39.6464
v -0.21698773 -0.6179254 39.288
v -0.16197935 -0.82423204 38.770306
v -0.31635314 -0.83114177 38.232075
v -0.63874424 -0.63679945 37.81749
v -1.042768 -0.2932815 37.637665
v -1.4201674 0.10736603 37.74077
v -1.6698171 0.4577937 38.09917
v -1.7248259 0.6640989 38.61686
v -1.5704532 0.67100865 39.15508
v -1.2480624 0.47666627 39.569675
v -0.84403825 0.13314836 39.749493
v -0.070396066 0.107114494 39.53346
v 0.15650988 -0.26466656 39.181496
v 0.20317957 -0.47880378 38.666176
v 0.05710423 -0.47792023 38.1256
v -0.24257377 -0.2622528 37.704575
v -0.61555576 0.11041179 37.515938
v -0.96190274 0.54021645 37.61022
v -1.1888106 0.9119975 37.962185
v -1.2354784 1.1261348 38.47748
v -1.089403 1.1252512 39.01808
v -0.7897258 0.90958375 39.439106
v -0.41674376 0.5369191 39.627743
v 0.32408237 0.4192238 39.433266
v 0.52241534 0.025012007 39.088535
v 0.55860806 -0.19734916 38.575863
v 0.422962 -0.18827891 38.03264
v 0.15182495 0.049793888 37.604404
v -0.18215328 0.45307738 37.405907
v -0.48948303 0.91350985 37.490345
v -0.687816 1.3077202 37.83507
v -0.7240087 1.5300828 38.347733
v -0.5883634 1.5210096 38.890957
v -0.3172256 1.2829382 39.319195
v 0.016751885 0.87965626 39.51769
v 0.71522224 0.6687199 39.346016
v 0.8782141 0.2521638 39.009117
v 0.9014562 0.021614445 38.499332
v 0.7787183 0.03884755 37.95323
v 0.54289174 0.29924378 37.517166
v 0.257162 0.73303145 37.307953
v -0.0019080937 1.2239755 37.381695
v -0.16490072 1.6405301 37.71857
v -0.18814206 1.871081 38.228355
v -0.06540492 1.8538493 38.774456
v 0.17042235 1.5934516 39.21052
v 0.45615137 1.1596639 39.419735
v 1.1020147 0.8567218 39.27157
v 1.2224383 0.4196767 38.942837
v 1.2300909 0.18162459 38.43603
v 1.1229165 0.20634702 37.886967
v 0.92963725 0.4872249 37.442745
v 0.7020414 0.948994 37.222397
v 0.50111115 1.4679254 37.284992
v 0.38068667 1.9049691 37.61374
v 0.3730364 2.1430242 38.120533
v 0.4802078 2.1183002 38.66961
v 0.6734878 1.8374238 39.11382
v 0.90108514 1.3756548 39.334152
v 1.4846563 0.9853889 39.209522
v 1.5557594 0.5319271 38.88874
v 1.5453584 0.2878654 38.384853
v 1.4562414 0.31859896 37.832855
v 1.3122864 0.6158949 37.380672
v 1.1520677 1.1000917 37.149452
v 1.0185137 1.6414495 37.201153
v 0.9474106 2.0949128 37.521935
v 0.9578109 2.338976 38.02582
v 1.0469288 2.3082423 38.57781
v 1.1908829 2.0109448 39.030003
v 1.3511025 1.5267481 39.26121
v 1.8650316 1.0572349 39.159153
v 1.8818237 0.593606 38.84554
v 1.8515639 0.34582496 38.344288
v 1.7823584 0.38028678 37.789665
v 1.6927533 0.68775725 37.330307
v 1.606755 1.1858464 37.089275
v 1.5474095 1.741095 37.13118
v 1.5306168 2.2047238 37.444782
v 1.5608765 2.4525034 37.946045
v 1.630082 2.41804 38.50068
v 1.7196879 2.1105726 38.96004
v 1.8056855 1.6124849 39.201057
v 2.2465818 1.0741372 39.119793
v 2.2070327 0.608005 38.812016
v 2.1561913 0.35931197 38.312878
v 2.107682 0.39469022 37.756123
v 2.0744994 0.7046686 37.29093
v 2.0655394 1.2061836 37.041973
v 2.0831995 1.7648534 37.075924
v 2.1227486 2.2309856 37.383736
v 2.17359 2.4796815 37.882877
v 2.2221007 2.4443004 38.439632
v 2.2552803 2.1343236 38.904797
v 2.2642426 1.6328101 39.153767
v 2.633371 1.0365639 39.091026
v 2.5389009 0.575665 38.787354
v 2.4680235 0.32887933 38.28969
v 2.43973 0.36233383 37.731434
v 2.4616003 0.667067 37.262142
v 2.5277748 1.1614219 37.00757
v 2.6205227 1.7129422 37.035892
v 2.7149909 2.1738427 37.33958
v 2.785869 2.4206297 37.83723
v 2.8141646 2.3871753 38.3955
v 2.7922935 2.0824437 38.86479
v 2.726119 1.5880842 39.119373
v 3.028755 0.9435807 39.072704
v 2.8837695 0.49439704 38.771404
v 2.7944894 0.2518761 38.27462
v 2.7848384 0.28100926 37.71548
v 2.8574028 0.5739869 37.24381
v 2.9927359 1.0523037 36.985992
v 3.1545787 1.5877993 37.011097
v 3.299562 2.0369873 37.31239
v 3.3888438 2.2795053 37.80918
v 3.3984945 2.2503736 38.368332
v 3.3259332 1.9573976 38.839996
v 3.190598 1.4790777 39.09783
v 3.4344532 0.79360795 39.065075
v 3.245186 0.360604 38.764633
v 3.1398065 0.123970486 38.26816
v 3.1465502 0.1471104 37.7087
v 3.2636106 0.4238264 37.236153
v 3.459619 0.87997025 36.977123
v 3.682059 1.3933197 37.001038
v 3.871327 1.8263236 37.30148
v 3.9767065 2.0629573 37.797962
v 3.9699628 2.0398173 38.357414
v 3.8529053 1.7631013 38.82997
v 3.656894 1.3069574 39.08899
v 3.8504198 0.58537763 39.06839
v 3.6236973 0.17095095 38.767685
v 3.5047255 -0.058945738 38.27113
v 3.525391 -0.042708036 37.711765
v 3.6801531 0.21530996 37.239468
v 3.9275446 0.6459758 36.98082
v 4.201275 1.1338891 37.00509
v 4.428001 1.5483172 37.305798
v 4.5469704 1.7782139 37.80235
v 4.5263042 1.7619761 38.361717
v 4.3715425 1.5039582 38.83401
v 4.1241536 1.0732923 39.09267
v 4.2752876 0.31857532 39.08291
v 4.0176044 -0.07656181 38.781178
v 3.887435 -0.2994803 38.284256
v 3.9196625 -0.2904458 37.72527
v 4.10565 -0.051882755 37.254025
v 4.395563 0.35228437 36.99677
v 4.7117195 0.8137659 37.022472
v 4.969405 1.2089045 37.32419
v 5.099573 1.431823 37.821114
v 5.067347 1.4227899 38.38011
v 4.881358 1.184227 38.851345
v 4.591447 0.7800583 39.108597
v 4.7069592 -0.005970484 39.10873
v 4.4240093 -0.3822353 38.80552
v 4.2847357 -0.59835136 38.30805
v 4.326455 -0.59640837 37.74961
v 4.537989 -0.37692922 37.27988
v 4.8626566 0.0012785912 37.02469
v 5.2134657 0.4368753 37.05239
v 5.4964156 0.8131416 37.355625
v 5.635692 1.0292562 37.853085
v 5.5939717 1.0273147 38.4115
v 5.382438 0.807834 38.881252
v 5.0577683 0.42962623 39.136456
v 5.1430593 -0.3863703 39.145733
v 4.839595 -0.74483716 38.840805
v 4.6929607 -0.9545651 38.3427
v 4.7424436 -0.9593604 37.784946
v 4.9747877 -0.7579355 37.316944
v 5.3277373 -0.40426394 37.064125
v 5.7067184 0.00689038 37.09419
v 6.0101824 0.36535722 37.399147
v 6.1568184 0.5750867 37.89723
v 6.107333 0.57988197 38.454998
v 5.87499 0.3784556 38.923
v 5.5220394 0.024782544 39.17583
v 5.5812044 -0.819854 39.193665
v 5.261071 -1.1619042 38.886906
v 5.1084886 -1.3657761 38.38817
v 5.1643414 -1.3768418 37.831104
v 5.413662 -1.1921375 37.364937
v 5.7896433 -0.86115295 37.11462
v 6.191549 -0.47257683 37.14719
v 6.511679 -0.13052808 37.45395
v 6.6642656 0.07334374 37.952686
v 6.608412 0.08441092 38.50974
v 6.3590927 -0.10029486 38.975906
v 5.98311 -0.43127793 39.226234
v 6.019105 -1.3029497 39.252068
v 5.6853757 -1.6300555 38.943516
v 5.527976 -1.828633 38.44416
v 5.5890813 -1.8454744 37.887775
v 5.852318 -1.676066 37.423454
v 6.2471538 -1.3657986 37.17562
v 6.66779 -0.99781144 37.210705
v 7.001519 -0.67070407 37.519253
v 7.1589174 -0.47212666 38.01861
v 7.097812 -0.45528677 38.574993
v 6.8345757 -0.6246965 39.039314
v 6.439741 -0.934961 39.28715
v 6.454587 -1.8315966 39.320446
v 6.109701 -2.145199 39.010155
v 5.9483824 -2.339038 38.510166
v 6.0138626 -2.3611708 37.954475
v 6.2885942 -2.2056696 37.491955
v 6.6989617 -1.9142016 37.246548
v 7.1350083 -1.5648618 37.284004
v 7.479897 -1.2512578 37.59432
v 7.6412125 -1.0574204 38.094296
v 7.575732 -1.0352846 38.65
v 7.3010044 -1.1907872 39.112507
v 6.8906364 -1.4822583 39.357914
v 6.8855867 -2.4012456 39.39812
v 6.5314755 -2.7026904 39.086163
v 6.3669577 -2.8923092 38.5856
v 6.43612 -2.9192936 38.030563
v 6.7204266 -2.7764156 37.569775
v 7.1436987 -2.5019584 37.326683
v 7.5925245 -2.1694615 37.36644
v 7.9466386 -1.8680184 37.67841
v 8.111158 -1.6783994 38.178955
v 8.041994 -1.6514134 38.733994
v 7.757689 -1.7942916 39.194786
v 7.3344126 -2.0687501 39.437878
v 7.310112 -3.0068974 39.48435
v 6.9483147 -3.2974045 39.170837
v 6.7811713 -3.4832833 38.669754
v 6.853467 -3.5147321 38.11535
v 7.1458325 -3.3833234 37.656178
v 7.579927 -3.1242666 37.41528
v 8.039437 -2.8069763 37.457203
v 8.401235 -2.516472 37.770714
v 8.5683775 -2.330592 38.271797
v 8.496082 -2.299143 38.826202
v 8.203716 -2.4305518 39.285374
v 7.7696233 -2.6896083 39.52627
v 7.726219 -3.6431382 39.578297
v 7.357971 -3.9237971 39.263332
v 7.188663 -4.1063766 38.76176
v 7.263666 -4.1419563 38.207962
v 7.5628815 -4.020999 37.75035
v 8.006135 -3.7759182 37.511505
v 8.474654 -3.4723816 37.55547
v 8.842905 -3.1917226 37.87042
v 9.012214 -3.009143 38.371994
v 8.937211 -2.9735637 38.925804
v 8.637995 -3.0945191 39.383423
v 8.194741 -3.3396015 39.62226
v 8.131975 -4.3041387 39.67906
v 7.758269 -4.575921 39.362755
v 7.5871797 -4.7556024 38.86074
v 7.664552 -4.795034 38.307537
v 7.969652 -4.6836524 37.85137
v 8.420732 -4.4513 37.614464
v 8.896926 -4.1602387 37.660324
v 9.270634 -3.8884563 37.976646
v 9.441725 -3.708775 38.47866
v 9.364353 -3.6693435 39.031864
v 9.059249 -3.7807252 39.48803
v 8.608167 -4.013076 39.72491
v 8.525452 -4.9836764 39.78567
v 8.147092 -5.2474403 39.468086
v 7.9745307 -5.4245872 38.96569
v 8.054012 -5.4676547 38.413048
v 8.364232 -5.365099 37.95828
v 8.822073 -5.144402 37.72321
v 9.3048525 -4.8647 37.770844
v 9.683211 -4.600939 38.088406
v 9.855771 -4.423791 38.590824
v 9.776291 -4.3807235 39.14348
v 9.466071 -4.483279 39.59825
v 9.00823 -4.7039742 39.83332
v 8.904688 -5.6751275 39.89705
v 8.522338 -5.931621 39.57831
v 8.348578 -6.1065803 39.075542
v 8.429965 -6.1531196 38.52347
v 8.744691 -6.0587687 38.07001
v 9.208429 -5.8488145 37.836685
v 9.6969185 -5.57951 37.88599
v 10.079269 -5.3230147 38.204742
v 10.25303 -5.148056 38.707508
v 10.171643 -5.1015177 39.25958
v 9.856915 -5.195866 39.71304
v 9.393179 -5.405822 39.946365
v 9.267703 -6.3714557 40.012085
v 8.881906 -6.62135 39.69225
v 8.7071705 -6.794443 39.18916
v 8.790318 -6.8443546 38.637638
v 9.109068 -6.757712 38.185455
v 9.5780115 -6.557734 37.953785
v 10.071498 -6.298001 38.00466
v 10.457295 -6.0481067 38.3245
v 10.632028 -5.875015 38.827576
v 10.548881 -5.825102 39.37911
v 10.23013 -5.9117446 39.83127
v 9.761186 -6.111724 40.062965
v 9.61245 -7.0652213 40.12953
v 9.2236595 -7.3090935 39.80868
v 9.048158 -7.4806404 39.305332
v 9.132965 -7.533894 38.75438
v 9.455365 -7.454584 38.303448
v 9.928958 -7.2639613 38.073326
v 10.426863 -7.013106 38.125744
v 10.81565 -6.7692323 38.446594
v 10.991153 -6.5976853 38.94992
v 10.906344 -6.5444317 39.50087
v 10.583951 -6.6237416 39.951828
v 10.110352 -6.8143644 40.181923
v 9.936842 -7.7485437 40.24812
v 9.54544 -7.986916 39.926315
v 9.369354 -8.157239 39.422764
v 9.455771 -8.213881 38.872387
v 9.781536 -8.141656 38.42268
v 10.259356 -7.9599214 38.19411
v 10.761203 -7.7173753 38.247967
v 11.152606 -7.4789996 38.569775
v 11.3286915 -7.3086796 39.073326
v 11.242275 -7.252037 39.62368
v 10.916512 -7.3242598 40.073395
v 10.438689 -7.5059943 40.301956
v 10.238707 -8.413104 40.36647
v 9.845008 -8.646428 40.043762
v 9.668528 -8.815883 39.540077
v 9.756549 -8.876052 38.990334
v 10.085492 -8.8108225 38.541866
v 10.56721 -8.637668 38.314846
v 11.072636 -8.402988 38.370087
v 11.466333 -8.169664 38.6928
v 11.642814 -8.000211 39.19648
v 11.554791 -7.94004 39.746216
v 11.225849 -8.005268 40.19469
v 10.744127 -8.178424 40.421715
v 10.515793 -9.050106 40.483154
v 10.120074 -9.278787 40.159595
v 9.943387 -9.447761 39.655807
v 10.0330715 -9.511747 39.106766
v 10.365097 -9.453607 38.659588
v 10.850498 -9.288914 38.434124
v 11.359213 -9.0618 38.49075
v 11.754933 -8.8331175 38.81431
v 11.931621 -8.664147 39.318096
v 11.841939 -8.600159 39.86714
v 11.509911 -8.658299 40.314293
v 11.024511 -8.822991 40.53978
v 10.765748 -9.6502 40.59657
v 10.368243 -9.874591 40.2722
v 10.191554 -10.04357 39.7684
v 10.283032 -10.111859 39.22018
v 10.618157 -10.061162 38.77441
v 11.107141 -9.905061 38.550568
v 11.618954 -9.685387 38.6086
v 12.0164585 -9.460999 38.93297
v 12.193147 -9.292016 39.436783
v 12.101671 -9.223727 39.98499
v 11.766544 -9.274424 40.430737
v 11.277562 -9.430526 40.654613
v 10.986064 -10.20337 40.705013
v 10.586972 -10.423779 40.37986
v 10.410545 -10.593408 39.8762
v 10.504057 -10.666811 39.32897
v 10.842451 -10.624316 38.884846
v 11.3350525 -10.477313 38.66277
v 11.84987 -10.265189 38.72229
v 12.248963 -10.04478 39.047447
v 12.425391 -9.875148 39.551105
v 12.331879 -9.801744 40.098335
v 11.993485 -9.844237 40.54246
v 11.500885 -9.991246 40.764538
v 11.174238 -10.699242 40.8067
v 10.773706 -10.915851 40.48076
v 10.597807 -11.086875 39.977398
v 10.693669 -11.166483 39.431454
v 11.035607 -11.133348 38.989235
v 11.532005 -10.996347 38.769222
v 12.049844 -10.79219 38.83039
v 12.4503765 -10.575581 39.15632
v 12.626274 -10.404556 39.659706
v 12.530411 -10.324945 40.205635
v 12.188471 -10.358083 40.647854
v 11.692076 -10.495084 40.867867
v -5.0407534 -12.9115095 43.824593
v -3.9727707 -11.411505 44.701042
v -6.0048943 -11.54237 44.811226
v -6.242036 -8.023812 44.616604
v -4.209913 -7.892947 44.50643
v -9.8017025 -8.84315 41.124153
v -2.257694 -8.023813 39.761665
v -7.3018813 -7.5304937 37.89771
v -9.1276865 -11.904096 42.419567
v -9.367368 -8.347883 42.22287
v -4.975501 -11.904097 37.3601
v -5.819409 -13.386195 38.592102
v -5.215181 -8.347884 37.163403
v -1.9795463 -12.443264 41.79839
v -2.3512077 -6.928783 41.49337
v -6.5962963 -13.201966 42.56939
v -6.175492 -9.78186 44.79958
v -9.157816 -7.305207 41.824234
v -9.163673 -7.0347033 40.37752
v -9.416963 -8.217134 40.54967
v -5.1850514 -12.94677 37.758747
v -6.5581484 -13.372811 38.073757
v -6.595903 -12.223207 37.66277
v -5.7275867 -11.914152 36.861256
v -8.736501 -13.372811 40.728096
v -9.763682 -11.914151 41.77927
v -4.3347025 -13.201966 39.813618
v -3.498835 -11.733988 38.593353
v -6.985321 -7.0347037 37.723186
v -6.9431396 -13.513275 39.97884
v -7.840009 -12.689462 39.242794
v -8.172857 -7.750879 38.96965
v -5.7804813 -10.203862 36.68871
v -5.455808 -13.325362 41.199448
v -9.943225 -10.203861 41.761044
v -2.801853 -9.633142 43.377495
v -1.5661273 -12.30143 41.014008
v -7.2880254 -12.771331 43.348396
v -1.447706 -9.6818695 40.846504
v -3.422902 -6.876974 42.867805
v -7.6671815 -7.145653 43.037235
v -5.4624505 -6.6546884 -43.478584
v -9.054279 -7.5305095 -40.033077
v -6.192043 -11.595047 -37.104034
v -6.9394684 -12.907705 -38.19518
v -7.301879 -7.530506 -37.89775
v -6.3775167 -8.843163 -36.9518
v -9.1276865 -11.904109 -42.419647
v -5.819413 -13.386205 -38.592144
v -5.7194633 -12.542401 -44.563553
v -1.6318758 -7.9502945 -40.75732
v -9.163672 -7.0347195 -40.37759
v -9.994231 -8.493378 -41.59012
v -5.565275 -7.305218 -37.446735
v -3.7381973 -8.182496 -38.396976
v -2.0652707 -9.781871 -39.791298
v -2.7751062 -11.417024 -43.399498
v -5.958139 -8.493378 -36.67209
v -9.578875 -10.220185 -41.022324
v -6.4339914 -10.220185 -37.190247
v -7.641562 -13.472373 -39.405724
v -5.7804823 -10.203875 -36.688755
v -8.030801 -10.222933 -39.08627
v -9.943223 -10.203872 -41.761086
v -2.8018482 -9.63316 -43.37754
v -4.878839 -12.301443 -45.050617
v -5.0200186 -9.681884 -45.19944
v -3.0448143 -12.486781 -43.178173
v -7.126142 9.98339 -235.84988
v -7.126142 20.532408 -235.84988
v -6.494301 9.983389 -236.01917
v -6.494301 20.532408 -236.01917
v -6.031761 9.983389 -236.48169
v -6.031761 20.532408 -236.48169
v -5.86246 10.002949 -237.11356
v -5.86246 20.508219 -237.11356
v -6.031761 10.002949 -237.7454
v -6.031761 20.508219 -237.7454
v -6.494301 9.983389 -238.20793
v -6.494301 20.532406 -238.20795
v -7.126142 9.983389 -238.37721
v -7.126142 20.532406 -238.37721
v -7.757983 9.983389 -238.20793
v -7.757983 20.532406 -238.20795
v -8.220523 9.983389 -237.7454
v -8.220523 20.532408 -237.7454
v -8.389824 10.002949 -237.11356
v -8.389824 20.508219 -237.11356
v -8.220523 10.002949 -236.48169
v -8.220523 20.508219 -236.48169
v -7.757983 9.983389 -236.01917
v -7.757983 20.532408 -236.01917
v -7.126142 9.778725 -236.15134
v -6.6450334 9.778725 -236.28027
v -6.6450334 20.737074 -236.28027
v -7.126142 20.737074 -236.15134
v -6.292837 9.778725 -236.63246
v -6.292837 20.737074 -236.63248
v -6.1639247 9.778725 -237.11356
v -6.1639247 20.737074 -237.11356
v -6.292837 9.778725 -237.59468
v -6.292837 20.737074 -237.59468
v -6.6450334 9.778725 -237.94687
v -6.6450334 20.737074 -237.94687
v -7.126142 9.778725 -238.07576
v -7.126142 20.737074 -238.07576
v -7.6072507 9.778725 -237.94687
v -7.6072507 20.737074 -237.94687
v -7.9594464 9.778725 -237.59468
v -7.9594464 20.737074 -237.59468
v -8.088359 9.778725 -237.11356
v -8.088359 20.737074 -237.11356
v -7.9594464 9.778725 -236.63246
v -7.9594464 20.737074 -236.63248
v -7.6072507 9.778725 -236.28027
v -7.6072507 20.737074 -236.28027
v -7.9594464 10.002949 -236.63246
v -8.088359 10.002949 -237.11356
v -6.292837 20.508219 -237.59468
v -6.1639247 20.508219 -237.11356
v -6.292837 10.002949 -237.59468
v -6.1639247 10.002949 -237.11356
v -7.9594464 20.508219 -236.63248
v -8.088359 20.508219 -237.11356
v -5.75165 -20.904879 -36.180206
v -8.189001 -26.099358 -39.84663
v -5.9177527 -25.629757 -42.02182
v -10.794992 -28.944458 -43.181915
v -15.930078 -21.379314 -46.910545
v -13.658829 -20.909714 -49.08573
v -13.594606 -14.268245 -47.584866
v -12.915045 -0.7763807 -39.31441
v -10.643797 -0.30677995 -41.4896
v -10.477694 4.418099 -35.648014
v -7.871702 7.2632008 -32.312706
v -5.600454 7.7328024 -34.487892
v -5.5113864 7.242604 -29.852606
v -1.4110129 5.1783347 -30.66492
v -2.8008401 -6.943413 -30.084967
v -2.44596 -17.202776 -36.57741
v -1.8390328 -14.297944 -33.456276
v -3.855645 -21.009455 -36.858555
v -6.9241867 -23.74934 -38.018627
v -6.605958 -26.152128 -40.492126
v -9.497241 -27.857769 -41.59226
v -7.2259927 -27.388172 -43.76745
v -9.600864 -28.922174 -43.867035
v -9.78941 -28.798986 -46.748657
v -12.312012 -28.846918 -46.514744
v -14.129114 -28.007368 -46.460957
v -13.754895 -17.729916 -48.499557
v -13.182451 -10.656311 -46.374725
v -11.678238 -3.5392756 -43.267582
v -12.235443 -0.13927145 -41.10274
v -11.742508 2.0680814 -37.47599
v -9.825644 4.9329967 -37.143063
v -7.1730614 7.6322675 -33.440304
v -2.2663329 6.795711 -31.20885
v -3.0877204 2.46824 -28.352642
v -0.81647265 2.9378424 -30.52783
v -1.1535745 -0.35470754 -29.229593
v -2.6405506 -3.4817386 -29.170275
v -0.36930293 -3.0121393 -31.345463
v -0.90483654 -7.047992 -30.763315
v -0.9417474 -10.08574 -33.470295
v -5.783952 5.9529853 -30.415607
v -9.333347 -10.840628 -37.74731
v -10.808752 -17.82136 -40.79494
v -12.882742 -27.634241 -45.079014
v -3.5127044 6.4225874 -32.590797
v -4.3359065 2.5276845 -34.29122
v -7.062099 -10.371027 -39.922523
v -10.611495 -27.16464 -47.2542
v -2.7294266 -17.788534 -35.098476
v -11.025696 -29.250036 -45.303864
v -13.418161 -27.791258 -47.48704
v -14.757159 -10.454748 -46.074078
v -8.507767 6.614294 -35.218456
v -3.4747016 6.4767575 -29.706385
v -1.6946025 2.4600384 -29.001284
v -3.3360868 7.258235 -32.22599
v -1.2252141 -10.671501 -31.991362
v -5.607335 6.788631 -30.05078
v -6.129459 4.318256 -31.129313
v -13.05936 -28.469887 -45.44384
v -8.581241 -7.2821093 -36.193752
v -3.8582106 4.7878585 -33.3045
v -10.265988 -25.529911 -46.54052
v -3.8595788 -14.178193 32.752327
v -1.5883293 -13.708591 34.927536
v -3.4804032 -20.435265 38.355354
v -8.523746 -28.474848 45.35709
v -10.884057 -28.454248 47.817177
v -14.984433 -26.389978 47.004837
v -12.713182 -25.920374 49.180023
v -15.9300785 -21.3793 46.910503
v -13.658821 -20.9097 49.085705
v -15.865853 -14.737834 45.40961
v -14.807117 -7.5030437 42.742218
v -12.915045 -0.77636796 39.314377
v -10.643795 -0.3067694 41.489567
v -8.206446 4.8877106 37.82314
v -7.871701 7.2632165 32.312653
v -3.6822596 4.7087426 28.489708
v -1.4110096 5.1783423 30.664896
v -2.7366188 -0.30192864 28.584028
v -0.465367 0.16766989 30.759214
v -2.8008382 -6.943403 30.08492
v -0.52958876 -6.473801 32.26011
v -1.8390298 -14.2979355 33.456234
v -3.8556452 -21.009445 36.858513
v -4.6529374 -23.27973 40.193764
v -6.605958 -26.152119 40.492096
v -9.497239 -27.857761 41.59223
v -7.2259865 -27.38816 43.76742
v -9.600862 -28.922163 43.866997
v -12.060656 -29.26857 44.573418
v -12.312009 -28.846903 46.514717
v -11.857864 -27.537752 48.63612
v -14.294153 -26.060474 48.149746
v -15.578977 -24.149485 47.141937
v -13.30772 -23.67988 49.317127
v -15.278028 -20.86441 48.405556
v -16.02614 -18.1995 46.32433
v -15.186254 -14.100722 47.19794
v -13.182451 -10.656296 46.37467
v -14.103192 -6.819992 44.647552
v -13.949485 -4.0088663 41.09235
v -12.235442 -0.13925956 41.102707
v -11.742508 2.0680935 37.475967
v -9.471258 2.5376935 39.651154
v -9.825644 4.9330087 37.143
v -6.60604 7.587341 30.921124
v -4.3347855 8.056942 33.096313
v -4.6250315 7.5232906 30.636333
v -4.5375795 6.3261237 29.033611
v -2.4797697 4.7705884 29.157518
v -0.81647265 2.9378486 30.527805
v -2.64055 -3.4817321 29.170204
v -0.90483356 -7.047985 30.76327
v -6.6071534 2.058091 32.11601
v -7.8579426 -3.859887 34.699654
v -9.333349 -10.840615 37.747265
v -10.808752 -17.821346 40.794888
v -12.059537 -23.739325 43.378536
v -12.882739 -27.634232 45.07896
v -4.3359036 2.527694 34.291195
v -5.5866957 -3.3902853 36.874844
v -7.062097 -10.371014 39.922466
v -8.537498 -17.35175 42.970078
v -9.78829 -23.26972 45.553734
v -2.7294266 -17.788527 35.09844
v -8.105171 -27.870901 42.24302
v -14.918324 -23.716648 48.4602
v -15.364748 -17.615858 47.981384
v -14.757162 -10.454734 46.074024
v -13.25295 -3.3377042 42.966892
v -11.08111 2.6517396 39.133022
v -5.8671703 7.9355464 31.889532
v -3.4747005 6.4767632 29.706333
v -1.694601 2.460048 29.001236
v -1.2252129 -10.671492 31.991316
v -7.1915293 -0.70681626 33.323097
v -13.05936 -28.469872 45.44378
v -8.58124 -7.2821007 36.193707
v -10.085453 -14.399132 39.30084
v -11.4751625 -20.974417 42.171448
v -12.537238 -25.9995 44.36529
v -3.8582075 4.7878675 33.30445
v -6.309995 -6.812499 38.368893
v -7.8142085 -13.92953 41.476036
v -10.265988 -25.529898 46.540478
v -10.788109 -28.000269 47.618977
v -6.400016 -11.912946 -42.565105
v -6.073579 -12.14963 -42.176506
v -5.990901 -12.315343 -41.648052
v -6.1741357 -12.3656845 -41.12129
v -6.5741844 -12.287165 -40.73739
v -7.083856 -12.100822 -40.599224
v -7.5665846 -11.856592 -40.7438
v -7.893022 -11.619908 -41.1324
v -7.9757013 -11.454196 -41.660854
v -7.792467 -11.403853 -42.18762
v -7.392417 -11.482374 -42.571518
v -6.882745 -11.6687155 -42.709682
v -6.050043 -11.0901785 -42.363617
v -5.72204 -11.323188 -41.974113
v -5.638695 -11.487336 -41.445255
v -5.822341 -11.538643 -40.918755
v -6.2237716 -11.463363 -40.53564
v -6.7354217 -11.281661 -40.39862
v -7.2201953 -11.042229 -40.544365
v -7.5481997 -10.809219 -40.933846
v -7.6315446 -10.645071 -41.462708
v -7.4478984 -10.5937605 -41.98923
v -7.0464687 -10.6690445 -42.372322
v -6.5348186 -10.850743 -42.509365
v -5.6999316 -10.247917 -42.158627
v -5.370989 -10.478673 -41.76862
v -5.287224 -10.641817 -41.2395
v -5.47108 -10.693628 -40.71312
v -5.8732944 -10.620228 -40.33048
v -6.3860936 -10.441283 -40.19413
v -6.8720737 -10.204739 -40.340565
v -7.201017 -9.973983 -40.730618
v -7.284782 -9.810839 -41.259716
v -7.1009254 -9.7590275 -41.7861
v -6.6987114 -9.832428 -42.168736
v -6.185912 -10.011373 -42.30511
v -5.348833 -9.394512 -41.951775
v -5.0195947 -9.624555 -41.561577
v -4.9356594 -9.787283 -41.032383
v -5.1195154 -9.839094 -40.50598
v -5.521901 -9.766106 -40.123436
v -6.034993 -9.587874 -39.98725
v -6.5213146 -9.352159 -40.133904
v -6.8505526 -9.122116 -40.524124
v -6.93449 -8.959388 -41.053318
v -6.750633 -8.907576 -41.579697
v -6.3482485 -8.980566 -41.962242
v -5.835154 -9.158797 -42.09845
v -4.9958663 -8.53758 -41.744396
v -4.6669064 -8.768294 -41.354343
v -4.583022 -8.931145 -40.825176
v -4.766688 -8.982493 -40.298676
v -5.1686907 -8.908584 -39.915894
v -5.681316 -8.729217 -39.779446
v -6.167205 -8.4924555 -39.925835
v -6.4961643 -8.26174 -40.315887
v -6.5800495 -8.098887 -40.84508
v -6.396384 -8.047539 -41.371582
v -5.994381 -8.1214485 -41.754314
v -5.4817557 -8.300817 -41.890812
v -4.640277 -7.6843925 -41.53783
v -4.3121433 -7.917086 -41.148254
v -4.228519 -8.080561 -40.61923
v -4.411809 -8.13101 -40.092514
v -4.8129015 -8.054921 -39.70921
v -5.3243265 -7.8726788 -39.57205
v -5.809044 -7.633117 -39.717793
v -6.1371784 -7.400424 -40.107346
v -6.220804 -7.2369523 -40.63637
v -6.037514 -7.1865015 -41.163086
v -5.6364202 -7.2625914 -41.54639
v -5.1249967 -7.444831 -41.68353
v -4.28143 -6.84189 -41.333363
v -3.9546783 -7.07782 -40.944576
v -3.8715243 -7.2423973 -40.415833
v -4.0542474 -7.2915215 -39.888763
v -4.453889 -7.212033 -39.50467
v -4.9633646 -7.0252275 -39.366386
v -5.44616 -6.7811613 -39.511036
v -5.7729115 -6.5452313 -39.8998
v -5.856066 -6.380654 -40.428566
v -5.6733427 -6.3315296 -40.95559
v -5.273701 -6.41102 -41.33973
v -4.764226 -6.5978236 -41.47799
v -3.9188 -6.016647 -41.132233
v -3.594029 -6.2570715 -40.74454
v -3.5115705 -6.4232264 -40.21616
v -3.6935203 -6.4705944 -39.688705
v -4.091124 -6.386479 -39.303444
v -4.597845 -6.1934237 -39.16366
v -5.0779076 -5.943153 -39.30678
v -5.40268 -5.702727 -39.69445
v -5.485137 -5.5365715 -40.222813
v -5.303188 -5.489204 -40.75029
v -4.905584 -5.573318 -41.135548
v -4.398863 -5.766376 -41.275333
v -3.551988 -5.214875 -40.93559
v -3.2298698 -5.4610825 -40.549324
v -3.1483595 -5.6293044 -40.021465
v -3.329297 -5.674467 -39.493443
v -3.7242017 -5.58447 -39.10675
v -4.227259 -5.3834248 -38.964985
v -4.703675 -5.1252027 -39.10618
v -5.025794 -4.8789954 -39.49244
v -5.1073036 -4.710773 -40.020298
v -4.9263663 -4.6656094 -40.548325
v -4.531461 -4.755608 -40.935017
v -4.028404 -4.956653 -41.076756
v -3.1807117 -4.4424243 -40.744568
v -2.8620315 -4.6957664 -40.36007
v -2.781762 -4.866562 -39.832855
v -2.9614096 -4.9090466 -39.30416
v -3.3528395 -4.811837 -38.91568
v -3.8511672 -4.600981 -38.77151
v -4.322867 -4.3329763 -38.91027
v -4.6415467 -4.079634 -39.294765
v -4.7218175 -3.9088387 -39.822006
v -4.5421696 -3.8663528 -40.350674
v -4.15074 -3.963562 -40.739132
v -3.6524122 -4.174418 -40.883327
v -2.8048222 -3.7047706 -40.560246
v -2.490525 -3.9666882 -40.177895
v -2.4118452 -4.1405964 -39.65144
v -2.5898654 -4.179897 -39.12196
v -2.9768846 -4.0740566 -38.731335
v -3.469202 -3.8514395 -38.58421
v -3.9349 -3.5716953 -38.720036
v -4.249197 -3.3097763 -39.102386
v -4.3278775 -3.1358695 -39.628815
v -4.1498585 -3.096569 -40.158295
v -3.7628386 -3.2024076 -40.548943
v -3.270521 -3.4250252 -40.69605
v -2.4243221 -3.0070221 -40.383575
v -2.1155674 -3.279071 -40.003777
v -2.0389073 -3.4566705 -39.47828
v -2.2148833 -3.492232 -38.947845
v -2.5963404 -3.3762279 -38.554646
v -3.0810692 -3.139742 -38.40401
v -3.5391874 -2.8461385 -38.53631
v -3.8479414 -2.574091 -38.91611
v -3.9246018 -2.39649 -39.44161
v -3.748627 -2.360927 -39.972042
v -3.3671696 -2.4769297 -40.365242
v -2.8824396 -2.7134187 -40.515877
v -2.03939 -2.3538997 -40.215538
v -1.7376285 -2.6377697 -39.83879
v -1.6635228 -2.819689 -39.31441
v -1.8369298 -2.8509085 -38.78286
v -2.2113853 -2.7230668 -38.38661
v -2.6865537 -2.470416 -38.2318
v -3.1351137 -2.1606567 -38.35995
v -3.4368758 -1.8767852 -38.736702
v -3.5109818 -1.6948675 -39.2611
v -3.3375752 -1.6636466 -39.792633
v -2.9631197 -1.7914882 -40.188908
v -2.487951 -2.044139 -40.343666
v -1.6504012 -1.7497351 -40.057014
v -1.3574667 -2.047259 -39.683865
v -1.2865912 -2.2341747 -39.160774
v -1.4567662 -2.2603962 -38.62791
v -1.8223941 -2.1188977 -38.22808
v -2.2855031 -1.8475938 -38.06839
v -2.7220051 -1.5191796 -38.191628
v -3.0149407 -1.2216556 -38.5648
v -3.0858154 -1.03474 -39.08789
v -2.9156413 -1.008517 -39.62073
v -2.550015 -1.1500156 -40.02056
v -2.0869043 -1.421321 -40.180252
v -1.2579716 -1.1984295 -39.908836
v -0.97620225 -1.5115669 -39.539886
v -0.90941787 -1.7042015 -39.018322
v -1.0755125 -1.7247174 -38.48393
v -1.4299814 -1.5676143 -38.079906
v -1.8778462 -1.2749913 -37.914467
v -2.2990997 -0.92525357 -38.03196
v -2.5808697 -0.61211467 -38.400936
v -2.647654 -0.4194785 -38.922478
v -2.4815598 -0.39896268 -39.456867
v -2.1270905 -0.5560642 -39.860916
v -1.6792264 -0.8486902 -40.02633
v -0.8629888 -0.7034024 -39.771748
v -0.5953752 -1.0341917 -39.407707
v -0.53377974 -1.2332965 -38.887955
v -0.69470704 -1.2473675 -38.35175
v -1.0350369 -1.0726379 -37.942837
v -1.4635779 -0.7559227 -37.770725
v -1.8655032 -0.38208684 -37.881542
v -2.133117 -0.05129752 -38.245605
v -2.1947117 0.14780724 -38.765335
v -2.0337842 0.1618813 -39.30154
v -1.6934555 -0.012851271 -39.710472
v -1.2649138 -0.32956654 -39.882587
v -0.46663806 -0.2675121 -39.646458
v -0.21698773 -0.61793816 -39.288044
v -0.16197935 -0.8242447 -38.770367
v -0.31635314 -0.8311543 -38.232136
v -0.63874424 -0.63681173 -37.81755
v -1.042768 -0.29329377 -37.63771
v -1.4201674 0.10735374 -37.740826
v -1.6698171 0.4577813 -38.099216
v -1.7248259 0.6640863 -38.61692
v -1.5704532 0.6709959 -39.155125
v -1.2480624 0.4766534 -39.569736
v -0.84403825 0.1331354 -39.74955
v -0.070396066 0.10710162 -39.53352
v 0.15650988 -0.2646793 -39.18154
v 0.20317957 -0.47881636 -38.666225
v 0.05710423 -0.47793263 -38.125656
v -0.24257377 -0.2622651 -37.704636
v -0.61555576 0.110399574 -37.516
v -0.96190274 0.54020417 -37.610294
v -1.1888106 0.9119851 -37.962246
v -1.2354784 1.1261221 -38.47754
v -1.089403 1.1252384 -39.01813
v -0.7897258 0.9095709 -39.439156
v -0.41674376 0.53690624 -39.627815
v 0.32408237 0.4192109 -39.43331
v 0.52241534 0.02499927 -39.088585
v 0.55860806 -0.19736174 -38.575912
v 0.422962 -0.18829131 -38.0327
v 0.15182495 0.04978163 -37.60445
v -0.18215328 0.45306522 -37.405968
v -0.48948303 0.9134977 -37.49039
v -0.687816 1.3077078 -37.83512
v -0.7240087 1.5300703 -38.347794
v -0.5883634 1.5209969 -38.891006
v -0.3172256 1.2829255 -39.319252
v 0.016751885 0.8796434 -39.51774
v 0.71522224 0.668707 -39.346077
v 0.8782141 0.2521511 -39.009167
v 0.9014562 0.021601902 -38.49938
v 0.7787183 0.038835183 -37.953304
v 0.54289174 0.29923156 -37.517216
v 0.257162 0.7330193 -37.308002
v -0.0019080937 1.2239634 -37.381744
v -0.16490072 1.6405178 -37.71863
v -0.18814206 1.8710685 -38.228416
v -0.06540492 1.8538368 -38.774513
v 0.17042235 1.5934389 -39.210583
v 0.45615137 1.1596512 -39.419796
v 1.1020147 0.85670906 -39.271618
v 1.2224383 0.419664 -38.94291
v 1.2300909 0.18161207 -38.43608
v 1.1229165 0.20633468 -37.887024
v 0.92963725 0.4872127 -37.442802
v 0.7020414 0.9489818 -37.222458
v 0.50111115 1.4679133 -37.28504
v 0.38068667 1.9049568 -37.613796
v 0.3730364 2.1430118 -38.12058
v 0.4802078 2.1182876 -38.66966
v 0.6734878 1.8374112 -39.11388
v 0.90108514 1.375642 -39.3342
v 1.4846563 0.9853761 -39.20958
v 1.5557594 0.5319145 -38.88879
v 1.5453584 0.28785288 -38.384914
v 1.4562414 0.31858662 -37.832905
v 1.3122864 0.61588275 -37.38072
v 1.1520677 1.1000797 -37.1495
v 1.0185137 1.6414373 -37.201214
v 0.9474106 2.0949004 -37.521984
v 0.9578109 2.3389635 -38.02588
v 1.0469288 2.3082297 -38.577866
v 1.1908829 2.0109322 -39.030052
v 1.3511025 1.5267353 -39.26127
v 1.8650316 1.057222 -39.159203
v 1.8818237 0.59359336 -38.84561
v 1.8515639 0.34581244 -38.344337
v 1.7823584 0.38027444 -37.789726
v 1.6927533 0.6877451 -37.330364
v 1.606755 1.1858343 -37.089325
v 1.5474095 1.7410829 -37.131237
v 1.5306168 2.2047117 -37.44483
v 1.5608765 2.452491 -37.946106
v 1.630082 2.4180274 -38.50074
v 1.7196879 2.11056 -38.9601
v 1.8056855 1.612472 -39.20112
v 2.2465818 1.0741245 -39.11984
v 2.2070327 0.60799235 -38.812065
v 2.1561913 0.3592995 -38.312935
v 2.107682 0.39467794 -37.75618
v 2.0744994 0.7046564 -37.290977
v 2.0655394 1.2061714 -37.042023
v 2.0831995 1.7648413 -37.075996
v 2.1227486 2.2309735 -37.383797
v 2.17359 2.4796693 -37.882923
v 2.2221007 2.4442878 -38.43968
v 2.2552803 2.1343107 -38.904858
v 2.2642426 1.6327972 -39.153816
v 2.633371 1.0365512 -39.091087
v 2.5389009 0.57565236 -38.787415
v 2.4680235 0.32886687 -38.289738
v 2.43973 0.36232156 -37.73148
v 2.4616003 0.66705483 -37.262203
v 2.5277748 1.1614099 -37.007618
v 2.6205227 1.7129301 -37.035965
v 2.7149909 2.1738305 -37.33964
v 2.785869 2.4206173 -37.83729
v 2.8141646 2.3871627 -38.39555
v 2.7922935 2.0824308 -38.864853
v 2.726119 1.5880715 -39.119434
v 3.028755 0.94356793 -39.072754
v 2.8837695 0.4943844 -38.77146
v 2.7944894 0.25186363 -38.27467
v 2.7848384 0.28099698 -37.715553
v 2.8574028 0.5739747 -37.243866
v 2.9927359 1.0522916 -36.986042
v 3.1545787 1.5877872 -37.011147
v 3.299562 2.0369751 -37.312435
v 3.3888438 2.279493 -37.80923
v 3.3984945 2.2503612 -38.368393
v 3.3259332 1.9573848 -38.840057
v 3.190598 1.4790651 -39.09788
v 3.4344532 0.7935952 -39.065125
v 3.245186 0.36059135 -38.76469
v 3.1398065 0.123958014 -38.268208
v 3.1465502 0.14709812 -37.70876
v 3.2636106 0.42381424 -37.236214
v 3.459619 0.8799582 -36.977196
v 3.682059 1.3933077 -37.001087
v 3.871327 1.8263116 -37.30154
v 3.9767065 2.062945 -37.798023
v 3.9699628 2.0398047 -38.35747
v 3.8529053 1.7630886 -38.830017
v 3.656894 1.3069447 -39.089035
v 3.8504198 0.5853649 -39.068436
v 3.6236973 0.17093831 -38.767742
v 3.5047255 -0.05895821 -38.271187
v 3.525391 -0.04272032 -37.71181
v 3.6801531 0.21529783 -37.23953
v 3.9275446 0.6459638 -36.98087
v 4.201275 1.1338769 -37.00514
v 4.428001 1.548305 -37.305855
v 4.5469704 1.7782016 -37.80241
v 4.5263042 1.7619637 -38.361763
v 4.3715425 1.5039455 -38.834072
v 4.1241536 1.0732796 -39.09273
v 4.2752876 0.31856257 -39.08296
v 4.0176044 -0.076574445 -38.78124
v 3.887435 -0.29949275 -38.2843
v 3.9196625 -0.29045808 -37.72533
v 4.10565 -0.051894892 -37.25407
v 4.395563 0.35227233 -36.99684
v 4.7117195 0.81375384 -37.02252
v 4.969405 1.2088923 -37.324238
v 5.099573 1.4318106 -37.821175
v 5.067347 1.4227775 -38.38017
v 4.881358 1.1842142 -38.851406
v 4.591447 0.78004557 -39.108658
v 4.7069592 -0.0059832274 -39.108776
v 4.4240093 -0.38224792 -38.80558
v 4.2847357 -0.5983639 -38.308094
v 4.326455 -0.59642065 -37.749672
v 4.537989 -0.37694138 -37.279938
v 4.8626566 0.0012665271 -37.02474
v 5.2134657 0.4368632 -37.05244
v 5.4964156 0.8131294 -37.355686
v 5.635692 1.0292438 -37.853146
v 5.5939717 1.0273021 -38.411545
v 5.382438 0.8078214 -38.8813
v 5.0577683 0.42961347 -39.136505
v 5.1430593 -0.38638306 -39.14578
v 4.839595 -0.7448498 -38.840866
v 4.6929607 -0.9545776 -38.342762
v 4.7424436 -0.9593727 -37.785004
v 4.9747877 -0.7579477 -37.31699
v 5.3277373 -0.40427604 -37.06417
v 5.7067184 0.006878293 -37.09426
v 6.0101824 0.36534506 -37.399197
v 6.1568184 0.5750743 -37.897278
v 6.107333 0.57986945 -38.45506
v 5.87499 0.3784429 -38.92305
v 5.5220394 0.024769777 -39.17589
v 5.5812044 -0.8198668 -39.193726
v 5.261071 -1.161917 -38.88695
v 5.1084886 -1.3657886 -38.38823
v 5.1643414 -1.3768541 -37.83116
v 5.413662 -1.1921496 -37.364983
v 5.7896433 -0.861165 -37.114666
v 6.191549 -0.47258893 -37.147236
v 6.511679 -0.13054028 -37.45401
v 6.6642656 0.07333137 -37.952732
v 6.608412 0.084398374 -38.5098
v 6.3590927 -0.100307554 -38.97598
v 5.98311 -0.4312907 -39.22629
v 6.019105 -1.3029624 -39.252136
v 5.6853757 -1.6300682 -38.943577
v 5.527976 -1.8286455 -38.44421
v 5.5890813 -1.8454866 -37.887836
v 5.852318 -1.6760783 -37.423515
v 6.2471538 -1.3658108 -37.17568
v 6.66779 -0.9978236 -37.21075
v 7.001519 -0.67071635 -37.51931
v 7.1589174 -0.47213906 -38.018654
v 7.097812 -0.45529935 -38.575054
v 6.8345757 -0.62470925 -39.03937
v 6.439741 -0.9349738 -39.28721
v 6.454587 -1.8316095 -39.32049
v 6.109701 -2.1452117 -39.010216
v 5.9483824 -2.3390505 -38.510227
v 6.0138626 -2.3611832 -37.95452
v 6.2885942 -2.205682 -37.492012
v 6.6989617 -1.9142137 -37.24661
v 7.1350083 -1.5648738 -37.284065
v 7.479897 -1.25127 -37.594364
v 7.6412125 -1.0574329 -38.094353
v 7.575732 -1.0352973 -38.65006
v 7.3010044 -1.1907998 -39.112568
v 6.8906364 -1.4822711 -39.35797
v 6.8855867 -2.4012585 -39.39817
v 6.5314755 -2.702703 -39.086224
v 6.3669577 -2.8923216 -38.585663
v 6.43612 -2.919306 -38.030624
v 6.7204266 -2.7764277 -37.56983
v 7.1436987 -2.5019708 -37.32674
v 7.5925245 -2.1694736 -37.366486
v 7.9466386 -1.8680305 -37.678455
v 8.111158 -1.678412 -38.179016
v 8.041994 -1.651426 -38.734055
v 7.757689 -1.7943044 -39.194847
v 7.3344126 -2.068763 -39.43794
v 7.310112 -3.0069103 -39.484406
v 6.9483147 -3.2974174 -39.170883
v 6.7811713 -3.4832957 -38.6698
v 6.853467 -3.5147445 -38.115406
v 7.1458325 -3.3833356 -37.656235
v 7.579927 -3.124279 -37.415337
v 8.039437 -2.8069885 -37.457253
v 8.401235 -2.5164845 -37.77077
v 8.5683775 -2.3306046 -38.271854
v 8.496082 -2.2991557 -38.826252
v 8.203716 -2.4305646 -39.28542
v 7.7696233 -2.6896214 -39.526318
v 7.726219 -3.643151 -39.578342
v 7.357971 -3.92381 -39.26339
v 7.188663 -4.1063895 -38.761806
v 7.263666 -4.1419687 -38.208008
v 7.5628815 -4.0210114 -37.750412
v 8.006135 -3.7759306 -37.511562
v 8.474654 -3.472394 -37.555527
v 8.842905 -3.191735 -37.87048
v 9.012214 -3.0091558 -38.37204
v 8.937211 -2.9735763 -38.92586
v 8.637995 -3.094532 -39.383484
v 8.194741 -3.3396144 -39.622307
v 8.131975 -4.3041515 -39.679123
v 7.758269 -4.575934 -39.362812
v 7.5871797 -4.755615 -38.860798
v 7.664552 -4.7950463 -38.307594
v 7.969652 -4.683665 -37.85143
v 8.420732 -4.451312 -37.614513
v 8.896926 -4.1602507 -37.660385
v 9.270634 -3.8884687 -37.976692
v 9.441725 -3.7087877 -38.478706
v 9.364353 -3.669356 -39.031933
v 9.059249 -3.7807379 -39.488075
v 8.608167 -4.0130887 -39.724968
v 8.525452 -4.9836893 -39.785717
v 8.147092 -5.247453 -39.468143
v 7.9745307 -5.4245996 -38.965748
v 8.054012 -5.467667 -38.413094
v 8.364232 -5.3651114 -37.958336
v 8.822073 -5.1444144 -37.723255
v 9.3048525 -4.864712 -37.77089
v 9.683211 -4.600951 -38.088463
v 9.855771 -4.4238033 -38.590885
v 9.776291 -4.3807364 -39.14354
v 9.466071 -4.483292 -39.598297
v 9.00823 -4.703987 -39.833378
v 8.904688 -5.6751404 -39.897106
v 8.522338 -5.9316344 -39.578365
v 8.348578 -6.106593 -39.07559
v 8.429965 -6.1531324 -38.52353
v 8.744691 -6.058781 -38.070057
v 9.208429 -5.848827 -37.836742
v 9.6969185 -5.5795226 -37.886047
v 10.079269 -5.323027 -38.20479
v 10.25303 -5.1480684 -38.707565
v 10.171643 -5.1015306 -39.259624
v 9.856915 -5.195879 -39.713097
v 9.393179 -5.4058347 -39.94641
v 9.267703 -6.371469 -40.012142
v 8.881906 -6.6213627 -39.692307
v 8.7071705 -6.794456 -39.189217
v 8.790318 -6.8443675 -38.637707
v 9.109068 -6.757725 -38.1855
v 9.5780115 -6.5577464 -37.953827
v 10.071498 -6.298013 -38.004707
v 10.457295 -6.0481195 -38.324547
v 10.632028 -5.8750277 -38.827633
v 10.548881 -5.8251147 -39.379166
v 10.23013 -5.9117575 -39.831326
v 9.761186 -6.1117373 -40.063023
v 9.61245 -7.065234 -40.12959
v 9.2236595 -7.3091063 -39.808723
v 9.048158 -7.4806533 -39.305374
v 9.132965 -7.533907 -38.754436
v 9.455365 -7.4545965 -38.303493
v 9.928958 -7.2639737 -38.07337
v 10.426863 -7.0131187 -38.1258
v 10.81565 -6.7692447 -38.44664
v 10.991153 -6.597698 -38.949966
v 10.906344 -6.5444446 -39.500927
v 10.583951 -6.6237545 -39.95187
v 10.110352 -6.814378 -40.18197
v 9.936842 -7.7485566 -40.248177
v 9.54544 -7.986929 -39.92636
v 9.369354 -8.157252 -39.42282
v 9.455771 -8.213893 -38.872433
v 9.781536 -8.141668 -38.422726
v 10.259356 -7.9599338 -38.194153
v 10.761203 -7.7173877 -38.248013
v 11.152606 -7.4790125 -38.56983
v 11.3286915 -7.308692 -39.07337
v 11.242275 -7.25205 -39.623737
v 10.916512 -7.324273 -40.073463
v 10.438689 -7.5060077 -40.302013
v 10.238707 -8.413117 -40.366528
v 9.845008 -8.646441 -40.043804
v 9.668528 -8.815895 -39.540123
v 9.756549 -8.876065 -38.990376
v 10.085492 -8.810835 -38.541912
v 10.56721 -8.63768 -38.314888
v 11.072636 -8.403001 -38.370132
v 11.466333 -8.169677 -38.692856
v 11.642814 -8.000224 -39.196537
v 11.554791 -7.940053 -39.746284
v 11.225849 -8.005281 -40.194748
v 10.744127 -8.178437 -40.421772
v 10.515793 -9.050119 -40.48321
v 10.120074 -9.2788 -40.159653
v 9.943387 -9.447773 -39.65585
v 10.0330715 -9.511761 -39.10682
v 10.365097 -9.453619 -38.65964
v 10.850498 -9.288927 -38.43417
v 11.359213 -9.061812 -38.490795
v 11.754933 -8.83313 -38.814354
v 11.931621 -8.66416 -39.318153
v 11.841939 -8.600171 -39.867184
v 11.509911 -8.658313 -40.31434
v 11.024511 -8.823005 -40.539837
v 10.765748 -9.650213 -40.596626
v 10.368243 -9.874604 -40.27226
v 10.191554 -10.043583 -39.768456
v 10.283032 -10.111872 -39.220238
v 10.618157 -10.061175 -38.774464
v 11.107141 -9.905073 -38.550613
v 11.618954 -9.685399 -38.60867
v 12.0164585 -9.461011 -38.933014
v 12.193147 -9.292029 -39.43684
v 12.101671 -9.223741 -39.985035
v 11.766544 -9.274437 -40.430782
v 11.277562 -9.430539 -40.65466
v 10.986064 -10.203383 -40.70506
v 10.586972 -10.423792 -40.379906
v 10.410545 -10.593421 -39.876244
v 10.504057 -10.666823 -39.329025
v 10.842451 -10.624329 -38.8849
v 11.3350525 -10.477325 -38.662815
v 11.84987 -10.265202 -38.722347
v 12.248963 -10.044793 -39.0475
v 12.425391 -9.875161 -39.551163
v 12.331879 -9.801758 -40.09838
v 11.993485 -9.84425 -40.542507
v 11.500885 -9.991259 -40.76459
v 11.174238 -10.699255 -40.80677
v 10.773706 -10.915864 -40.480804
v 10.597807 -11.086887 -39.977455
v 10.693669 -11.166495 -39.4315
v 11.035607 -11.133361 -38.98928
v 11.532005 -10.99636 -38.769268
v 12.049844 -10.792202 -38.830444
v 12.4503765 -10.575593 -39.156364
v 12.626274 -10.40457 -39.65976
v 12.530411 -10.324959 -40.205692
v 12.188471 -10.358096 -40.64791
v 11.692076 -10.495097 -40.867924
v -5.0407534 -12.911524 -43.824646
v -3.9727707 -11.411519 -44.7011
v -6.0048943 -11.542384 -44.81127
v -6.242036 -8.023827 -44.61665
v -4.209913 -7.8929615 -44.506477
v -8.691865 -12.907702 -40.33048
v -9.616234 -11.595044 -41.276405
v -9.8017025 -8.8431635 -41.1242
v -2.0205517 -11.542383 -39.95633
v -1.732158 -11.411519 -41.970894
v -2.8001401 -12.911523 -41.09442
v -3.2218344 -6.654688 -40.748356
v -1.9692994 -7.892958 -41.7763
v -2.257694 -8.023826 -39.761707
v -8.084 -13.386209 -41.351578
v -9.367368 -8.347897 -42.222927
v -8.523459 -6.8657985 -40.990925
v -4.975501 -11.904109 -37.36014
v -5.215181 -8.347896 -37.16345
v -6.2588677 -6.865798 -38.23149
v -4.1901865 -12.443278 -44.492123
v -4.909519 -11.421783 -45.22824
v -6.091123 -7.0279164 -44.258522
v -5.1434884 -7.9502926 -45.03622
v -4.561849 -6.9287996 -44.187115
v -2.2078488 -12.5423975 -40.284607
v -1.3979058 -11.4217825 -40.949318
v -1.9795463 -12.443278 -41.798447
v -2.5795107 -7.0279155 -39.9796
v -2.3512077 -6.9287963 -41.493416
v -8.77759 -12.946782 -42.136333
v -6.5962963 -13.20198 -42.569443
v -7.6300406 -11.734001 -43.627308
v -4.023928 -9.643621 -44.67745
v -6.175492 -9.781875 -44.799637
v -9.157816 -7.3052206 -41.82429
v -9.416963 -8.217148 -40.54973
v -5.1850514 -12.946782 -37.7588
v -6.5581484 -13.372824 -38.0738
v -6.595903 -12.22322 -37.662815
v -5.7275867 -11.914164 -36.861298
v -4.771942 -6.7145157 -39.45484
v -1.765332 -9.643621 -41.925335
v -3.90287 -13.009132 -42.473957
v -4.3378882 -6.554615 -42.11695
v -3.0141532 -7.870222 -43.203304
v -9.146964 -12.223221 -40.77129
v -8.736501 -13.372825 -40.728138
v -9.763682 -11.914165 -41.779324
v -7.033535 -6.714516 -42.2106
v -7.869403 -8.182494 -43.43085
v -4.3347025 -13.20198 -39.81366
v -3.498835 -11.734 -38.59341
v -6.8659024 -8.217147 -37.441227
v -6.985321 -7.034716 -37.72323
v -9.328452 -10.126004 -42.41986
v -6.9431396 -13.5132885 -39.97888
v -7.399729 -6.738717 -39.604187
v -7.840009 -12.689475 -39.242863
v -8.172857 -7.7508917 -38.969707
v -5.0144157 -10.126003 -37.163185
v -8.082142 -6.935381 -39.044117
v -5.455808 -13.3253765 -41.19949
v -5.909701 -6.5908127 -40.82701
v -3.5384753 -9.958095 -38.400433
v -5.22945 -7.099305 -44.76287
v -1.5661273 -12.301443 -41.01405
v -1.9167374 -7.099304 -40.726303
v -7.2880254 -12.771345 -43.348454
v -9.77446 -7.487861 -41.18216
v -5.949248 -12.919888 -37.26768
v -4.0847597 -7.145666 -38.67209
v -1.447706 -9.681883 -40.84656
v -3.422902 -6.8769884 -42.86785
v -9.408355 -12.9198885 -41.482613
v -7.6671815 -7.1456666 -43.037292
v -3.705604 -12.771344 -38.983246
v -6.315352 -7.48786 -36.967228
v -7.8270345 -9.958096 -43.62607
v -5.4624505 -6.654674 43.47854
v -8.691864 -12.907689 40.330437
v -9.616232 -11.595031 41.276386
v -9.054279 -7.5304966 40.03302
v -2.020553 -11.5423765 39.9563
v -1.7321508 -11.411508 41.970875
v -2.8001466 -12.911512 41.094402
v -3.2218325 -6.6546745 40.74832
v -1.9692912 -7.8929477 41.776253
v -6.192043 -11.595035 37.10399
v -6.9394684 -12.907693 38.195137
v -6.3775167 -8.843151 36.95176
v -8.083994 -13.386195 41.351547
v -8.52346 -6.865785 40.99089
v -6.2588677 -6.865789 38.23147
v -5.7194633 -12.542387 44.56351
v -4.190188 -12.443264 44.49208
v -4.9095244 -11.421768 45.22821
v -6.091124 -7.027905 44.2585
v -5.143481 -7.950275 45.036186
v -4.561844 -6.9287868 44.18708
v -2.2078414 -12.542384 40.284576
v -1.3978977 -11.421769 40.949276
v -2.5795069 -7.0279026 39.979553
v -1.6318758 -7.9502816 40.757263
v -8.777586 -12.946772 42.13629
v -7.630041 -11.733987 43.627277
v -4.0239267 -9.64361 44.677425
v -9.994231 -8.493364 41.590073
v -5.565275 -7.3052063 37.44669
v -4.77194 -6.714503 39.454784
v -3.7381973 -8.182484 38.39692
v -1.7653234 -9.643604 41.925312
v -2.0652707 -9.7818575 39.79124
v -3.9028673 -13.009115 42.473927
v -2.7751062 -11.417009 43.399456
v -4.3378897 -6.554601 42.116917
v -3.0141485 -7.8702083 43.203285
v -9.146961 -12.223207 40.77126
v -7.033532 -6.7145057 42.210567
v -7.8693986 -8.182483 43.430832
v -6.865897 -8.217136 37.441196
v -5.958139 -8.493365 36.672047
v -9.328451 -10.125994 42.41984
v -7.399727 -6.7387056 39.604153
v -9.578875 -10.220172 41.022266
v -6.4339914 -10.220173 37.1902
v -5.014413 -10.125989 37.16315
v -8.082145 -6.935371 39.044094
v -7.641562 -13.47236 39.40568
v -5.9097 -6.5907993 40.826965
v -8.030801 -10.22292 39.086224
v -3.538474 -9.958082 38.400402
v -4.878839 -12.301429 45.050575
v -5.229453 -7.099292 44.76285
v -1.9167397 -7.099291 40.72628
v -5.0200186 -9.681869 45.199394
v -9.77446 -7.487843 41.182125
v -5.9492407 -12.919876 37.26764
v -4.0847597 -7.1456532 38.672043
v -3.0448143 -12.486767 43.17812
v -9.408357 -12.919872 41.482594
v -3.7056007 -12.771332 38.983204
v -6.3153477 -7.487847 36.967182
v -7.827036 -9.958081 43.62605
# 3944 vertices

vn 0 1 -1.6292068E-07
vn 0 -1 1.6292068E-07
vn 0 -1.6292068E-07 -1
vn 0 1.6292068E-07 1
vn 0 0.03336014 -0.9994434
vn 0 0.033360627 0.9994434
vn 0 -1.6292067E-07 -0.99999994
vn 0 0.8273626 0.5616682
vn 0 1.6292067E-07 0.99999994
vn 1.8683631E-06 1 -1.6292068E-07
vn 0.00016861432 0.99999243 0.0038840717
vn 0.0018181354 -0.99999833 1.6270873E-07
vn 0.0037296321 -0.999993 -7.9870705E-07
vn 0.0048316196 0.9984384 0.05565398
vn 0.005380757 -0.9840945 -0.17756395
vn 0.008007579 -0.98744524 0.15775912
vn 0.008007593 -0.9874423 0.15777731
vn 0.008031078 -0.9785393 -0.20590392
vn 0.011973016 0.9903692 0.13793288
vn 0.013720065 -0.42509568 -0.9050445
vn 0.013724372 -0.4250939 -0.9050452
vn 0.01591669 -0.9829166 0.18336199
vn 0.01718308 -0.05202498 -0.9984979
vn 0.028003603 -0.8364839 -0.5472755
vn 0.03735894 -0.97849214 0.2028729
vn 0.037680835 -0.90007645 0.43409973
vn 0.04734704 -0.8368036 0.54545206
vn 0.052288443 0.9491468 0.31046143
vn 0.054056734 0.4424728 -0.8951512
vn 0.05908671 -0.5534997 -0.8307507
vn 0.06353158 0.67845786 -0.7318871
vn 0.063531995 0.67845786 0.731887
vn 0.063531995 0.67845774 0.7318871
vn 0.06788421 0.16503541 -0.9839487
vn 0.07073587 -0.0850588 -0.9938619
vn 0.0736267 0.52456075 -0.84818345
vn 0.0736267 0.5245607 -0.8481835
vn 0.0757162 -0.093447 -0.99274105
vn 0.0765301 -0.98593444 0.14858176
vn 0.0784716 -0.8966105 0.43581167
vn 0.07847166 -0.89660877 -0.43581513
vn 0.07870346 -0.9462411 -0.31374136
vn 0.0787037 -0.9462414 0.3137402
vn 0.07973021 0.38730332 -0.9184983
vn 0.07973027 0.3873037 0.91849816
vn 0.08472949 0.20178641 0.97575766
vn 0.0861792 0.09082097 -0.99213135
vn 0.0861792 0.090821356 0.99213135
vn 0.08624762 0.09082536 -0.99212503
vn 0.08648771 -0.013483561 -0.9961617
vn 0.0865618 -0.80217874 -0.5907761
vn 0.088333964 -0.008573002 -0.99605405
vn 0.08834851 -0.008556719 0.9960528
vn 0.089921236 0.114351094 0.9893624
vn 0.090780854 0.44410518 -0.89136374
vn 0.09154576 0.19799188 0.9759193
vn 0.09520155 -0.9923873 0.078129366
vn 0.098246336 -0.36840433 -0.92445976
vn 0.108073115 -0.84321684 0.5265982
vn 0.11137909 0.16614357 0.97979134
vn 0.11137909 0.16614495 -0.9797911
vn 0.1153391 0.84029984 0.5297105
vn 0.1169256 -0.03951784 -0.99235415
vn 0.11828858 -0.047950134 0.9918208
vn 0.119276226 -0.34399042 -0.93136656
vn 0.12324619 -0.9861653 -0.11085315
vn 0.12348539 -0.04819845 0.99117523
vn 0.12350047 -0.04819465 -0.9911735
vn 0.1248219 0.98601156 0.110456616
vn 0.12731755 -0.809678 0.5728977
vn 0.1305244 -1.615269E-07 -0.99144506
vn 0.13053095 1.6152677E-07 0.99144423
vn 0.13234365 -0.3248605 -0.9364565
vn 0.13817704 -0.07040896 -0.9879016
vn 0.1414268 -0.9739388 -0.17731789
vn 0.144333 0.4309644 0.8907511
vn 0.1464374 0.96686524 -0.20911151
vn 0.14834678 -0.29431683 -0.9441244
vn 0.14934063 -0.29192442 -0.94471025
vn 0.14944172 0.54597425 -0.824366
vn 0.1525147 -0.954613 -0.25583863
vn 0.15251803 -0.9546124 0.25583866
vn 0.15609407 0.6604217 0.73449147
vn 0.16016018 -0.11426677 0.98045486
vn 0.16016138 -0.54902214 -0.82031876
vn 0.16379976 1.607202E-07 0.9864936
vn 0.16895735 -0.7478497 0.642008
vn 0.17482877 0.8758977 0.4497088
vn 0.17690873 0.89685714 -0.4054016
vn 0.18059576 -0.84585375 0.501913
vn 0.18694007 0.14709006 -0.971297
vn 0.18813336 0.4225962 -0.8865768
vn 0.1881386 0.42259938 0.88657415
vn 0.18814158 0.422598 0.8865741
vn 0.1919012 0.50757927 -0.83996254
vn 0.1919024 0.5075726 0.83996636
vn 0.1928134 0.7163554 0.67056537
vn 0.20484018 -0.42619333 0.88113546
vn 0.2087338 0.49429104 0.843864
vn 0.21156132 -0.97478694 0.070937596
vn 0.21474421 0.15580493 -0.9641627
vn 0.21548295 -0.7802819 -0.58713484
vn 0.22010458 -0.97431993 0.047481593
vn 0.22469604 -0.84400225 -0.48700297
vn 0.2274108 0.9617401 -0.15277557
vn 0.23221791 -0.96755713 0.09953944
vn 0.23706245 -0.9300268 0.28080532
vn 0.2370627 -0.9300268 -0.28080487
vn 0.2405299 -0.7241147 0.646377
vn 0.242275 -0.016169453 -0.9700729
vn 0.24592447 -0.88052297 0.4052167
vn 0.24592459 -0.8805231 -0.4052163
vn 0.24771571 -0.8491239 0.46650362
vn 0.24771702 -0.8491221 -0.4665062
vn 0.24869514 0.38595787 0.88836217
vn 0.24870169 0.38595948 -0.88835955
vn 0.24890709 -0.16095178 0.95506006
vn 0.2519307 -0.56653935 -0.7845789
vn 0.25242448 -0.56250453 0.78731865
vn 0.27173638 0.836369 0.47607386
vn 0.27247334 0.36408165 0.89061934
vn 0.27271652 -0.6192753 -0.7362906
vn 0.2744596 -0.43287537 0.85865635
vn 0.27446294 -0.43287644 -0.8586548
vn 0.275692 0.012350973 0.9611667
vn 0.28082633 0.8273664 0.48641694
vn 0.2808299 -0.82737064 0.4864076
vn 0.28084373 -0.8273583 -0.48642054
vn 0.28084707 0.82735425 -0.48642573
vn 0.28108072 0.3546241 0.8917597
vn 0.28739762 0.025133565 -0.9574815
vn 0.28808093 0.34615347 0.8928533
vn 0.2925589 -0.82197213 0.48864204
vn 0.2984798 0.33194506 -0.8948309
vn 0.30373502 -0.93935454 -0.15924211
vn 0.30814505 0.31634858 0.89720136
vn 0.30903316 -0.2946636 0.9042521
vn 0.3090353 -0.29466534 -0.9042508
vn 0.3096559 0.055765692 -0.949212
vn 0.30965805 0.05576173 0.94921154
vn 0.31030345 0.3124259 0.8978317
vn 0.31203723 0.30910137 -0.89838135
vn 0.31443357 0.30415997 -0.89923203
vn 0.31470895 0.3038489 0.89924085
vn 0.31555533 0.30176312 -0.89964646
vn 0.31702566 0.19954808 -0.9271868
vn 0.31790137 0.07018743 -0.9455223
vn 0.31790137 0.07018747 -0.94552225
vn 0.3187759 -0.91101074 0.26161283
vn 0.31907797 -0.768214 -0.55501044
vn 0.3207488 0.28629345 0.90286
vn 0.3214674 -0.9202056 -0.22333929
vn 0.3262763 0.08773434 -0.9411942
vn 0.33194852 0.42615557 0.84154713
vn 0.3346138 -0.007940971 -0.94232196
vn 0.33931231 -0.19792311 -0.9196159
vn 0.34042096 0.30804944 -0.8883801
vn 0.354208 0.9339856 -0.04698544
vn 0.35448313 -0.7037628 -0.6156782
vn 0.35496712 -0.023119802 0.9345929
vn 0.355973 -0.33584672 0.8720609
vn 0.3614962 -0.91635305 -0.17209744
vn 0.361876 -0.37914675 -0.8516417
vn 0.36727428 -0.08169495 0.926518
vn 0.36743522 -0.08168844 0.9264548
vn 0.37433982 -0.249232 -0.89317024
vn 0.3779316 0.8183281 -0.43302062
vn 0.38169885 -0.36417496 -0.849519
vn 0.38195825 0.014910083 -0.92405933
vn 0.3880756 0.8706945 -0.30213973
vn 0.39014363 -0.6893756 -0.61036813
vn 0.391042 -0.9095587 -0.1406739
vn 0.39489603 -0.8495411 0.349767
vn 0.39874363 -0.8938325 0.20510241
vn 0.39893746 -0.89364123 -0.2055585
vn 0.41084743 -0.8909774 -0.1932971
vn 0.41980362 -0.8986402 -0.12732068
vn 0.4290321 0.90326345 -0.0068278206
vn 0.42987418 0.90278614 -0.013612793
vn 0.4343493 -0.87064904 0.23089151
vn 0.4343505 -0.8706487 -0.23089094
vn 0.44049573 -0.8634262 -0.24588363
vn 0.44084764 0.8786439 0.18340756
vn 0.4408958 0.59630364 0.6708448
vn 0.44134283 0.8772009 0.18903719
vn 0.44274712 -0.8966103 -0.0080625685
vn 0.44312978 -0.8645754 0.2369501
vn 0.44330263 0.3820821 0.8108614
vn 0.445786 0.88428426 0.13898225
vn 0.44979 -0.7042213 0.54932797
vn 0.45018983 -0.25185958 0.8566773
vn 0.45201015 0.8594889 -0.23867476
vn 0.4523809 -0.76207507 0.463242
vn 0.45238233 -0.7620744 -0.4632416
vn 0.45749712 -0.7034757 -0.5438918
vn 0.46304154 -0.64224666 -0.6108287
vn 0.4663403 -0.78872585 0.40054742
vn 0.47384 -0.72142196 -0.505001
vn 0.477046 0.78057724 -0.40388876
vn 0.4842255 -0.3808806 -0.7876901
vn 0.4869926 0.69123495 -0.5338843
vn 0.4926982 -0.829367 0.26343653
vn 0.4961686 -0.50379133 -0.70711464
vn 0.49719214 0.58203226 0.6434583
vn 0.49820685 -0.8219386 0.2760559
vn 0.503047 -0.39708492 -0.76763755
vn 0.5032234 -0.5591181 0.65890294
vn 0.5064678 0.38467675 -0.7716956
vn 0.5069742 0.19775628 -0.8389694
vn 0.50713253 -0.22338271 -0.8324162
vn 0.5102892 -0.84265494 0.17186512
vn 0.5103283 -0.2570836 0.82065403
vn 0.5103283 -0.25708365 -0.82065403
vn 0.51070595 0.02236459 -0.8594645
vn 0.5127082 -0.09580744 -0.85320055
vn 0.51270914 -0.09629796 0.8531448
vn 0.5204177 0.20144877 -0.82980955
vn 0.52743006 0.081584856 0.84567225
vn 0.53012323 0.36784968 -0.7639738
vn 0.54117393 -0.020731837 0.840655
vn 0.5419059 -0.019575885 -0.84021115
vn 0.56203365 0.1684955 -0.8097699
vn 0.5708904 -0.534968 0.6228108
vn 0.5708914 -0.53496563 -0.6228121
vn 0.5752382 -0.43966866 0.6897771
vn 0.57792044 -0.17929552 -0.79615396
vn 0.57849646 -0.693532 -0.42936584
vn 0.584054 0.14370081 0.79889375
vn 0.5874791 -0.80923927 -7.084008E-07
vn 0.5879469 -0.41080576 0.69681925
vn 0.5889945 0.16875792 -0.7903203
vn 0.62691593 -0.11392267 -0.7707127
vn 0.62942886 -0.26076913 0.7319965
vn 0.63520336 -0.5341916 -0.5578136
vn 0.64412165 -0.7461654 -0.16835801
vn 0.6460767 0.51879853 -0.5598508
vn 0.6488795 -0.6123586 0.45163298
vn 0.6659813 0.6714088 0.32508332
vn 0.6687169 -0.22826613 -0.7076102
vn 0.6721349 0.3615302 -0.64616615
vn 0.67213964 0.36152875 0.646162
vn 0.67642117 0.7071323 -0.20595719
vn 0.6817026 0.5012099 -0.53298247
vn 0.6827879 0.45804626 -0.56920487
vn 0.6928134 -0.5485447 -0.46808994
vn 0.69787455 0.64288276 -0.3157101
vn 0.69949055 0.31817025 0.63990676
vn 0.7052183 -0.16070361 0.69053704
vn 0.70710135 1.1520322E-07 0.7071123
vn 0.7100401 -0.15020578 -0.6879544
vn 0.7104254 0.2991738 0.63701713
vn 0.7142925 0.14767793 -0.68408877
vn 0.7142925 0.14768685 0.68408686
vn 0.7142935 0.14768606 -0.68408597
vn 0.7142935 0.14768834 0.6840855
vn 0.7142935 0.1476861 0.68408614
vn 0.71429396 0.14768712 -0.68408537
vn 0.71429396 0.14768758 -0.68408513
vn 0.71429396 0.14768754 -0.6840852
vn 0.71429443 0.14768758 0.68408465
vn 0.71429443 0.14768761 0.68408465
vn 0.7142968 0.14768659 -0.68408245
vn 0.716269 -0.13587813 0.6844676
vn 0.7182565 -0.13106832 -0.6833219
vn 0.7283449 -0.4409659 -0.52446437
vn 0.74271154 0.5862062 0.32363856
vn 0.7436533 -0.4535591 -0.49118623
vn 0.7511382 -0.6394529 0.16398588
vn 0.7524853 -0.63847643 0.16159782
vn 0.7537308 0.6270395 0.19675192
vn 0.7565694 -0.64143515 -0.12713638
vn 0.7572899 -0.5126422 0.40461096
vn 0.76462364 0.30843708 -0.5658773
vn 0.7678504 -0.63812333 -0.05660694
vn 0.7730055 -0.1723314 -0.6105443
vn 0.7784953 0.1406504 -0.6116882
vn 0.79474497 0.42141888 -0.4367912
vn 0.8199792 0.45734888 -0.34418896
vn 0.8221469 -0.28438795 0.49315116
vn 0.82532597 -0.17655009 0.5363461
vn 0.82604456 0.4445743 -0.34641612
vn 0.8293743 -0.536199 -0.15693599
vn 0.83017683 -0.5329008 0.16377749
vn 0.8315234 0.13911788 -0.5377872
vn 0.8315697 -0.5329276 0.15646149
vn 0.8378887 -0.13391791 -0.52915823
vn 0.84072495 -0.2607879 0.4745221
vn 0.84280586 0.50714296 0.18023415
vn 0.84296894 -0.24075003 -0.48108497
vn 0.84340906 -0.23868659 0.48134178
vn 0.85875463 0.18578222 0.47752014
vn 0.8644314 -8.190853E-08 -0.502751
vn 0.8664913 -0.0929429 0.49046353
vn 0.86862326 0.014697135 -0.495255
vn 0.8694782 0.46255168 0.17335995
vn 0.8715825 -0.48995638 -0.016930278
vn 0.87501335 0.28634688 -0.39032942
vn 0.876359 0.39762127 -0.2718315
vn 0.8773365 -0.07605726 -0.4738101
vn 0.8782091 -0.11393021 0.46450898
vn 0.87992334 0.38922292 0.27247104
vn 0.88559437 -0.46434218 -0.010439834
vn 0.88677216 0.45486268 0.08206704
vn 0.8896384 0.4249307 -0.16726454
vn 0.89754486 -0.4286589 0.10327023
vn 0.9012561 0.42930096 -0.058635794
vn 0.9060793 0.41839963 -0.06294386
vn 0.9060793 0.41839963 0.06294373
vn 0.90757084 0.03842078 -0.41813767
vn 0.90870094 0.4174478 -3.4629993E-05
vn 0.90870476 -0.38722327 -0.15592849
vn 0.9101982 -0.3858525 0.15052241
vn 0.91352606 -0.3985403 0.081460685
vn 0.9180217 -0.31507143 0.24076177
vn 0.9195471 -0.39291325 -0.007232479
vn 0.9207907 -0.28283986 -0.26860043
vn 0.9210391 -0.38947007 2.0548802E-08
vn 0.92324305 -0.2519027 0.29011613
vn 0.9312067 0.33183894 -0.15078805
vn 0.9314356 0.3398301 -0.13016576
vn 0.9342437 0.32386422 -0.1493342
vn 0.93594027 -0.18780145 0.29790345
vn 0.93594027 -0.18780154 -0.29790348
vn 0.9361644 0.17749482 0.3034664
vn 0.9371338 0.13467629 -0.32193565
vn 0.9371457 -0.039959505 -0.34664285
vn 0.9442992 0.036833994 0.3270202
vn 0.9442992 0.036833644 -0.32702032
vn 0.9448571 0.03656421 -0.3254351
vn 0.9469547 0.086935416 0.30938482
vn 0.94697714 0.15465248 -0.2816326
vn 0.9521127 -0.04920589 -0.30176184
vn 0.9526329 0.08042597 -0.2932952
vn 0.9559288 0.14124021 -0.25739357
vn 0.9569907 0.18747862 -0.2214061
vn 0.9657717 0.23756474 -0.10415358
vn 0.9685087 -0.2194115 0.11768335
vn 0.9689088 -0.22888389 -0.09395698
vn 0.9710059 -0.12020632 -0.2066351
vn 0.97121716 -0.15480171 -0.18103512
vn 0.97389936 0.22084072 0.052435312
vn 0.97561073 0.2150343 0.04408867
vn 0.9756837 -0.18031739 0.124607295
vn 0.97696114 -0.21246345 0.020156015
vn 0.9782057 -0.20541595 0.030297078
vn 0.9782057 -0.20541595 -0.03029703
vn 0.9808736 -0.18283813 0.066762716
vn 0.98146534 0.19117898 0.013276381
vn 0.9814658 0.19117713 -0.013276706
vn 0.9870658 -0.0985614 -0.12643842
vn 0.98711014 0.15386294 0.044042576
vn 0.9888835 0.13156049 -0.06929113
vn 0.98964214 0.10923169 -0.09315016
vn 0.98964214 0.10923167 0.09314975
vn 0.98992395 0.10962349 0.08962897
vn 0.9923434 0.018651627 -0.1220932
vn 0.9996195 -0.021175986 0.017674334
vn 0.9996195 -0.021176446 -0.017674105
vn 0.9999671 0.007898551 0.0018497613
vn 0.9999671 0.007898549 -0.0018498274
vn 0.9999671 0.007898888 -0.0018394274
vn 0.9999671 0.007898893 0.0018391697
vn 0.9999676 0.007922757 0.0014081586
vn 0.9999676 0.007922742 -0.0014087717
vn -9.820923E-08 -1.6292068E-07 -1
vn -9.820923E-08 1.6292068E-07 1
vn -6.672499E-07 -0.8273356 -0.5617079
vn -9.3412973E-07 -1 1.6292068E-07
vn -1.0792537E-06 -1 1.6292068E-07
vn -1.6764852E-06 0.99999994 -1.6292067E-07
vn -0.002009837 -0.34319627 0.93926156
vn -0.007343903 0.99638826 -0.084595956
vn -0.00802727 0.9784689 -0.20623818
vn -0.008041374 0.9760613 -0.21734656
vn -0.009621799 -0.9856538 -0.16850482
vn -0.01210703 -0.04131835 -0.99907273
vn -0.013322853 0.98439896 -0.17544554
vn -0.015301347 0.9842252 -0.17625761
vn -0.017295212 0.052025545 -0.998496
vn -0.018528089 -0.43582705 -0.89983976
vn -0.019269586 0.16649106 -0.9858546
vn -0.027500391 0.17630206 0.9839519
vn -0.029672086 -0.9392907 0.34183693
vn -0.035100758 0.21089843 -0.97687757
vn -0.035101175 0.21088876 0.97687966
vn -0.036943078 -0.028986827 0.9988969
vn -0.03715533 -0.32197657 0.94601834
vn -0.03817275 0.8973025 0.4397625
vn -0.041457623 0.4117324 -0.91036123
vn -0.042263925 0.4921069 -0.86950815
vn -0.051011413 0.8525147 0.5202081
vn -0.052319556 -0.9675573 0.24717496
vn -0.054375947 0.2127448 -0.9755937
vn -0.054758906 -0.8386019 -0.5419856
vn -0.069180846 0.20413493 0.9764952
vn -0.07064152 -0.018272698 -0.99733436
vn -0.071632564 0.5601949 -0.8252578
vn -0.07843393 -0.4212133 -0.9035638
vn -0.07843393 -0.42121336 -0.9035638
vn -0.07909644 0.988598 -0.12813175
vn -0.08401066 0.12636794 0.98841965
vn -0.084065616 -0.12853207 -0.9881359
vn -0.08663803 0.06314693 -0.9942366
vn -0.0884037 0.008560983 -0.9960479
vn -0.09079987 -0.4440975 -0.89136577
vn -0.090801775 -0.44409743 -0.8913655
vn -0.09196061 -0.19978316 0.9755153
vn -0.09246528 -0.98851657 -0.1195212
vn -0.092547 -0.19787729 0.9758482
vn -0.10391873 -0.9945858 1.6617165E-07
vn -0.118530154 -0.38450795 0.9154804
vn -0.119253516 0.3439952 -0.93136775
vn -0.12356603 0.06154301 0.9904261
vn -0.12654603 0.33378834 0.93411535
vn -0.13002157 -0.52303 -0.84233844
vn -0.13133252 -0.1693279 -0.9767701
vn -0.13230538 0.3248544 -0.9364641
vn -0.13310897 -0.40468588 0.90471613
vn -0.135463 0.9784763 0.15567222
vn -0.1369574 0.22902435 0.9637378
vn -0.1382358 -0.55375594 -0.8211244
vn -0.14534295 0.08310719 0.9858847
vn -0.146837 -0.8892265 0.43326107
vn -0.14749277 0.5617896 -0.814026
vn -0.14848089 0.29388678 -0.94423723
vn -0.14884341 0.29313996 0.94441235
vn -0.15300536 -0.7545222 0.6381893
vn -0.15431297 0.101144165 -0.9828313
vn -0.15431619 0.10113911 0.9828313
vn -0.15547991 0.9805354 0.11990149
vn -0.15718746 0.107452035 0.9817057
vn -0.15948975 -0.43306452 0.8871404
vn -0.15993106 0.5490706 -0.82033134
vn -0.16212928 0.7484499 0.6430683
vn -0.16626942 0.50270563 -0.84831685
vn -0.16699338 0.13106811 -0.9772074
vn -0.16769063 0.20833437 0.9635749
vn -0.17242455 -0.8805226 0.44153115
vn -0.17642558 0.9706458 -0.16346483
vn -0.19768572 0.96174014 0.18967456
vn -0.20316982 0.28235224 -0.93754965
vn -0.20746148 0.2780754 0.93788797
vn -0.2146349 0.13637526 0.96712655
vn -0.24220538 0.016238945 -0.9700891
vn -0.24220753 0.016237438 -0.97008866
vn -0.24412 0.74738884 0.6179121
vn -0.2487334 -0.38591114 0.8883717
vn -0.25761127 -0.8553842 0.4493933
vn -0.26083064 0.0016053542 -0.96538323
vn -0.26315093 -0.9102037 -0.31981382
vn -0.26437902 -0.8458535 0.46328786
vn -0.26437926 -0.84585375 -0.46328732
vn -0.2711401 0.9481167 -0.16600505
vn -0.27248764 -0.36404884 -0.8906284
vn -0.27248788 -0.3640486 -0.89062846
vn -0.27358913 0.94810766 0.16199075
vn -0.27376842 0.94818884 0.16121009
vn -0.27705288 -0.74784935 0.60329336
vn -0.28085518 -0.8273495 0.48642913
vn -0.28878927 -0.6742559 -0.679691
vn -0.2889552 0.19270553 0.937747
vn -0.29255557 -0.82197344 -0.48864195
vn -0.29262066 -0.5174984 0.80409485
vn -0.2934451 0.43266618 0.8524611
vn -0.29379988 -0.33861753 0.8938791
vn -0.2961521 -0.9165773 0.26866323
vn -0.29656148 -0.41097325 0.86206275
vn -0.29832482 0.79519564 -0.5278885
vn -0.30174732 -0.21404673 0.9290493
vn -0.30334067 0.8849232 -0.35340545
vn -0.30554342 -0.32087374 -0.8964838
vn -0.30555677 -0.3208766 0.89647824
vn -0.30815458 -0.3163483 -0.89719814
vn -0.30966258 -0.055739887 0.9492113
vn -0.309788 0.9499149 0.041147802
vn -0.310287 -0.08344452 -0.9469737
vn -0.310287 -0.08344421 0.9469737
vn -0.31136966 0.0887433 0.9461361
vn -0.3144598 -0.30416924 -0.8992197
vn -0.31471205 -0.3038486 -0.89923984
vn -0.31551147 -0.30175757 -0.8996638
vn -0.31552792 -0.30176473 0.8996556
vn -0.32630777 -0.08771907 -0.94118464
vn -0.327317 -0.090087764 -0.9406104
vn -0.32765174 -0.09093713 -0.9404121
vn -0.32765198 -0.09093231 0.94041246
vn -0.3384061 -0.7730685 -0.53651315
vn -0.348845 -0.08431784 0.93337965
vn -0.35086393 -0.64224666 0.68147904
vn -0.35498357 0.022365369 0.934605
vn -0.35693383 -0.7034772 -0.61458766
vn -0.3577206 -0.14405921 0.92265
vn -0.3580308 -0.095805936 0.9287815
vn -0.3580413 -0.09629662 -0.9287267
vn -0.36103034 0.1797234 0.9150719
vn -0.36187363 0.37907162 0.8516761
vn -0.3625369 0.91793895 -0.16110621
vn -0.36303353 0.91778326 0.16087414
vn -0.36325312 -0.39708433 -0.84283525
vn -0.3690591 0.47760117 0.79730326
vn -0.37093925 -0.63389146 0.67866457
vn -0.37188148 0.8828167 0.2869478
vn -0.37237954 0.08194966 0.9244554
vn -0.37237954 0.081948906 -0.92445546
vn -0.3730538 -0.6095302 0.6995026
vn -0.37305427 -0.6095301 -0.69950235
vn -0.38198376 0.070248164 -0.9214954
vn -0.3844204 -0.81225187 -0.43871152
vn -0.3932376 0.90819496 -0.14333914
vn -0.39557552 0.9067669 0.14592361
vn -0.4002018 0.8912375 -0.2133873
vn -0.40096545 0.035563312 0.91540265
vn -0.40306854 0.914936 0.020687165
vn -0.40426254 -0.89125514 -0.20551431
vn -0.4050393 0.6640764 -0.6284471
vn -0.40862274 0.84596545 -0.34259292
vn -0.4127879 -0.5255898 0.74388266
vn -0.41551542 0.8858061 -0.20662661
vn -0.4158373 -0.9036877 -0.10211631
vn -0.42083025 0.46517435 -0.77879053
vn -0.4214387 0.90326333 -0.080652475
vn -0.4272089 0.90370655 0.028409444
vn -0.42893958 -0.90331143 -0.006274684
vn -0.43407702 0.8020391 -0.41025665
vn -0.43817997 -0.88246197 0.17105357
vn -0.44481063 -0.8859326 0.1314037
vn -0.4455726 0.72218376 -0.5290705
vn -0.4480722 -0.82125443 -0.35323152
vn -0.4480722 -0.8212543 0.35323176
vn -0.45148325 -0.86884934 -0.2031348
vn -0.45222402 0.7638887 -0.46039927
vn -0.4531381 0.8767282 0.16128714
vn -0.4531386 0.72553957 -0.5179361
vn -0.45749784 0.7035008 -0.5438589
vn -0.46146655 -0.8461536 -0.26659453
vn -0.46481085 -0.12107148 -0.8770933
vn -0.46611452 -0.8737027 0.139215
vn -0.46857738 0.57904786 0.6671872
vn -0.4789853 0.45263314 0.7521278
vn -0.4804492 -0.82546425 0.29627255
vn -0.4806795 0.18166111 -0.85787314
vn -0.48239994 -0.8487433 -0.2166217
vn -0.48432255 0.3802664 0.7879271
vn -0.48771596 0.6124395 0.6221342
vn -0.48840427 0.30804977 0.8164353
vn -0.49147844 -0.7738612 -0.3994844
vn -0.49470353 -0.55062836 -0.6723666
vn -0.49540854 -0.7608034 -0.4192237
vn -0.4954095 -0.7608029 0.41922346
vn -0.49927545 0.5513809 0.66835845
vn -0.49960065 0.3426337 0.7956138
vn -0.50093555 -0.4768818 0.72225165
vn -0.5022826 -0.41671583 0.75766754
vn -0.50507784 -0.28675053 -0.8140457
vn -0.5080366 -0.40705106 0.7590838
vn -0.5088506 -0.110539205 0.85372835
vn -0.5088506 -0.11053839 -0.8537285
vn -0.51068974 -0.023120575 -0.85945415
vn -0.51068974 -0.02312042 0.8594541
vn -0.5127063 0.09640628 -0.8531342
vn -0.5127063 0.0964065 0.8531342
vn -0.51776123 0.0010364931 -0.8555245
vn -0.51957273 0.6692849 0.53113264
vn -0.51985264 -0.6941612 -0.49788892
vn -0.5222025 -0.081831045 0.8488865
vn -0.52358913 -0.37747964 -0.76378244
vn -0.5241566 -0.08173693 0.84769034
vn -0.5241575 -0.08173788 -0.84768975
vn -0.5290742 0.051370773 -0.84701914
vn -0.52916765 -0.4651282 -0.7096741
vn -0.531199 -0.3589524 0.7674508
vn -0.5405903 0.023935506 -0.8409455
vn -0.56908274 0.45242655 0.6866259
vn -0.5717578 -0.6107589 -0.54778326
vn -0.58350754 0.4213236 0.69426614
vn -0.5857377 0.41610137 -0.69553643
vn -0.6173544 -0.0056915074 -0.78666466
vn -0.6199961 0.6518613 -0.43667123
vn -0.62471485 -0.75202423 0.21021612
vn -0.6323848 -0.5382874 -0.55707824
vn -0.6529069 0.25274214 0.7140266
vn -0.65805197 0.38468394 0.6472912
vn -0.6646185 0.7420653 -0.08730042
vn -0.67216873 0.4989241 -0.5470502
vn -0.6751566 0.5788762 -0.45723736
vn -0.6756396 -0.0047604535 0.73721665
vn -0.67678833 -0.7068179 0.20582977
vn -0.6825113 0.34221828 -0.6458056
vn -0.6827965 -0.45803478 -0.569204
vn -0.70253515 0.69204605 -0.16588172
vn -0.7066722 -0.40836927 -0.57779664
vn -0.7087827 0.38208723 0.59298944
vn -0.7087903 0.38208887 -0.5929791
vn -0.70981693 0.45393333 0.5386135
vn -0.7114067 0.45568678 0.53502345
vn -0.71428823 -0.14768656 -0.68409145
vn -0.7142906 -0.14767516 -0.6840913
vn -0.7142916 -0.14768751 0.6840876
vn -0.71429396 -0.14768642 -0.6840854
vn -0.71429396 -0.14768565 0.68408555
vn -0.71429396 -0.1476873 -0.68408525
vn -0.71429443 -0.14768854 -0.6840845
vn -0.7142949 -0.14768787 0.68408406
vn -0.7142954 -0.1476871 -0.6840837
vn -0.71429586 -0.14768636 0.68408346
vn -0.71857405 0.1303412 -0.683127
vn -0.71920013 -0.66502714 0.20122157
vn -0.71920776 -0.2809709 0.63544905
vn -0.7192092 -0.2809683 -0.6354486
vn -0.7213626 -0.61253995 0.32315758
vn -0.7215924 0.50080156 -0.47801906
vn -0.722116 0.6881202 -0.07098668
vn -0.72248745 -0.19008094 -0.66474134
vn -0.72692394 -0.24641049 0.6409863
vn -0.7310991 0.48199242 -0.48288453
vn -0.7311015 0.4819926 0.4828806
vn -0.742301 0.41684586 -0.52462244
vn -0.74858856 0.44371969 -0.49267435
vn -0.75389767 -0.62687916 0.19662346
vn -0.7543769 -0.21824351 0.6191004
vn -0.7587471 -0.5616782 -0.32987952
vn -0.7666559 0.3824991 0.51568705
vn -0.7680254 -0.17510767 0.6160147
vn -0.7858963 0.35245872 0.5080747
vn -0.80005026 0.46892217 -0.3742078
vn -0.8046346 -0.4859912 0.34113872
vn -0.81113386 0.13582556 0.5688701
vn -0.8204813 0.54653764 0.1676515
vn -0.8315263 0.5544613 0.0337142
vn -0.8356819 -0.42133167 -0.35230026
vn -0.84372044 0.5129493 0.15817323
vn -0.8462534 0.2322198 -0.4795093
vn -0.8474417 -0.08608907 0.5238618
vn -0.85886 -0.21780182 0.46359655
vn -0.8607359 -0.28284 -0.42324364
vn -0.8616576 0.120399274 0.49300116
vn -0.86290264 0.1271217 0.48912072
vn -0.8642082 -0.051459067 -0.5004958
vn -0.8659134 -0.34599048 0.36122653
vn -0.8661952 0.052113738 0.4969809
vn -0.8676429 0.1346775 0.4785998
vn -0.8676429 0.13467702 -0.4786
vn -0.86978006 -0.12031514 0.47854677
vn -0.87329626 0.22223839 0.43354777
vn -0.87417746 0.036949366 0.4841988
vn -0.8768492 -0.39938262 0.26763606
vn -0.87771416 0.42276368 -0.22558536
vn -0.8781886 -0.34488606 0.33141866
vn -0.8802409 -0.4430362 -0.16998464
vn -0.8802409 -0.4430345 0.16998938
vn -0.8813977 -0.42512566 0.20592786
vn -0.88368416 -0.41820806 -0.21024807
vn -0.8880825 0.4540198 -0.071940914
vn -0.88987637 -0.42888486 -0.15549251
vn -0.89190054 0.39529827 -0.21966513
vn -0.8925314 -0.11619199 -0.43576026
vn -0.89507484 0.33983102 0.28871426
vn -0.8963151 -0.44294852 0.02039271
vn -0.8968034 0.4424144 0.003635377
vn -0.901989 -0.42162776 0.09298404
vn -0.901989 -0.42162776 -0.092983976
vn -0.9057088 0.41723114 -0.074898556
vn -0.9057088 0.4172311 0.07489839
vn -0.9093976 -0.41588616 0.005895347
vn -0.9135642 0.0026070953 0.40668622
vn -0.92381525 -0.3605721 0.12865923
vn -0.92486477 0.2984008 0.2357586
vn -0.9251509 -0.3474539 -0.15287787
vn -0.92596054 -0.00064368383 0.3776196
vn -0.9300246 0.15281865 0.3342164
vn -0.933547 0.07505833 0.35050833
vn -0.9355912 0.23207265 -0.26610413
vn -0.9361458 -0.1782332 0.30309054
vn -0.9392953 0.11832244 0.32206228
vn -0.94038916 0.045119893 -0.33709413
vn -0.9408059 0.32063726 0.109890975
vn -0.9443617 -0.038179383 0.32668543
vn -0.9462328 -0.075482585 0.31455678
vn -0.95049095 -0.080908194 0.30003485
vn -0.95943546 -0.11611501 -0.25690657
vn -0.962028 -0.22271083 0.15780312
vn -0.96215296 0.13156106 0.23864886
vn -0.96527815 -0.22757158 0.12825486
vn -0.9653635 0.23480307 0.11375797
vn -0.9680557 -0.22915995 0.1017536
vn -0.9680557 -0.22915956 -0.101753965
vn -0.9684367 -0.22678933 -0.103425935
vn -0.9696088 -0.22883438 -0.086566225
vn -0.9705553 0.24087857 3.7248458E-09
vn -0.9706068 -0.2288821 -0.074400246
vn -0.97099066 0.23525237 0.042820856
vn -0.9715514 -0.22630323 -0.069818825
vn -0.9726558 0.21083434 -0.097414404
vn -0.9736862 -0.22383665 0.042806704
vn -0.9736862 -0.2238364 -0.042806465
vn -0.98082685 0.18748003 0.05319676
vn -0.9847889 -0.060137056 0.16301683
vn -0.984818 0.15691599 -0.07423529
vn -0.985981 0.1412438 -0.088835426
vn -0.9867368 0.12684679 -0.101294026
vn -0.9867368 0.12684649 0.10129453
vn -0.9869795 0.12590234 -0.100100696
vn -0.9880624 0.100534335 -0.116728805
vn -0.9885149 -0.09419883 -0.118172444
vn -0.98880243 -0.10658991 -0.10444316
vn -0.98900175 0.06540871 0.13265418
vn -0.98900175 0.06540845 -0.13265459
vn -0.9899607 0.02401531 0.1392876
vn -0.99093485 -0.12452517 0.05041412
vn -0.9923558 -0.01943367 -0.12186991
vn -0.9935899 -0.017677935 0.111654535
vn -0.9936657 -0.0026249879 0.112345934
vn -0.9936657 -0.0026250284 -0.112345956
vn -0.9940829 -0.041634947 -0.100328155
vn -0.9999671 -0.007894724 -0.0018715874
vn -0.9999671 -0.007894568 0.0018628993
vn -0.9999671 -0.007894571 -0.0018628968
vn -0.99996805 -0.007886824 0.0013105557
vn -0.99996805 -0.007889114 -0.001306573
vn -0.99996805 -0.007886829 -0.0013105433
vn -0.99996805 -0.007889129 0.0013068973
vn 3.3006611E-07 1 1.6389316E-06
vn 6.950518E-07 0.82733154 -0.5617138
vn 9.3418754E-07 -1 1.6292068E-07
vn 2.5146858E-06 1 -1.6292068E-07
vn 0.0007626005 0.0919904 -0.9957596
vn 0.0037295802 -0.999993 1.1239493E-06
vn 0.0059899655 -0.99759835 -0.06900435
vn 0.008035385 -0.97261417 -0.23228683
vn 0.008036406 -0.9726141 0.23228686
vn 0.008046449 -0.9825288 -0.18593681
vn 0.018603193 0.43582854 0.8998375
vn 0.024843337 -0.99948347 -0.020386975
vn 0.024995985 -0.6703869 -0.7415905
vn 0.026676388 -0.9512304 -0.30732605
vn 0.029133992 -0.8266245 -0.5619992
vn 0.029134067 -0.82662535 0.56199795
vn 0.037358705 -0.97849256 -0.20287111
vn 0.037681047 -0.90007657 -0.43409947
vn 0.039183293 -0.7461279 0.6646488
vn 0.04155958 -0.4116887 0.9103764
vn 0.050473902 -0.0597448 -0.99693686
vn 0.050477985 -0.059745483 -0.99693656
vn 0.05751783 0.016133742 0.9982141
vn 0.062338326 -0.47664392 0.87688345
vn 0.07025302 -0.9712987 -0.22725175
vn 0.07025302 -0.9712986 0.22725208
vn 0.070752986 -0.17343839 0.9822999
vn 0.07123751 -0.5669503 0.820666
vn 0.07446808 0.0034694686 0.99721736
vn 0.076025374 0.13571477 0.9878268
vn 0.076078184 -0.9924196 0.09651632
vn 0.076079614 -0.99241936 -0.09651726
vn 0.08272768 -0.48117632 -0.8727116
vn 0.08318598 -0.27335873 0.95830846
vn 0.083789535 0.89262426 0.44294593
vn 0.084172376 0.2103579 -0.97399414
vn 0.0847295 0.20178644 0.9757577
vn 0.08619649 0.2577639 0.9623554
vn 0.08760495 0.99355745 0.07189533
vn 0.09078104 0.44410545 0.8913637
vn 0.11000276 -0.3555495 -0.92816156
vn 0.11000324 -0.355549 -0.92816174
vn 0.113375194 -0.45925796 0.88103807
vn 0.11828495 -0.047962014 -0.99182075
vn 0.12350053 -0.04819474 -0.99117345
vn 0.12652542 0.44071275 0.8886865
vn 0.12677993 0.9896709 0.06692118
vn 0.12691976 -0.81116337 0.5708811
vn 0.13609745 -0.11915584 -0.9835036
vn 0.13690545 -0.3171569 0.9384394
vn 0.13714923 -0.2140458 0.9671476
vn 0.13818218 -0.07039702 0.98790175
vn 0.14205338 -0.97436273 0.17446515
vn 0.14358427 -0.41097447 -0.9002687
vn 0.14532806 -0.083111174 -0.9858865
vn 0.14882244 -0.29312474 0.94442034
vn 0.14979805 -0.290815 -0.94497997
vn 0.15454973 -0.023338322 -0.98770934
vn 0.15916266 -0.05486036 -0.98572695
vn 0.16260733 -0.7406359 0.65193355
vn 0.1689756 -0.13611177 0.9761766
vn 0.19073226 -0.04840019 0.9804482
vn 0.19142808 -0.044121332 -0.98051447
vn 0.19143368 -0.04411779 0.9805135
vn 0.19173492 -0.9110504 -0.36500007
vn 0.19345059 0.9769371 0.090392195
vn 0.20915903 -0.4536527 -0.8662861
vn 0.21415223 -0.8828772 0.41793144
vn 0.21619608 0.3037744 -0.92789024
vn 0.22163107 0.13935895 -0.9651211
vn 0.22831644 -0.96044385 -0.15943405
vn 0.23180367 0.96541995 0.1192956
vn 0.23221804 -0.9675572 -0.099538155
vn 0.232435 0.39810705 0.88740337
vn 0.23974301 0.9708363 8.019791E-07
vn 0.24452569 -0.02602113 0.96929365
vn 0.24938728 0.16676532 -0.9539367
vn 0.25388363 -0.8188487 -0.5148104
vn 0.25591376 0.21644883 -0.9421561
vn 0.25591376 0.21644835 0.94215614
vn 0.25741795 -0.5308014 0.8074563
vn 0.25881842 -1.5736931E-07 -0.96592593
vn 0.25881842 1.5736931E-07 0.96592593
vn 0.260685 -0.7545216 0.60227937
vn 0.26130298 0.94127536 0.2138259
vn 0.2618449 0.37455302 -0.88946456
vn 0.26908663 0.96302575 0.01318266
vn 0.27446297 -0.43287644 -0.8586548
vn 0.27612188 0.46090376 -0.84340054
vn 0.2808397 -0.82735837 -0.48642296
vn 0.28405002 -0.38523117 0.87801623
vn 0.29183796 -0.4121826 -0.8630968
vn 0.29660848 0.03664069 -0.95429605
vn 0.29685357 -0.1697227 -0.9397192
vn 0.29685357 -0.16972232 0.93971914
vn 0.30373576 -0.9393543 0.15924272
vn 0.30388215 0.0468383 0.9515575
vn 0.30520537 -0.84977025 -0.42981404
vn 0.30520657 -0.8497688 0.42981625
vn 0.30553082 0.32086968 -0.8964896
vn 0.31030348 0.31242594 0.8978318
vn 0.31036595 -0.29005855 0.9052839
vn 0.31340888 0.3063476 0.89884704
vn 0.31424668 0.0635204 -0.9472138
vn 0.3150833 0.3029376 -0.8994172
vn 0.3151572 0.302592 -0.8995077
vn 0.31554678 0.30176467 0.89964896
vn 0.3155494 0.3017459 -0.89965445
vn 0.3166931 -0.19669777 -0.92790914
vn 0.31886843 0.94142556 0.109730594
vn 0.3230677 -0.94624096 -0.015979331
vn 0.32490256 0.0846009 -0.9419559
vn 0.32833627 0.09252361 0.9400185
vn 0.32834676 0.09250823 -0.9400163
vn 0.33580783 -0.9360468 0.10511677
vn 0.3364425 -0.20664373 0.9187518
vn 0.3404937 0.31351504 0.886438
vn 0.34381416 0.5183875 -0.7829854
vn 0.35079935 0.64144844 -0.6822637
vn 0.35272554 0.93311024 0.06992781
vn 0.35413745 -0.110538475 -0.9286377
vn 0.35413745 -0.1105374 0.92863774
vn 0.35735872 0.14167227 0.9231597
vn 0.36128333 0.2572401 0.89627117
vn 0.3693631 -0.08160311 -0.9256953
vn 0.37436202 -0.090917476 0.9228147
vn 0.37742928 0.024653697 0.9257102
vn 0.3799565 0.725603 -0.5737014
vn 0.3801644 -0.3660735 0.84939116
vn 0.3806601 0.8762547 0.29542458
vn 0.38268593 1.505189E-07 0.92387843
vn 0.3892 -0.83729374 -0.38400853
vn 0.39539126 -0.91105103 -0.11684036
vn 0.397074 -0.9061564 -0.14564587
vn 0.3994737 -0.9129744 0.08305694
vn 0.40032938 -0.7807928 -0.4796864
vn 0.4026616 -0.034821462 -0.9146864
vn 0.4026654 -0.03482046 0.9146847
vn 0.4029148 0.844954 0.3517276
vn 0.40300825 -0.91495824 0.020872217
vn 0.4086292 -0.84615254 -0.34212297
vn 0.4103234 -0.5982973 0.6882406
vn 0.41484097 0.35979107 0.83573765
vn 0.41529515 -0.77386045 0.4781944
vn 0.41576508 -0.76080257 0.49831602
vn 0.4165528 0.90402246 -0.09605849
vn 0.4214442 -0.9033107 -0.08009076
vn 0.42450216 0.101376064 -0.8997338
vn 0.42992213 0.35794884 0.8288785
vn 0.4307542 -0.7685591 -0.47304082
vn 0.43362692 -0.8912554 0.13278355
vn 0.43670395 0.8319886 -0.3421765
vn 0.43724254 -0.3182784 -0.84114075
vn 0.440496 -0.8634259 0.24588391
vn 0.4408467 0.8786442 -0.18340804
vn 0.45064738 0.86889887 0.20477252
vn 0.4511502 -0.6971762 -0.55714345
vn 0.45988157 0.78599054 -0.41319218
vn 0.4599698 -0.23992065 -0.8549069
vn 0.46291283 0.8353394 0.29651266
vn 0.4630418 -0.64224607 0.6108292
vn 0.47270492 -0.1797149 -0.8627008
vn 0.47323897 0.88093406 -1.5823505E-07
vn 0.47323897 0.880934 -1.6666046E-07
vn 0.48774984 -0.6122335 -0.62231046
vn 0.48804095 -0.31419462 0.81430817
vn 0.4971917 0.582033 -0.6434579
vn 0.49999645 -1.4109378E-07 -0.8660275
vn 0.49999645 1.4109378E-07 0.8660275
vn 0.50606304 -0.08558522 -0.85823977
vn 0.5069676 0.1980524 -0.83890355
vn 0.5071283 -0.22338377 0.83241856
vn 0.5077062 0.2551832 0.8228706
vn 0.5088597 0.109978445 0.85379535
vn 0.5088597 0.10997781 -0.8537954
vn 0.51028734 -0.8426563 -0.17186335
vn 0.5104118 -0.25474793 0.82133013
vn 0.5104118 -0.25474796 -0.8213302
vn 0.510706 0.022364689 0.8594645
vn 0.5127092 -0.09629748 -0.8531449
vn 0.5220986 0.23468684 0.81996036
vn 0.52552134 0.08167722 -0.84685075
vn 0.52722794 0.08160911 -0.84579587
vn 0.52875906 -0.73996794 -0.41576573
vn 0.53805786 -0.010355375 -0.8428443
vn 0.5412856 -0.022419054 -0.8405399
vn 0.5539823 0.18314613 0.81213367
vn 0.55989844 0.8004207 0.21410395
vn 0.5598989 0.80041945 -0.21410705
vn 0.5620294 0.16849759 0.8097725
vn 0.5667477 -0.62185013 0.5404624
vn 0.5673242 -0.6144258 -0.54829216
vn 0.56732804 -0.6144261 0.54828787
vn 0.5691009 -0.45239457 0.6866318
vn 0.58255965 0.37745595 -0.71982723
vn 0.5825611 0.37745255 0.7198278
vn 0.58405405 0.1436985 -0.79889387
vn 0.5874806 -0.8092382 9.720034E-08
vn 0.59346014 -0.79794693 -0.105289035
vn 0.60783964 -0.3119194 0.7302309
vn 0.6330529 -0.2804757 -0.7215105
vn 0.6331273 -0.372856 0.67832744
vn 0.63520294 -0.53419244 0.5578132
vn 0.64774185 0.5146093 0.5617899
vn 0.6547561 0.3864804 -0.6495593
vn 0.65475804 0.38648048 0.64955735
vn 0.6575981 0.5012102 -0.5624526
vn 0.6817027 0.5012097 0.5329825
vn 0.6916037 0.41761693 0.58930504
vn 0.6989623 0.42568547 -0.5746683
vn 0.7071195 -1.1520024E-07 -0.707094
vn 0.71003586 -0.15020216 0.6879596
vn 0.71267706 0.39360604 -0.58065957
vn 0.71429354 0.14768702 0.68408585
vn 0.71429354 0.14768763 -0.68408555
vn 0.71429354 0.14768468 0.68408626
vn 0.714294 0.14768612 -0.6840854
vn 0.714294 0.14768624 -0.6840854
vn 0.714294 0.14768729 -0.6840852
vn 0.714294 0.1476873 0.68408525
vn 0.7142945 0.1476876 0.6840846
vn 0.7142945 0.1476843 -0.68408525
vn 0.7142945 0.14768742 0.6840848
vn 0.71429545 0.14768693 0.6840838
vn 0.718957 0.6652516 0.20134836
vn 0.73588663 0.30617532 -0.60392684
vn 0.7377487 -0.46624398 0.48820433
vn 0.7405153 -0.17749296 0.64817697
vn 0.7501765 -0.43998346 0.49360886
vn 0.7533608 -0.43197244 -0.49582988
vn 0.75582606 0.206131 0.62147963
vn 0.8031755 -0.26361385 0.5342441
vn 0.81313616 0.47112682 0.3418319
vn 0.8163157 0.37085673 0.44282505
vn 0.8221455 -0.28438947 -0.49315244
vn 0.825326 -0.17654866 -0.5363466
vn 0.82600456 0.5327843 -0.1840038
vn 0.82600456 0.53278464 0.1840025
vn 0.8314777 0.43262234 -0.34854358
vn 0.8402105 -0.24598932 0.48325518
vn 0.8441773 -0.23769268 0.48048604
vn 0.8454161 -0.23407288 -0.4800848
vn 0.8506842 -0.51420015 0.10924545
vn 0.85392624 -0.51981115 -0.024625843
vn 0.85855395 0.12259739 -0.49785027
vn 0.8585544 0.12259762 0.49784946
vn 0.8658419 0.34536856 0.3619923
vn 0.8661967 -0.051507864 -0.49704143
vn 0.8666735 -0.010227429 -0.49877086
vn 0.86737067 0.37515968 0.32699135
vn 0.8702789 0.37263548 -0.32211396
vn 0.87217575 0.23633087 0.42831916
vn 0.8732162 0.27875757 0.39973456
vn 0.874775 0.14058332 0.4636864
vn 0.8763104 0.4616999 -0.13752557
vn 0.8790179 -0.035256546 -0.47548345
vn 0.88349015 -0.15140007 0.44330937
vn 0.8846913 0.45163763 -0.11551971
vn 0.8864227 -0.4429486 0.13435526
vn 0.8867722 0.45486253 -0.08206729
vn 0.8883081 -0.45395717 0.0695096
vn 0.8896385 0.4249323 0.16726017
vn 0.8900762 0.45319465 -0.04877358
vn 0.8913432 -0.45165586 -0.03891214
vn 0.89503294 0.4322052 -0.1100666
vn 0.9020434 0.42213535 0.09010735
vn 0.903699 -0.42512327 -0.05097436
vn 0.9052225 -0.41776887 0.0777268
vn 0.90669495 -0.41820696 -0.054837544
vn 0.90844923 0.40557852 -0.10112421
vn 0.9121719 -0.40979612 0.003098049
vn 0.91352564 -0.39854106 -0.0814606
vn 0.9139839 0.3922912 0.10363991
vn 0.91771847 -0.015778307 0.39691776
vn 0.91771847 -0.015778247 -0.39691803
vn 0.92107254 -0.38930634 0.008111044
vn 0.9219938 0.37193564 -0.10766324
vn 0.9235192 0.3623768 -0.1256796
vn 0.92508894 0.3472713 -0.15366533
vn 0.9258967 -0.217801 -0.3086715
vn 0.9292832 0.3190368 -0.18614028
vn 0.9342423 0.32386956 0.1493312
vn 0.9388762 0.052111216 -0.34028792
vn 0.9388762 0.052111197 0.3402879
vn 0.94027716 0.0010414037 0.34040818
vn 0.94027716 0.001041288 -0.34040827
vn 0.9404784 -0.08558798 -0.32889977
vn 0.9448572 0.036564596 0.32543486
vn 0.948206 -0.31032583 -0.06784744
vn 0.95211273 -0.049205583 0.30176172
vn 0.9533668 -0.09419949 0.286737
vn 0.9533668 -0.09419942 -0.28673705
vn 0.95518976 0.03453244 -0.29397282
vn 0.95599514 -0.019509586 -0.29273298
vn 0.956317 -0.019410118 -0.2916864
vn 0.95942503 0.21230249 0.18555674
vn 0.961319 -0.19552363 0.19400063
vn 0.9617377 -0.0414183 -0.27082333
vn 0.96176344 0.22745508 0.15256256
vn 0.96255547 -0.075341396 -0.2604047
vn 0.969575 0.2120003 -0.12239371
vn 0.97002226 -0.22883506 -0.081800915
vn 0.97166497 -0.1234603 -0.2015561
vn 0.97234255 -0.2019634 0.11730601
vn 0.97574335 -0.17873304 0.12640966
vn 0.97906595 -0.19818993 -0.046375234
vn 0.98087364 -0.18283807 -0.06676161
vn 0.9850388 -0.13421956 0.10809098
vn 0.9871102 0.15386239 -0.044042602
vn 0.9879728 -0.080908485 -0.1317707
vn 0.98853165 -0.06513344 0.13624509
vn 0.98888355 0.13156016 0.06929109
vn 0.98976046 0.14256921 0.0069508688
vn 0.9898153 -0.008495853 0.14210384
vn 0.99128824 -0.0027485876 -0.1316815
vn 0.99128824 -0.0027486365 0.13168162
vn 0.99222666 0.0051393225 0.12433785
vn 0.99222666 0.0051396447 -0.124337874
vn 0.9922591 0.018812228 0.12275139
vn 0.9922591 0.018812053 -0.12275206
vn 0.9953466 0.034601163 0.089932695
vn 0.9953466 0.034601107 -0.089932784
vn 0.99996716 0.007895708 -0.001808232
vn 0.99996716 0.007896267 -0.0017986079
vn 0.99996716 0.007895714 0.0018081367
vn 0.99996763 0.007925389 0.0013805024
vn 0.99996763 0.007927721 -0.0013518912
vn 0.99996763 0.00792538 -0.0013801532
vn 0.9999681 0.007887361 -0.0012510162
vn 0.9999681 0.007888247 -0.0012476385
vn 0.9999681 0.007887362 0.0012507177
vn 0.9999681 0.00788825 0.0012478812
vn -2.5149146E-07 1 -1.6292068E-07
vn -2.5149714E-07 1 -1.6292068E-07
vn -1.8441652E-06 1 -1.6292068E-07
vn -1.8683751E-06 1 -1.6292068E-07
vn -0.0012157812 0.999901 -0.014017058
vn -0.001603949 -0.9853443 0.17056984
vn -0.002152268 -0.077054024 -0.9970246
vn -0.0044964743 -0.998647 0.051807266
vn -0.007993289 0.9884704 -0.15120363
vn -0.008035832 0.972532 -0.2326303
vn -0.00804139 0.9824465 -0.18637091
vn -0.014440381 0.9969792 -0.076315485
vn -0.015301355 0.9842251 -0.17625768
vn -0.016605841 -0.98138875 0.19131204
vn -0.01729718 0.05203026 0.9984957
vn -0.017391177 -0.12393677 0.9921377
vn -0.020020204 -0.9989259 -0.04178621
vn -0.020074354 0.9499147 -0.3118639
vn -0.023932474 0.18355536 -0.98271805
vn -0.025142463 -0.9994709 -0.02063299
vn -0.025672527 0.95492095 0.295748
vn -0.029672103 -0.9392907 0.3418371
vn -0.029901953 0.8279319 -0.5600308
vn -0.029902654 0.82793415 0.56002766
vn -0.038628582 0.75393736 -0.6558095
vn -0.03899542 0.9987268 -0.03200261
vn -0.042226944 0.5005725 0.8646641
vn -0.04289717 -0.86829907 0.49418283
vn -0.051813368 0.8006273 0.5969183
vn -0.060366724 0.84811753 -0.52635765
vn -0.060737167 0.98442274 0.16499324
vn -0.06193048 -0.9879881 -0.1415772
vn -0.06360299 0.67751 -0.7327584
vn -0.06459791 0.39711565 -0.9154923
vn -0.06584055 -0.6483559 -0.7584851
vn -0.06584055 -0.6483558 -0.75848514
vn -0.07111765 0.9436638 0.3231733
vn -0.0745166 -0.99333733 0.08791022
vn -0.07451684 -0.99333733 -0.08790983
vn -0.08289874 0.28467372 -0.95503336
vn -0.08383799 -0.20396177 -0.9753824
vn -0.0838517 0.5137614 0.85382557
vn -0.084065564 -0.12853168 0.9881359
vn -0.08480824 0.21772969 -0.97231764
vn -0.08663059 0.06318153 0.99423504
vn -0.08726848 0.99390924 -0.06729615
vn -0.09820438 0.368432 0.92445314
vn -0.09820516 0.3684312 0.92445344
vn -0.108770855 0.41695493 0.9023954
vn -0.10913295 0.030064676 -0.9935724
vn -0.10913927 0.03006462 0.9935717
vn -0.10924233 0.989964 0.08965104
vn -0.11300654 0.4851271 -0.86711085
vn -0.11852945 -0.38451162 -0.9154789
vn -0.12911226 0.056161616 0.9900383
vn -0.1295742 0.50916153 -0.8508614
vn -0.13230528 0.3248546 -0.936464
vn -0.13527097 -0.48243397 -0.86542434
vn -0.13687493 0.31714863 -0.9384466
vn -0.1368834 0.31715322 0.9384438
vn -0.13999046 0.5385916 0.830856
vn -0.14049746 0.31056088 -0.940113
vn -0.14050628 0.31056622 0.94010985
vn -0.14176895 -0.6192746 0.7722697
vn -0.14334704 0.3050039 -0.9415011
vn -0.14335264 0.30500513 0.94149977
vn -0.1457571 0.047532603 0.98817796
vn -0.14884724 0.29314062 -0.9444116
vn -0.14925064 0.842315 -0.5179089
vn -0.14992549 0.29060748 -0.94502366
vn -0.15633 -0.92020565 0.35886267
vn -0.15846802 0.9787617 -0.1300523
vn -0.16015829 0.11427653 0.9804541
vn -0.16442479 -1.6070327E-07 -0.9863896
vn -0.16443302 1.6070304E-07 0.9863882
vn -0.16500343 0.5100413 0.84417516
vn -0.17372121 -0.9339482 -0.31234854
vn -0.19004633 0.921364 0.3390734
vn -0.19177355 -0.7093901 -0.67822456
vn -0.19270588 0.9568147 0.21764684
vn -0.19632043 -0.5090918 0.8380237
vn -0.20265283 0.9783571 -0.041825153
vn -0.20265342 0.97835684 0.04182486
vn -0.20746006 0.278075 -0.93788844
vn -0.21185912 0.9751323 -0.06505951
vn -0.21249415 -0.41052172 -0.88674587
vn -0.22302558 0.9244001 0.30942547
vn -0.22768117 0.8167521 -0.5301673
vn -0.23246981 -0.39805877 0.8874159
vn -0.23638643 -0.9199398 -0.31278127
vn -0.24221672 0.016224986 0.9700865
vn -0.24872483 -0.38592067 -0.88837
vn -0.24970354 0.87589765 0.4128575
vn -0.26315287 -0.9102049 0.3198086
vn -0.27566484 -0.012303534 0.9611751
vn -0.27668837 -0.4605949 0.84338355
vn -0.27844027 -0.2724711 0.9209943
vn -0.28083304 -0.8273427 -0.48645338
vn -0.28083852 0.82734233 -0.486451
vn -0.2810829 -0.35461357 0.8917632
vn -0.2811518 0.726073 -0.62751216
vn -0.28406003 -0.9084171 -0.306738
vn -0.28808168 -0.34615514 0.8928525
vn -0.28895596 0.19270393 -0.9377472
vn -0.2937999 -0.3386174 0.8938791
vn -0.29637936 0.8206426 0.48857442
vn -0.29780295 0.95462734 -1.0393313E-06
vn -0.30236533 -0.32605088 0.895693
vn -0.3031378 0.8016934 -0.5151652
vn -0.3038881 -0.046821643 -0.95155656
vn -0.3081546 -0.31634828 -0.89719814
vn -0.30966642 -0.0557455 -0.9492097
vn -0.3113878 -0.5186361 0.79627526
vn -0.31203297 -0.3090914 0.8983863
vn -0.3129013 -0.24689351 -0.9171349
vn -0.32313445 -0.08063848 -0.9429112
vn -0.32793525 -0.09162936 0.9402459
vn -0.328306 -0.09253721 0.94002765
vn -0.3354073 0.9331078 0.12966017
vn -0.34304073 0.02881271 -0.9388786
vn -0.34365442 -0.16686918 -0.9241517
vn -0.34661248 -0.5792306 0.73780197
vn -0.3476055 0.9302839 0.11722714
vn -0.3488448 -0.084318526 -0.9333797
vn -0.35551837 -0.13391647 -0.925026
vn -0.36253908 0.91793746 0.16110896
vn -0.36271003 -0.93190205 1.6706613E-07
vn -0.36596134 -0.6662127 -0.6497946
vn -0.3669 -0.50379306 0.7820339
vn -0.3689895 0.4767686 -0.79783356
vn -0.3707495 0.08203522 0.9251027
vn -0.3733578 -0.8797383 -0.2943885
vn -0.3733578 -0.87973815 0.2943888
vn -0.3742011 0.38345346 -0.84435594
vn -0.37788823 -0.81820565 0.43328992
vn -0.37973025 -0.721424 0.57909614
vn -0.38267592 1.5051958E-07 0.9238826
vn -0.3892248 0.6898932 0.6103699
vn -0.3900061 0.6880414 0.6119594
vn -0.3901277 0.68917346 0.6106065
vn -0.3912678 0.84029806 -0.37524477
vn -0.39126852 0.8402973 0.37524572
vn -0.3915439 -0.86342424 -0.31810686
vn -0.3915842 -0.89864093 0.19775273
vn -0.3957875 -0.91145974 -0.11221971
vn -0.39578846 -0.9114594 0.11222
vn -0.398438 0.02893303 -0.9167388
vn -0.40031388 0.78057915 0.4800469
vn -0.40039757 0.8909914 -0.21404701
vn -0.4036894 0.8746016 -0.2685273
vn -0.40781096 -0.91297406 -0.012981782
vn -0.40921476 0.91145116 -0.042427342
vn -0.4104767 0.60061544 -0.6861268
vn -0.41047695 0.6006155 0.68612665
vn -0.41272286 0.89018685 0.19294392
vn -0.41275695 0.89020574 0.19278352
vn -0.415005 -0.35959738 -0.83573955
vn -0.41968992 -0.90362966 0.08552075
vn -0.4210997 0.9027858 0.08748017
vn -0.4381807 -0.8824616 -0.17105299
vn -0.4389992 -0.59186435 -0.67600024
vn -0.44019845 0.8651413 -0.24032433
vn -0.44474676 0.25820088 0.857632
vn -0.44529083 -0.32978252 0.8324419
vn -0.4453011 -0.32978374 -0.83243597
vn -0.4457102 0.6259115 0.6399822
vn -0.45313624 0.8767302 -0.16128175
vn -0.45749715 0.7035013 0.5438586
vn -0.46611503 -0.8737024 -0.13921463
vn -0.46827653 0.017303778 0.88341254
vn -0.46875337 0.57703626 0.66880447
vn -0.47358778 0.5183874 0.7120318
vn -0.4738331 0.5153086 0.71410036
vn -0.4752834 -0.87983274 2.4631106E-07
vn -0.47858694 -0.14768946 -0.8655302
vn -0.47898534 0.45263302 -0.7521279
vn -0.4793692 0.44789067 0.75471795
vn -0.48044446 -0.8254681 -0.29626942
vn -0.48249272 0.64470875 0.59291774
vn -0.48432115 -0.87489027 -6.9345145E-07
vn -0.49939087 0.15455638 0.8524794
vn -0.50029093 0.8206906 -0.27599993
vn -0.50093514 -0.47688258 -0.7222513
vn -0.5054398 -0.67180485 0.54148775
vn -0.5069714 -0.19807136 0.83889675
vn -0.5127054 0.09592148 0.8531895
vn -0.51985365 -0.69416136 0.49788776
vn -0.523089 0.5313651 0.66635513
vn -0.5237122 0.062491763 -0.8496
vn -0.5292211 -0.46321082 0.7108873
vn -0.53007466 -0.79077756 -0.30609107
vn -0.53433853 -0.21599181 0.81720865
vn -0.54395634 0.8232681 -0.16229954
vn -0.5599032 0.59542745 0.57617223
vn -0.568955 -0.8223686 0.00027975946
vn -0.56922203 -0.15471487 0.8074959
vn -0.57522684 0.439681 0.6897787
vn -0.5762711 -0.8051321 0.14026394
vn -0.57829195 -0.22064178 -0.785427
vn -0.5782924 -0.22064629 0.7854254
vn -0.5960112 -0.584096 0.5510013
vn -0.5998202 -0.024259008 0.799767
vn -0.6054469 -0.39584163 0.6904661
vn -0.6058641 0.003170999 0.79556185
vn -0.60586506 0.0031727278 -0.7955612
vn -0.6074944 -0.44238755 -0.65973014
vn -0.613555 -0.009897221 -0.78959
vn -0.632958 0.2806247 -0.7215358
vn -0.63715225 -0.19521427 0.74560606
vn -0.65085036 0.61312795 0.44773644
vn -0.6534005 -0.3850713 -0.6517575
vn -0.6534038 -0.38507292 0.6517532
vn -0.65487343 -0.11987809 -0.7461703
vn -0.6627436 0.07053921 -0.74551666
vn -0.6668802 -0.6749008 -0.31587926
vn -0.6686745 0.22833563 -0.70762795
vn -0.66867596 0.2283437 0.70762396
vn -0.6709185 -0.36034656 0.6480884
vn -0.678031 0.22931251 0.6983478
vn -0.680492 0.5103181 -0.5258385
vn -0.68049437 0.51031363 0.52583975
vn -0.6967774 -0.64217454 0.31955147
vn -0.70165545 0.69373643 0.16250971
vn -0.70667034 -0.4083731 0.57779616
vn -0.70955664 0.52301496 -0.47221267
vn -0.71359307 -0.14617813 0.68513995
vn -0.7142902 -0.14767747 0.6840913
vn -0.71429306 -0.1476872 0.6840862
vn -0.714294 -0.14768605 -0.6840855
vn -0.714294 -0.1476861 -0.68408555
vn -0.714294 -0.14768596 0.68408555
vn -0.714294 -0.14768507 0.6840856
vn -0.714294 -0.14768666 0.6840853
vn -0.7142945 -0.14768624 0.6840849
vn -0.7142964 -0.14768127 -0.68408406
vn -0.7185784 0.13034485 0.68312174
vn -0.7221051 -0.35689318 -0.59261423
vn -0.7221156 0.68812096 0.070982955
vn -0.7224851 -0.19007939 0.6647445
vn -0.7277809 -0.26467007 0.63268065
vn -0.7300053 0.6490054 0.21420637
vn -0.7425404 -0.23455426 -0.6273897
vn -0.7491179 -0.22018142 0.624774
vn -0.749724 0.43994826 0.49432728
vn -0.7543774 -0.21824594 -0.6190989
vn -0.7554112 -0.20583288 -0.6220825
vn -0.76968724 0.6257686 0.12647197
vn -0.79564625 -0.50229913 0.3385891
vn -0.80114514 0.32642677 -0.50160944
vn -0.80330664 0.5939128 -0.044339173
vn -0.8061977 -0.5610225 -0.18788008
vn -0.8229366 0.012226614 -0.5680017
vn -0.8303352 0.26933908 0.48785242
vn -0.83616024 0.25644737 -0.48484108
vn -0.8393484 0.5207496 0.15593007
vn -0.8438979 0.23741016 -0.4811162
vn -0.84389883 0.23740903 0.48111495
vn -0.85828835 -0.14861792 -0.49117607
vn -0.858604 -0.181399 -0.4794722
vn -0.85944325 -0.2519037 0.44486153
vn -0.86420685 -0.051460527 0.50049806
vn -0.8664952 0.09320209 -0.49040738
vn -0.8664952 0.09320224 0.49040735
vn -0.8682237 -0.044432662 -0.4941794
vn -0.8682237 -0.04443244 0.49417943
vn -0.87152773 0.4900526 0.016965702
vn -0.8717142 0.0050957333 0.48998827
vn -0.8777147 0.4227627 0.22558486
vn -0.88295037 0.43213564 0.18345973
vn -0.8833094 0.3190381 0.34348086
vn -0.8857394 0.44144127 -0.14351109
vn -0.8859573 0.45164943 0.105320014
vn -0.8896714 -0.42497307 -0.1669812
vn -0.89051634 -0.451632 0.054855894
vn -0.9049564 0.42550448 -9.197531E-08
vn -0.9059096 -0.41794887 0.068165265
vn -0.9059096 -0.41794893 -0.068165034
vn -0.90763 -0.41880202 -0.028505115
vn -0.90835434 0.27553272 0.31460157
vn -0.90939766 -0.41588598 -0.0058950866
vn -0.91009 0.3976216 -0.116761476
vn -0.9125214 -0.37704518 -0.1585609
vn -0.91356426 0.0026067677 -0.40668598
vn -0.9162703 0.31828028 0.2432006
vn -0.9193483 -0.37881586 0.106288224
vn -0.91934973 -0.37881255 -0.10628794
vn -0.9203444 -0.39110896 1.1137194E-07
vn -0.9208184 0.3899115 -0.007901206
vn -0.9210878 0.38927233 0.0080182385
vn -0.92301184 0.38466245 0.009166866
vn -0.9248648 0.2984007 0.23575865
vn -0.93128306 -0.3321087 0.14971897
vn -0.9349051 -0.22323237 0.27589813
vn -0.9353748 0.23397624 0.2651963
vn -0.9355913 0.23207286 0.2661037
vn -0.93614584 -0.17823292 -0.30309075
vn -0.9380422 -0.09294343 -0.33382404
vn -0.9403892 0.045119934 0.33709377
vn -0.9420267 -0.26532245 0.20540164
vn -0.95024973 -0.009468682 -0.31134495
vn -0.95320946 -0.16714577 -0.25190073
vn -0.95643 -0.19819008 -0.2143881
vn -0.956698 0.018770708 0.29047647
vn -0.959034 -0.056816146 -0.2775352
vn -0.959034 -0.056816228 0.2775348
vn -0.962153 0.13156113 -0.23864885
vn -0.9633847 0.21497186 0.16024093
vn -0.9640656 -0.16403434 -0.20897418
vn -0.9650236 0.21381025 0.15170586
vn -0.96592766 -4.2165833E-08 -0.25881204
vn -0.9692727 0.23756693 0.06381502
vn -0.97781426 0.20470527 -0.04444093
vn -0.97781426 0.2047055 0.044440996
vn -0.9803687 -0.19552344 -0.025455156
vn -0.98044926 0.1965733 0.008844236
vn -0.9808269 0.18747987 -0.05319667
vn -0.9833217 -0.17228137 0.058288958
vn -0.98607975 -0.109868325 -0.1248021
vn -0.9878846 -0.1548018 -0.010976938
vn -0.9888025 -0.106589444 0.10444311
vn -0.9905072 -0.0058135143 0.13733807
vn -0.9909349 -0.12452511 -0.050413366
vn -0.9920617 -0.016334338 -0.124686524
vn -0.99996716 -0.007918521 0.0017313318
vn -0.99996716 -0.007918381 -0.0017312058
vn -0.99996716 -0.007917721 -0.0017376264
vn -0.99996716 -0.007917723 0.0017377113
vn -0.9999681 -0.007889971 -0.0012224433
vn 1.6868842E-08 -0.8273662 0.56166285
vn 1.8683743E-06 1 -1.6292068E-07
vn 0.00016868513 0.99999243 -0.0038844123
vn 0.0007079878 0.09172342 0.9957842
vn 0.0033523985 -0.9856091 -0.16900721
vn 0.0059898915 -0.99759835 0.06900452
vn 0.0059899027 -0.99759835 0.06900466
vn 0.005989955 -0.9975984 -0.06900422
vn 0.007976646 -0.99996823 1.4863177E-07
vn 0.007976646 -0.99996823 1.5338418E-07
vn 0.007979954 -0.9999681 2.1055416E-07
vn 0.007998342 -0.98850536 0.15097411
vn 0.007998446 -0.9885028 -0.15099078
vn 0.008021275 -0.9743797 -0.22476631
vn 0.008022541 -0.97437954 0.22476672
vn 0.008037137 -0.9851769 -0.17135295
vn 0.008039834 -0.9761491 -0.21695253
vn 0.011973018 0.9903692 0.1379329
vn 0.013842987 0.98710495 -0.15947466
vn 0.023186196 0.9633876 -0.26710787
vn 0.02318621 0.9633876 -0.26710805
vn 0.026676375 -0.9512304 -0.30732587
vn 0.026676554 -0.9512301 0.3073265
vn 0.027096543 0.9803869 0.19521083
vn 0.028841395 -0.097517386 -0.9948158
vn 0.030912641 -0.98372597 0.1769965
vn 0.03154979 -0.9850425 0.16939871
vn 0.031550057 -0.9850423 -0.16939966
vn 0.03686566 0.028996428 0.9988995
vn 0.043807156 0.8622025 -0.504666
vn 0.054057516 0.44246548 0.89515483
vn 0.057519235 0.016132774 0.998214
vn 0.061486132 -0.7031957 -0.70833284
vn 0.061486132 -0.7031956 -0.70833284
vn 0.06353159 0.6784577 -0.7318873
vn 0.064651445 -0.39706913 0.91550875
vn 0.06542827 0.9630257 0.26134384
vn 0.065658346 0.8198004 0.56887287
vn 0.07123752 -0.56695026 0.820666
vn 0.07446726 0.0034701522 0.9972175
vn 0.07473029 0.10516258 0.99164313
vn 0.07516582 -0.49450955 0.86591583
vn 0.07867105 -0.4152589 -0.9062952
vn 0.07867105 -0.41525874 0.9062953
vn 0.07867105 -0.41525877 0.9062953
vn 0.08125974 -0.34217057 -0.9361176
vn 0.08125974 -0.3421706 -0.93611765
vn 0.08141239 -0.45442575 -0.8870566
vn 0.08336748 -0.38237616 -0.92023826
vn 0.083368674 -0.382376 0.92023814
vn 0.08472951 0.20178606 -0.97575784
vn 0.08472951 0.20178609 -0.97575784
vn 0.08501752 -0.17802125 0.98034704
vn 0.08501752 -0.17802149 -0.9803471
vn 0.08501752 -0.17802146 -0.9803471
vn 0.08501752 -0.17802122 0.9803471
vn 0.08519937 0.20842206 -0.97432095
vn 0.086487725 -0.013483191 0.99616164
vn 0.08656134 -0.8021786 0.5907762
vn 0.08975746 -0.121819824 -0.9884855
vn 0.089920714 0.11434119 -0.98936355
vn 0.09077944 0.44410524 -0.8913639
vn 0.09077956 0.44410542 0.8913638
vn 0.09154411 0.19799471 -0.97591895
vn 0.0948654 -0.9860808 -0.13654703
vn 0.09658261 0.9859779 0.13608572
vn 0.101422146 0.97309536 -0.20687895
vn 0.109118834 -0.030064182 0.993574
vn 0.11039819 -0.98613656 -0.12388231
vn 0.11283417 -0.121402524 0.9861692
vn 0.116917565 -0.039524704 0.9923548
vn 0.11692567 -0.039517935 -0.99235415
vn 0.120368734 -0.80866665 0.57582086
vn 0.121303335 -0.1213843 0.9851656
vn 0.12360956 -0.06151955 0.9904221
vn 0.1246288 -0.9899613 -0.06666505
vn 0.12482168 0.98601156 -0.110457025
vn 0.12578574 -0.8159224 -0.5643125
vn 0.12652436 0.44070312 -0.8886914
vn 0.12657955 -0.33378294 -0.9341127
vn 0.12731662 -0.809679 -0.57289654
vn 0.12911132 -0.05615834 -0.99003863
vn 0.12923935 0.5232742 0.84230715
vn 0.13609746 -0.11915516 0.98350364
vn 0.13962665 -0.0876783 0.9863148
vn 0.14194086 -0.07691157 0.9868827
vn 0.14194086 -0.07691158 0.9868826
vn 0.14335194 -0.30499738 0.9415024
vn 0.14335194 -0.30499738 0.94150245
vn 0.14556411 -0.3004107 -0.94263697
vn 0.14832845 -0.2943071 0.94413036
vn 0.14847544 -0.08913014 -0.98489136
vn 0.14975587 0.98802775 -0.037071615
vn 0.15683857 -0.017532868 -0.98746866
vn 0.15816894 -0.6321047 -0.7585686
vn 0.15915886 -0.054861374 -0.98572755
vn 0.15938428 0.43309018 -0.88714683
vn 0.17321053 0.9806319 -0.09142891
vn 0.18177107 -0.84717786 0.4992484
vn 0.1818277 -0.052846126 -0.98190933
vn 0.18780366 -0.13937467 -0.9722677
vn 0.18780378 -0.13937442 0.9722677
vn 0.18849662 -0.9176746 -0.34977472
vn 0.19090989 0.9628261 -0.19110036
vn 0.1914294 -0.04411956 0.9805142
vn 0.19143239 -0.044119563 -0.98051375
vn 0.19209638 0.968631 -0.15764824
vn 0.19711664 0.9248067 -0.32538846
vn 0.21919718 -0.95895386 -0.17988878
vn 0.21923223 -0.030740308 0.9751883
vn 0.22129038 -0.11631934 -0.96824604
vn 0.23244205 0.39810175 -0.8874039
vn 0.2328004 0.907002 -0.35092938
vn 0.23974004 0.9708371 -1.6759506E-07
vn 0.23989788 -0.7353063 0.633856
vn 0.24226668 -0.01616638 0.97007495
vn 0.24452558 -0.026021244 -0.96929365
vn 0.24510494 -0.643614 0.72504115
vn 0.25857526 0.8022415 0.53809595
vn 0.26089507 -0.001549345 -0.9653659
vn 0.269085 0.96302617 -0.013182976
vn 0.2756918 0.012345259 -0.9611668
vn 0.27612358 0.46091694 0.8433927
vn 0.2776547 -0.5537562 -0.78502345
vn 0.28082138 -0.82737064 0.48641255
vn 0.28404862 -0.38524428 -0.87801087
vn 0.28700882 -0.40468585 0.86824834
vn 0.2873965 0.02514328 0.9574816
vn 0.2894221 -0.36753348 0.8838292
vn 0.289661 0.0023480386 0.9571264
vn 0.2918368 -0.41218707 0.86309505
vn 0.29439574 3.2240063E-05 -0.95568365
vn 0.295255 0.820683 -0.48918706
vn 0.2963906 0.8206183 -0.48860854
vn 0.29660875 0.036641065 -0.9542959
vn 0.2975114 -0.5326702 -0.7923064
vn 0.2984813 0.33195108 0.8948281
vn 0.30388385 0.046838008 -0.9515571
vn 0.3096581 0.055761874 0.9492115
vn 0.31325752 0.84528244 0.43285948
vn 0.31325775 0.845282 -0.4328602
vn 0.3134089 0.3063476 0.89884704
vn 0.31507784 0.30292854 0.89942217
vn 0.32138544 -0.02452028 0.946631
vn 0.34036666 0.24461599 -0.90791714
vn 0.3404935 0.3135147 -0.88643825
vn 0.34126216 0.3748762 0.8619791
vn 0.34215647 0.44789094 -0.8260282
vn 0.3446675 0.16706897 0.9237382
vn 0.345578 -0.5014009 0.7932042
vn 0.3465007 0.5770364 0.7395717
vn 0.35079294 1.5256757E-07 0.93645304
vn 0.35133296 -0.17921293 0.91893846
vn 0.35139948 1.525305E-07 0.9362256
vn 0.35701948 0.70413417 -0.61378515
vn 0.35803205 0.096406035 -0.928719
vn 0.36149675 -0.9163519 0.17210278
vn 0.36219674 0.002438382 -0.93209845
vn 0.3633147 0.39994526 0.84145486
vn 0.36582 0.7621649 -0.5341166
vn 0.3658207 0.76216435 0.5341166
vn 0.36699682 0.5060131 -0.78055364
vn 0.3692034 -0.081610814 0.9257583
vn 0.37555844 -0.37556785 0.8472925
vn 0.3776322 0.39205635 0.8388598
vn 0.38066012 0.8762539 -0.2954268
vn 0.3826769 -1.5051953E-07 -0.92388225
vn 0.3903783 -0.34581345 -0.8532396
vn 0.3916028 0.8635367 0.31772876
vn 0.39220506 0.8651409 0.31258014
vn 0.3922053 0.8651406 -0.31258082
vn 0.39539272 -0.9110504 0.11684114
vn 0.39878446 -0.90180594 -0.16648394
vn 0.3989702 -0.4651277 0.79023975
vn 0.39947182 -0.91297525 -0.083056755
vn 0.402798 -0.91498834 0.02345435
vn 0.40390974 -0.87430245 -0.2691693
vn 0.40920383 -0.91146 0.042344086
vn 0.4092062 -0.9114589 -0.042343736
vn 0.4106334 -0.91175675 0.0089348825
vn 0.41087562 -0.89098656 0.19319458
vn 0.4148417 0.51445836 -0.7504925
vn 0.4155193 -0.2852788 0.86368954
vn 0.41592318 0.90370685 -0.10159665
vn 0.41753894 -0.8927934 -0.16905957
vn 0.4220944 -0.21719769 0.8801486
vn 0.42660838 0.65591115 0.6227246
vn 0.4272173 -0.90368587 0.028936772
vn 0.42900664 -0.83653945 -0.34081522
vn 0.43075615 -0.76856035 0.47303718
vn 0.43762094 0.88654494 -0.15008675
vn 0.4376226 0.8865442 0.15008616
vn 0.4433046 0.38207847 -0.8108619
vn 0.44391757 0.8746032 0.19495255
vn 0.44490248 0.88580704 -0.13193841
vn 0.4459675 -0.6256381 0.6400703
vn 0.44689447 -0.81820667 -0.36169493
vn 0.45019013 -0.25186005 -0.85667694
vn 0.4510184 0.2501989 -0.85672796
vn 0.4510184 0.2501993 0.85672796
vn 0.45114857 -0.69717497 0.5571463
vn 0.456039 -0.33102366 0.8261063
vn 0.47004634 0.3025826 -0.8291563
vn 0.47671157 -0.26080936 0.83947873
vn 0.47704655 0.7805771 0.40388846
vn 0.47798306 -0.59061086 -0.6501623
vn 0.47885662 0.14299735 -0.86616856
vn 0.48125535 0.849373 0.21669996
vn 0.48369676 0.246219 -0.8398891
vn 0.4837001 0.24621703 0.8398877
vn 0.4888435 -0.20480253 0.8479906
vn 0.48884922 -0.20481412 -0.84798443
vn 0.48950368 0.6891733 -0.534253
vn 0.48950392 0.68917316 0.53425306
vn 0.49058992 0.2777383 -0.8259437
vn 0.49123293 -0.25207406 0.83375597
vn 0.49133664 0.77426153 0.39888263
vn 0.49269897 -0.8293664 -0.2634369
vn 0.4935146 -0.5355418 0.68530154
vn 0.4964245 -0.4060404 -0.7672638
vn 0.49757034 -0.16712876 -0.85117084
vn 0.49998957 -1.4109443E-07 -0.86603147
vn 0.49998957 1.4109443E-07 0.86603147
vn 0.5014616 0.8236595 0.26480424
vn 0.5028883 -0.3997652 -0.7663492
vn 0.50319445 0.37969407 0.7762911
vn 0.5032078 0.37907243 -0.7765861
vn 0.506261 0.51500833 -0.69171256
vn 0.50697434 0.1977565 0.8389693
vn 0.50884736 0.11055786 0.8537279
vn 0.5231463 -0.53125787 -0.66639555
vn 0.5257255 0.081681736 0.8467236
vn 0.5272733 -0.23877446 -0.8154566
vn 0.5292188 0.46318328 0.710907
vn 0.5298878 -0.21755308 0.8196887
vn 0.53011715 0.3678569 0.7639745
vn 0.5338098 0.35954574 -0.7653588
vn 0.53381264 0.35953173 0.76536334
vn 0.53387606 0.34150705 0.77353036
vn 0.54117787 -0.020735538 -0.84065247
vn 0.5418321 0.64022946 -0.54454046
vn 0.55137694 -0.48579523 -0.678223
vn 0.55264723 0.2293086 0.8012481
vn 0.5629436 0.72281647 0.40078774
vn 0.5752398 -0.43966666 -0.689777
vn 0.57626593 -0.805136 -0.14026241
vn 0.5834533 0.4214032 0.6942634
vn 0.58350337 -0.42130876 0.69427854
vn 0.5836278 0.51481235 -0.6279704
vn 0.58426917 -0.23988906 0.77529526
vn 0.58574736 -0.416106 0.6955255
vn 0.58748066 -0.80923826 9.7200356E-08
vn 0.5874821 -0.8092371 9.0280156E-07
vn 0.59291947 0.10383591 -0.798539
vn 0.6078392 -0.3119226 -0.73023
vn 0.6091286 0.44441137 -0.6568568
vn 0.6097704 0.084685564 -0.7880408
vn 0.63404095 0.41401124 -0.6531361
vn 0.64412177 -0.746164 0.16836438
vn 0.6529666 -0.25264508 0.71400636
vn 0.6662041 -0.15302539 -0.72990096
vn 0.6668235 -0.17842746 0.72353995
vn 0.6697475 -0.520237 -0.5298979
vn 0.673401 -0.5783281 -0.46050805
vn 0.6812178 -0.2071299 0.7021678
vn 0.6828548 0.34265104 -0.64521295
vn 0.6868688 0.33885825 0.6429513
vn 0.6877152 0.45662987 0.56439084
vn 0.6928154 -0.5485437 0.46808836
vn 0.69900954 -0.17358354 -0.69372505
vn 0.703056 0.41667074 0.57627916
vn 0.70521986 -0.16070464 -0.6905353
vn 0.70665944 0.40837306 0.5778096
vn 0.7071196 1.1520023E-07 0.70709395
vn 0.708212 -0.522743 -0.47452664
vn 0.7104231 0.29917404 -0.6370195
vn 0.71429217 0.14768732 0.6840871
vn 0.7142936 0.14768736 -0.68408555
vn 0.7142941 0.1476864 0.68408537
vn 0.7142941 0.14768519 -0.6840855
vn 0.7142941 0.14768928 0.68408465
vn 0.71429455 0.14768626 -0.6840849
vn 0.71429455 0.14768797 -0.6840845
vn 0.71429455 0.14768662 0.6840847
vn 0.714295 0.14768705 0.6840842
vn 0.714295 0.14768633 -0.68408436
vn 0.7224046 0.6130786 0.3197908
vn 0.7226201 -0.68760556 0.0708429
vn 0.7292558 -0.44808865 0.51710975
vn 0.7292601 -0.44807553 -0.51711506
vn 0.7373978 -0.5486311 0.39401588
vn 0.7377502 -0.46624258 -0.4882035
vn 0.75728905 -0.5126438 -0.4046104
vn 0.7654892 -0.3806692 -0.5187651
vn 0.7682878 0.17523642 0.6156509
vn 0.77234423 -0.37186003 -0.5149801
vn 0.80023825 -0.32523963 -0.50382334
vn 0.80154335 0.29929754 -0.5176383
vn 0.8061172 0.5610911 -0.18802111
vn 0.81633866 0.18589889 -0.546839
vn 0.81998026 0.45734802 0.34418783
vn 0.8263627 -0.16976768 -0.53693897
vn 0.8316575 -0.5542672 0.033668518
vn 0.831658 -0.5542664 -0.033670135
vn 0.84021103 -0.24599183 -0.4832528
vn 0.8428074 0.50714207 -0.18022957
vn 0.8429676 -0.2407442 0.48109025
vn 0.8454157 -0.2340696 0.48008722
vn 0.85161316 0.28069404 0.44268045
vn 0.85391057 0.028809706 -0.5196216
vn 0.8571378 0.48383576 -0.17668553
vn 0.85898316 0.22183059 -0.46145326
vn 0.8595902 0.25449413 -0.44309983
vn 0.86286604 0.3157277 0.39468735
vn 0.8666736 -0.010227102 0.49877083
vn 0.86765254 -0.13491173 -0.4785165
vn 0.8694774 0.46255228 -0.17336197
vn 0.8699175 -0.17823446 -0.4598651
vn 0.8705517 0.18548603 -0.45577928
vn 0.8744093 -0.037931338 -0.4837041
vn 0.8747746 0.14058678 -0.46368614
vn 0.87849677 -0.45128497 -0.15679704
vn 0.8873602 -0.20502819 0.41298348
vn 0.88914263 -0.4188025 -0.18447159
vn 0.88942206 0.4282009 0.15991338
vn 0.8925439 -0.26532272 -0.3646494
vn 0.9002801 -0.43238083 -0.050422776
vn 0.90204346 0.42213535 -0.09010754
vn 0.90235436 0.04833727 -0.42827564
vn 0.9027482 -0.41933364 -0.09594227
vn 0.9073168 -0.21757218 0.35977545
vn 0.90985024 -0.39938253 -0.112544194
vn 0.91114056 0.40972552 0.04413496
vn 0.91217244 -0.40979502 -0.0030945714
vn 0.9128119 -0.3930977 -0.11067381
vn 0.9208194 -0.38990828 0.007945387
vn 0.92216027 -0.3448855 -0.17514111
vn 0.9250895 0.34727183 0.15366101
vn 0.92838013 -0.18139818 0.3243533
vn 0.9316174 -0.11728529 -0.34399596
vn 0.93283474 -0.23795445 -0.2705493
vn 0.93283474 -0.23795445 0.2705494
vn 0.932984 0.26996684 -0.23803103
vn 0.932984 0.26996678 0.23803097
vn 0.9371339 0.13467595 0.32193547
vn 0.938038 0.09320169 -0.33376366
vn 0.938038 0.09320206 0.3337635
vn 0.9400836 0.0077764043 -0.34085533
vn 0.9400836 0.0077766534 0.34085533
vn 0.9403907 -0.044431757 -0.33718112
vn 0.9404479 -0.0023250612 -0.3399298
vn 0.94213736 0.26401567 0.20657422
vn 0.9424335 0.0044235364 0.3343644
vn 0.9511534 0.024015345 -0.3077832
vn 0.9534465 0.05807703 -0.2959171
vn 0.95417035 0.0900422 -0.28539702
vn 0.95497 0.12590057 -0.2686656
vn 0.9551898 0.034532543 0.2939727
vn 0.95631707 -0.01941002 0.29168624
vn 0.9572984 0.15691105 0.24281406
vn 0.9593946 0.011080447 -0.28184956
vn 0.9593946 0.011080604 0.28184956
vn 0.9594251 0.2123024 -0.1855566
vn 0.96126807 0.1853009 0.20402756
vn 0.9638463 0.23525012 -0.12513037
vn 0.9640199 -0.21258117 0.15960822
vn 0.9657718 0.23756438 0.10415345
vn 0.9671694 0.23836835 -0.08811276
vn 0.9674269 -0.124525115 0.22040594
vn 0.96763766 -0.2393758 -0.07985367
vn 0.9690505 -0.22630285 0.09863188
vn 0.9731847 0.23002514 -3.625916E-08
vn 0.9748932 0.21083446 0.07163911
vn 0.97561085 0.2150343 -0.044088576
vn 0.9782258 0.20304075 0.042996943
vn 0.985654 -0.1640354 -0.039731294
vn 0.98674595 0.14569446 -0.07145288
vn 0.9870664 -0.09856091 0.1264347
vn 0.98797286 -0.080908164 0.13177067
vn 0.9897605 0.14256889 -0.006950716
vn 0.98981535 -0.008495947 -0.14210343
vn 0.9906951 0.08795908 -0.103858076
vn 0.9906951 0.08795904 0.103857994
vn 0.99234354 0.01865172 0.12209215
vn 0.99461377 0.04688477 -0.09244063
vn 0.99461377 0.04688483 0.09244053
vn 0.9987484 0.046036273 -0.019553699
vn 0.9987484 0.04603623 0.0195539
vn 0.9999672 0.007916938 -0.0016991346
vn 0.9999672 0.007916947 0.001698986
vn 0.9999677 0.007927736 0.0013520692
vn 0.9999968 4.1104373E-10 0.0025229685
vn -8.838914E-08 -1.6292068E-07 -1
vn -8.838914E-08 1.6292068E-07 1
vn -1.4507603E-07 -1 1.6292068E-07
vn -7.0005547E-07 0.82736236 -0.56166846
vn -7.061918E-07 0.82736236 -0.56166846
vn -9.341353E-07 -1 1.6292068E-07
vn -1.7348823E-06 -1 1.6292068E-07
vn -8.759189E-05 0.99964404 0.02667826
vn -0.001215786 0.999901 -0.014017114
vn -0.0014495824 0.15193337 0.98838973
vn -0.002152233 -0.077053785 0.9970246
vn -0.008031772 0.9851118 0.1717273
vn -0.008041376 0.9760635 -0.21733704
vn -0.008700149 0.9865458 -0.16325356
vn -0.01053405 0.160269 -0.9870171
vn -0.012979405 -0.48689687 0.873363
vn -0.013613807 0.42512375 -0.9050328
vn -0.015300849 0.9842252 0.17625728
vn -0.016605828 -0.98138875 0.19131188
vn -0.023932386 0.18356204 0.9827167
vn -0.025672723 0.95492077 -0.2957484
vn -0.025672738 0.95492077 -0.2957486
vn -0.027206484 0.8395451 -0.5426084
vn -0.031924315 0.83113277 -0.5551569
vn -0.03757874 0.17192855 0.98439246
vn -0.038268037 -0.83120584 0.55464613
vn -0.038623758 0.75393164 0.6558165
vn -0.04226411 0.49210653 0.86950845
vn -0.042897202 -0.8682992 -0.49418253
vn -0.043856777 0.98802805 0.14790937
vn -0.04408554 0.21426053 0.9757812
vn -0.048573054 0.13597971 0.9895202
vn -0.05055911 0.05974643 0.9969324
vn -0.050731905 -0.16719477 0.98461777
vn -0.05181337 0.8006272 0.59691834
vn -0.052320845 -0.96755743 -0.2471746
vn -0.0536165 -0.9453631 0.32158023
vn -0.055429704 -0.7675816 0.63855
vn -0.05758912 -0.01614059 -0.99820983
vn -0.060686655 0.9848435 0.16248216
vn -0.060686953 0.98484373 -0.16248083
vn -0.060736395 0.98442274 -0.16499408
vn -0.06360312 0.6775098 0.7327586
vn -0.06459911 0.3971163 0.91549206
vn -0.07037504 -0.49555874 0.8657187
vn -0.07064153 -0.01827239 0.99733436
vn -0.07078095 0.035325523 -0.99686617
vn -0.07111694 0.9436627 -0.32317665
vn -0.07453872 -0.003473978 -0.99721205
vn -0.07453968 -0.003473203 -0.997212
vn -0.075480476 -0.02537834 0.9968243
vn -0.075614944 0.9933345 0.086999975
vn -0.07605596 -0.13356194 -0.9881178
vn -0.07853015 -0.98828626 -0.13085541
vn -0.08051886 -0.2117483 -0.97400165
vn -0.08289875 0.2846739 -0.9550333
vn -0.08330651 0.3824217 0.9202247
vn -0.085828856 -0.122319 -0.98877275
vn -0.085828856 -0.12231902 -0.98877275
vn -0.087271586 0.99390894 0.0672958
vn -0.09049918 0.54606354 0.8328412
vn -0.09079982 -0.44410673 0.8913611
vn -0.092099324 -0.19942364 -0.9755756
vn -0.098211125 0.36844015 -0.92444927
vn -0.11694802 0.0395127 -0.9923517
vn -0.12356706 0.06154289 0.99042606
vn -0.123569444 0.061520033 -0.99042714
vn -0.12613145 -0.9920136 -7.8177385E-07
vn -0.13133255 -0.1693275 0.9767701
vn -0.13404956 -0.09413938 0.98649305
vn -0.13999048 0.538591 -0.8308564
vn -0.14163378 0.9879523 0.062370725
vn -0.14176872 -0.6192749 -0.77226955
vn -0.14194384 0.0769049 0.9868828
vn -0.14335266 0.30500516 0.9414998
vn -0.14961031 0.29134253 -0.94484717
vn -0.1498119 0.29081827 0.9449767
vn -0.14989784 0.29060003 0.9450303
vn -0.15143982 0.095098376 0.98388124
vn -0.15143982 0.09509839 0.98388124
vn -0.15427378 -0.36201227 0.9193186
vn -0.15647808 -0.97993636 -0.12344738
vn -0.15647808 -0.97993636 0.123447664
vn -0.15765885 0.37933713 -0.9117274
vn -0.15910724 0.054886043 -0.98573446
vn -0.15910903 0.05489384 0.98573375
vn -0.15948537 -0.43306583 0.8871406
vn -0.1676903 0.20833454 -0.963575
vn -0.16894439 0.13609114 0.97618496
vn -0.17439786 0.6586627 0.7319487
vn -0.17642263 0.97064775 0.16345625
vn -0.17764643 -0.208984 -0.9616483
vn -0.18513349 -0.9300263 0.31745356
vn -0.1882402 -0.42255077 0.8865757
vn -0.18824115 -0.4225525 -0.88657475
vn -0.19004813 0.9213622 -0.33907726
vn -0.19134715 0.044183753 -0.9805274
vn -0.1927059 0.9568145 -0.2176472
vn -0.1939036 0.6424293 0.7414081
vn -0.19768623 0.96173984 -0.18967488
vn -0.2094647 -0.49397197 0.84386975
vn -0.212495 -0.41051397 0.88674915
vn -0.21415499 -0.13439238 -0.9675104
vn -0.21415499 -0.13439205 0.9675104
vn -0.21914855 0.030811764 0.9752049
vn -0.2206209 -0.9747868 0.033423346
vn -0.22269848 0.51184076 -0.8297134
vn -0.22302476 0.9244001 -0.30942577
vn -0.23087266 0.8247556 0.5162131
vn -0.23247626 -0.3980685 -0.8874098
vn -0.23478833 -0.9571771 0.16937114
vn -0.24725154 0.4661923 0.8494301
vn -0.2472544 0.46618536 -0.84943306
vn -0.24987176 -0.9154201 0.31554735
vn -0.25761062 -0.8553853 -0.44939142
vn -0.25873357 0.8539875 0.4514004
vn -0.2608319 0.001604261 -0.96538293
vn -0.26187378 -0.37450418 0.88947666
vn -0.26653248 0.7806736 0.5652515
vn -0.27925688 -0.15093972 -0.94827896
vn -0.28032142 0.66042125 0.69660866
vn -0.28085238 0.8273525 0.48642543
vn -0.28808218 -0.34615162 -0.8928537
vn -0.29077035 0.74403614 0.60155034
vn -0.29077178 0.74404144 -0.6015431
vn -0.29344875 0.4326621 -0.8524619
vn -0.2963925 0.82063365 -0.48858148
vn -0.30388862 -0.046823036 0.95155627
vn -0.30816227 -0.31635427 0.89719343
vn -0.30966264 -0.05574001 0.9492113
vn -0.3097945 0.94991267 -0.04115082
vn -0.31029373 -0.31242552 -0.8978352
vn -0.31136972 0.088743 -0.94613606
vn -0.3134268 -0.3063451 -0.89884156
vn -0.31507736 -0.30293337 0.8994207
vn -0.3151496 -0.3025997 -0.89950764
vn -0.31572157 0.5426927 0.7783344
vn -0.31791598 -0.07017418 -0.9455184
vn -0.3179162 -0.070174135 0.9455183
vn -0.32083064 -0.075858146 -0.9440939
vn -0.3283146 -0.0925339 -0.94002503
vn -0.33236295 -0.42586586 0.84153014
vn -0.3354059 0.9331083 -0.1296605
vn -0.3408087 0.9339895 0.10729807
vn -0.34365445 -0.16686893 0.9241517
vn -0.3508647 -0.6422469 -0.68147844
vn -0.354137 0.11055707 0.9286357
vn -0.35693294 -0.7034772 0.6145882
vn -0.35772067 -0.14405826 -0.9226501
vn -0.35804135 -0.096295856 0.9287268
vn -0.36125618 -0.2547469 0.8969939
vn -0.36191088 0.37969282 0.8513835
vn -0.3649841 -0.04346959 -0.9299984
vn -0.36699992 -0.505814 -0.7806813
vn -0.36728603 -0.263606 -0.89197123
vn -0.37011153 0.39253455 -0.8419822
vn -0.37321216 -0.6122378 0.6970492
vn -0.3771718 0.76904374 -0.5160554
vn -0.38069493 -0.87319106 -0.30431697
vn -0.38069946 -0.87318856 0.30431825
vn -0.3846143 -0.815726 0.43204513
vn -0.38990575 0.05761575 -0.9190505
vn -0.39206535 0.34247914 0.8538108
vn -0.39353043 0.01664913 0.9191608
vn -0.40081602 -0.91498774 0.046301667
vn -0.40081626 -0.91498774 -0.046301343
vn -0.403688 0.8746023 0.2685272
vn -0.4052046 -0.73990124 -0.53698725
vn -0.40584642 0.30840924 0.8603327
vn -0.41551453 0.88580656 0.20662634
vn -0.41939694 0.8992693 0.12418112
vn -0.42014247 0.8938448 -0.15659447
vn -0.42150432 -0.90180695 -0.09527966
vn -0.4270845 0.5885776 -0.68642205
vn -0.43362027 0.89132786 -0.13231833
vn -0.43433148 0.8706952 0.23075093
vn -0.43900114 -0.5918687 0.6759952
vn -0.44665462 0.8204033 -0.3569846
vn -0.4483152 0.89345396 -0.027451688
vn -0.44831687 0.89345306 0.02745199
vn -0.4485665 -0.86777025 0.21392252
vn -0.45327622 0.81583667 -0.35909766
vn -0.4532774 0.81583637 0.35909685
vn -0.46304446 0.64218307 -0.6108934
vn -0.47312886 0.7256021 0.4996506
vn -0.47358757 0.51838726 -0.7120319
vn -0.47366816 -0.3725551 -0.7980233
vn -0.4738329 0.51530844 -0.7141005
vn -0.4753986 0.8325327 0.2844037
vn -0.48249274 0.644704 -0.5929228
vn -0.48432118 -0.87489027 1.0198543E-06
vn -0.48814112 0.31351495 -0.81451005
vn -0.49134618 0.25133514 -0.83391225
vn -0.49134618 0.25133538 0.83391213
vn -0.49826103 0.16700073 -0.85079175
vn -0.49998766 1.410946E-07 0.8660325
vn -0.5103308 0.2572383 0.8206041
vn -0.5206057 -0.38365763 -0.7627428
vn -0.5349823 0.3852863 0.75189644
vn -0.5388628 0.5069653 -0.67276525
vn -0.540094 -0.5116064 -0.66824955
vn -0.541772 -0.37285677 0.7533
vn -0.54294026 0.8240525 0.16171974
vn -0.5452944 -0.8382445 9.860095E-07
vn -0.5513536 0.4858468 0.67820513
vn -0.5607153 -0.79987705 0.21399741
vn -0.5620438 -0.1684742 0.80976737
vn -0.5664545 -0.08352781 -0.8198491
vn -0.5771328 -0.47546253 0.6639676
vn -0.5817362 -0.12897927 0.8030862
vn -0.58459103 0.4188293 -0.6948635
vn -0.58533776 -0.7496446 -0.30888954
vn -0.58533967 -0.7496432 0.30888927
vn -0.5874363 0.4120053 -0.6965416
vn -0.59234154 0.37745574 0.7117996
vn -0.60350764 -0.15901417 0.78134054
vn -0.60840714 0.22617991 -0.76071244
vn -0.61999667 0.65186006 0.43667215
vn -0.62244093 0.5459796 -0.5607795
vn -0.6224414 0.5459789 0.56077963
vn -0.6247169 -0.75202405 -0.21021089
vn -0.6277014 0.7613654 -0.16221516
vn -0.6302949 -0.71079415 0.31224996
vn -0.632383 -0.538286 0.5570815
vn -0.64181626 -0.23998186 0.72834104
vn -0.6494156 0.7561877 -0.08024688
vn -0.6556722 -0.40605038 -0.6365666
vn -0.6646191 0.7420653 0.08729598
vn -0.6811873 0.20718342 -0.7021816
vn -0.6828004 -0.4580388 0.569196
vn -0.6842166 -0.49156767 -0.5387104
vn -0.68894684 -0.44624427 -0.57115525
vn -0.6942874 -0.43549836 -0.5729801
vn -0.69692147 -0.2387741 -0.67623025
vn -0.6985084 -0.31731093 0.64140457
vn -0.707101 -1.15203264E-07 -0.7071126
vn -0.7071196 -1.1520023E-07 -0.70709395
vn -0.70843947 -0.16668762 -0.68580514
vn -0.7084414 -0.16668807 0.68580306
vn -0.71104395 0.19084175 -0.676754
vn -0.71104443 0.19084132 0.6767536
vn -0.71366084 0.14195158 -0.6859576
vn -0.7142874 -0.14766712 0.68409646
vn -0.7142898 -0.14768505 -0.6840901
vn -0.71429217 -0.14768675 0.6840872
vn -0.7142936 -0.14768942 -0.68408525
vn -0.7142941 -0.14768705 0.6840851
vn -0.7142941 -0.14768648 -0.68408525
vn -0.7142941 -0.14768626 -0.6840853
vn -0.71429455 -0.14768685 -0.68408465
vn -0.7142955 -0.14768685 0.68408364
vn -0.7158705 0.13680215 -0.68470037
vn -0.715871 0.13680239 0.6846999
vn -0.7161819 0.13582096 0.6845701
vn -0.7162529 0.1358828 0.6844835
vn -0.71927845 -0.0058917226 0.6946969
vn -0.7275778 0.21617988 0.65107346
vn -0.7365538 -0.30294648 0.6047413
vn -0.7666551 0.38249615 -0.51569045
vn -0.7675258 0.63850474 -0.056708112
vn -0.76752627 0.63850397 0.056710247
vn -0.7784158 0.16861801 -0.604679
vn -0.7852365 -0.5201925 -0.33586222
vn -0.79564726 -0.5023 -0.3385853
vn -0.8124496 -0.47104985 -0.34356606
vn -0.8307878 -0.43261293 0.35019672
vn -0.8393489 0.52074885 -0.1559296
vn -0.84258187 0.24034908 -0.48196277
vn -0.8474399 -0.086091764 -0.52386445
vn -0.8492247 -0.18918858 -0.4929758
vn -0.8538419 0.5199481 -0.024656475
vn -0.8666564 0.011146685 0.49878082
vn -0.87417805 0.036949176 -0.48419777
vn -0.87526476 0.036763564 0.48224488
vn -0.880087 -0.39310107 -0.266305
vn -0.8800899 0.08766007 0.46664488
vn -0.880211 -0.037349794 -0.47311053
vn -0.8840729 -0.15901302 0.4394655
vn -0.88458407 0.15476541 -0.43995315
vn -0.88555825 0.4644104 -0.010468288
vn -0.88595736 0.45164946 -0.10531999
vn -0.8869983 -0.4539581 -0.08459393
vn -0.88987744 -0.42888254 0.15549248
vn -0.89252484 -0.11618923 0.43577442
vn -0.8941227 -0.00990305 -0.44771245
vn -0.89618886 -0.43313116 -0.09614006
vn -0.8963152 -0.44294825 -0.02039253
vn -0.8966671 0.4426768 0.0050291335
vn -0.8966681 0.44267482 -0.00503499
vn -0.89805615 -0.40812567 -0.16409913
vn -0.9019147 -0.42865855 -0.052930385
vn -0.9026371 0.4185045 0.10049975
vn -0.9026371 0.4185045 -0.10049968
vn -0.90367377 0.42820036 0.004265835
vn -0.9037181 0.4229676 0.06627255
vn -0.9042126 0.41687968 0.09279421
vn -0.9048835 0.34477106 0.24963723
vn -0.90560925 -0.39223716 0.1613133
vn -0.9083425 -0.4182271 1.0186725E-07
vn -0.90980446 0.3336019 0.246912
vn -0.9121629 0.40981653 0.0030588647
vn -0.9146105 -0.083523236 0.39561528
vn -0.91526616 0.34536785 -0.2073862
vn -0.916937 -0.39329776 0.06740548
vn -0.9172374 0.39829755 -0.005874273
vn -0.9179684 0.31572732 0.2401043
vn -0.9195639 0.39287588 0.0071314233
vn -0.92596066 -0.0006441221 -0.3776195
vn -0.928372 -0.35350546 0.11471387
vn -0.9291836 0.2863462 0.23371714
vn -0.93149626 0.12259774 0.3424682
vn -0.93459904 0.082968235 -0.34589133
vn -0.93537486 0.23397614 -0.26519668
vn -0.94080555 0.32063803 -0.109891236
vn -0.9408523 0.015566444 -0.33845916
vn -0.95051634 -0.09856195 -0.29462558
vn -0.9516808 -0.13421974 0.27620435
vn -0.9558703 0.025621073 0.29266965
vn -0.95596087 0.005139606 -0.29344925
vn -0.95643055 -0.1981896 0.21438631
vn -0.95701563 0.080776066 -0.2785611
vn -0.9605905 0.20006777 -0.19297376
vn -0.9632474 0.184814 0.19493099
vn -0.9653636 0.23480266 -0.11375789
vn -0.9654738 -0.18900299 -0.1792716
vn -0.9670459 0.17448023 0.18541566
vn -0.9789096 0.20108472 -0.03606758
vn -0.9789096 0.2010848 0.03606756
vn -0.9807993 -0.19501975 7.663342E-08
vn -0.9833218 -0.1722809 -0.058288857
vn -0.9855586 -0.009684843 0.16905713
vn -0.9874326 -0.11842176 0.10465721
vn -0.98788464 -0.15480173 0.010977302
vn -0.99050725 -0.0058135753 -0.13733773
vn -0.9922086 -0.019542405 0.123045675
vn -0.9930545 -0.07530346 -0.09039897
vn -0.9930545 -0.075303406 0.0903989
vn -0.9999682 -0.007886952 -0.0012184476
vn -0.9999682 -0.007889983 0.0012227594
vn -0.9999682 -0.007886945 0.0012185667
vn -0.9999968 -4.109533E-10 -0.0025224134
vn 2.2242181E-08 -0.8273661 0.56166285
vn 6.532171E-05 0.9999988 -0.0014985288
vn 0.0033523336 -0.9856091 0.16900752
vn 0.004831621 0.9984384 0.055653993
vn 0.0063999905 0.9972271 0.07414192
vn 0.007726641 0.98446023 0.17543727
vn 0.0078441305 0.98002255 -0.19873141
vn 0.007979955 -0.9999682 2.106013E-07
vn 0.008040014 -0.976149 0.21695253
vn 0.008045959 -0.98252875 0.18593702
vn 0.01197918 0.041328736 0.9990738
vn 0.015916487 -0.9829167 -0.1833617
vn 0.01718763 -0.052026358 -0.9984978
vn 0.018596863 0.4358386 -0.89983267
vn 0.021051144 0.83806694 -0.54516125
vn 0.027690848 0.984847 -0.17120063
vn 0.032453578 -0.14293899 0.9891992
vn 0.032454085 -0.14293884 -0.9891993
vn 0.03686787 0.028995173 0.9988994
vn 0.036876958 0.029016133 -0.99889845
vn 0.037680846 -0.9000764 0.43409988
vn 0.038787555 0.5442165 -0.8380477
vn 0.043807875 0.8622025 0.504666
vn 0.050474625 -0.059736736 0.9969373
vn 0.050478708 -0.05973741 0.996937
vn 0.05405576 0.44247264 -0.8951513
vn 0.0549698 -0.5176259 -0.8538394
vn 0.055054884 -0.7711727 0.634241
vn 0.055054884 -0.77117264 0.63424104
vn 0.057530355 0.016150268 -0.9982131
vn 0.06466325 -0.39707077 -0.91550726
vn 0.06542852 0.96302515 -0.2613459
vn 0.06788429 0.16503553 0.9839487
vn 0.06878891 0.97256243 -0.22223939
vn 0.06878891 0.97256255 0.22223906
vn 0.06969019 -0.9398806 -0.3343169
vn 0.07051613 0.832399 -0.549672
vn 0.07412281 -0.1259264 -0.98926663
vn 0.07571634 -0.093446724 0.992741
vn 0.07653054 -0.9859343 -0.14858179
vn 0.07867106 -0.415259 -0.9062952
vn 0.07942041 0.9964162 -0.029105224
vn 0.08272954 -0.48117253 0.8727135
vn 0.08480098 -0.06108369 -0.99452376
vn 0.086099945 -0.99601614 -0.023209352
vn 0.086247526 0.090826675 0.9921249
vn 0.090530835 0.19790171 -0.9760323
vn 0.0911959 0.19790384 -0.9759701
vn 0.091914974 0.198142 -0.97585416
vn 0.09466597 -0.06721057 -0.9932376
vn 0.095201634 -0.9923873 -0.07812822
vn 0.098260544 -0.3684043 0.9244583
vn 0.09972795 -0.019746976 0.9948187
vn 0.10372897 0.99420124 0.028356787
vn 0.109121345 -0.030051388 -0.9935741
vn 0.109493814 -0.97250485 0.20553681
vn 0.123608194 -0.061519697 0.9904222
vn 0.1265798 -0.33378115 0.93411326
vn 0.13394766 -0.06352464 -0.98895025
vn 0.13690548 -0.31715682 0.9384394
vn 0.1374015 0.90877825 -0.39400882
vn 0.1405112 -0.310556 -0.94011253
vn 0.14142542 -0.9739395 0.17731595
vn 0.1455615 -0.30041775 0.9426351
vn 0.14556412 -0.30041066 -0.94263697
vn 0.14849798 -0.29389495 -0.944232
vn 0.14969401 -0.51749814 -0.8424888
vn 0.15147571 -0.09508023 0.9838775
vn 0.15816955 -0.63210434 0.7585687
vn 0.15938 0.43310535 0.8871403
vn 0.16443293 -1.6070304E-07 -0.9863882
vn 0.16514723 0.780674 -0.60272264
vn 0.1670193 -0.13108338 0.9772009
vn 0.16763882 -0.97159034 0.1670614
vn 0.17482845 0.87589777 -0.4497089
vn 0.1828628 0.48507655 -0.85513854
vn 0.18339972 0.93331933 0.3086739
vn 0.19173484 -0.91105056 0.3649995
vn 0.1917644 -0.9154195 0.35388336
vn 0.20209341 -0.9571768 0.20729388
vn 0.20682888 0.9783571 -0.0062686973
vn 0.21547692 -0.780288 0.587129
vn 0.2191978 -0.9589534 0.17989115
vn 0.21923356 -0.030744454 -0.9751879
vn 0.2201039 -0.9743202 -0.047481295
vn 0.22340636 -0.5908689 0.7752184
vn 0.22831576 -0.960444 0.15943447
vn 0.23973708 0.97083783 -1.1371692E-06
vn 0.24226908 -0.016164673 0.9700744
vn 0.24890701 -0.16095206 -0.95506006
vn 0.26185092 0.3745418 0.88946754
vn 0.26222047 -0.49624473 -0.8276362
vn 0.27233967 -0.947804 0.16582738
vn 0.27246675 0.36408114 -0.8906216
vn 0.272467 0.36408085 -0.89062166
vn 0.2776545 -0.5537556 0.78502405
vn 0.2810801 0.35461852 -0.8917622
vn 0.28141484 -0.7185027 0.6360499
vn 0.28345641 0.91187865 -0.2968666
vn 0.28808102 0.34615302 -0.89285356
vn 0.28990492 -0.3655753 -0.8844828
vn 0.2914699 -0.7436508 -0.6016883
vn 0.29254088 -0.8219621 -0.48866978
vn 0.2962726 -0.88188523 -0.36674377
vn 0.29639968 0.8206327 0.4885787
vn 0.3023449 0.32604358 0.89570254
vn 0.30952057 0.5122936 0.8010944
vn 0.31340346 0.30634815 -0.8988488
vn 0.3136135 0.3788316 0.87070847
vn 0.31886944 0.94142526 -0.109730236
vn 0.3207489 0.28629318 -0.9028601
vn 0.32100877 -0.76194245 0.5624919
vn 0.3279551 0.09162993 -0.940239
vn 0.3283504 0.092522904 -0.9400135
vn 0.33644852 -0.20664343 -0.91874963
vn 0.33767685 0.7733839 0.53651804
vn 0.3412622 0.37487617 -0.8619791
vn 0.3413132 0.38026613 0.8595947
vn 0.34466752 0.16706868 -0.9237382
vn 0.3456057 0.15463826 0.9255505
vn 0.3466061 0.5790479 0.7379483
vn 0.35139236 -1.5253094E-07 -0.9362283
vn 0.35421094 0.93398446 0.04698518
vn 0.35483655 -0.19807123 -0.91370606
vn 0.35702023 0.70413375 0.61378515
vn 0.35725293 -0.28675094 0.88890064
vn 0.35725316 -0.28675088 -0.8889005
vn 0.35803208 0.09640543 0.92871904
vn 0.3622683 0.84513336 0.3930791
vn 0.36612853 0.7638893 -0.53143483
vn 0.3690029 -0.47688007 -0.7977608
vn 0.37436566 -0.09091555 -0.92281353
vn 0.37454042 0.24984483 0.8929149
vn 0.37846193 0.8204033 -0.42860818
vn 0.37890205 -0.5821897 -0.7193667
vn 0.37947544 -0.07492237 0.9221632
vn 0.38196263 0.014915316 0.92405736
vn 0.38461956 0.8158373 -0.43183017
vn 0.38920555 -0.83729565 0.38399887
vn 0.39006743 -0.34122375 0.85522735
vn 0.39091906 -0.9099206 -0.13866103
vn 0.40233 -0.535098 0.74283284
vn 0.40462932 0.7402235 -0.536977
vn 0.40542373 -0.66374063 0.6285538
vn 0.41087636 -0.8909863 -0.1931944
vn 0.4165531 0.9040223 0.09605813
vn 0.4219688 0.21677129 -0.8803139
vn 0.42557296 -0.7706762 0.4742845
vn 0.42900667 -0.8365394 0.34081548
vn 0.4299222 0.35794875 -0.82887846
vn 0.43514928 -0.8687513 -0.23646626
vn 0.44391903 0.8746023 -0.19495271
vn 0.4496666 0.86879635 -0.207347
vn 0.44979128 -0.70420945 -0.5493423
vn 0.45064744 0.8688987 -0.20477283
vn 0.45330605 -0.8157267 -0.35930994
vn 0.45330605 -0.81572646 0.35931048
vn 0.4624041 0.11616538 0.8790267
vn 0.47005162 0.30258703 0.82915175
vn 0.47316346 -0.7254276 -0.499871
vn 0.47351202 0.08042643 0.8771077
vn 0.47671422 -0.26081014 -0.839477
vn 0.4880167 -0.6095245 -0.6247557
vn 0.49660978 0.21617618 -0.8406227
vn 0.4966472 0.55429274 0.66790795
vn 0.49717507 0.5823674 0.643168
vn 0.49823412 -0.8219217 -0.276057
vn 0.5009205 0.47760084 -0.7217868
vn 0.50094384 0.47676843 -0.7223207
vn 0.5014679 0.8236544 -0.2648081
vn 0.5044562 -0.08431598 0.85931057
vn 0.5050723 0.28670523 0.81406516
vn 0.5069677 0.19805259 0.83890337
vn 0.5088474 0.110557236 -0.853728
vn 0.51048297 0.40809134 -0.7568809
vn 0.522134 -0.20008929 0.82905996
vn 0.52875775 -0.7399692 0.41576546
vn 0.5298802 -0.21755382 -0.8196934
vn 0.5380537 -0.010355563 0.84284693
vn 0.54194325 -0.82809246 -0.14338908
vn 0.54213923 -0.8261873 0.15329558
vn 0.5448362 0.1989151 -0.81460816
vn 0.5629441 0.7228159 -0.40078804
vn 0.5692193 0.15472934 -0.80749506
vn 0.57163256 0.61088896 0.547769
vn 0.575864 -0.34691742 -0.74028975
vn 0.57625836 -0.8051419 0.14025982
vn 0.58105105 0.80203706 -0.13826178
vn 0.581052 0.8020364 0.1382614
vn 0.5842697 -0.23988488 -0.77529615
vn 0.5874583 -0.4120092 0.6965208
vn 0.6158673 0.5600573 -0.5541148
vn 0.6160323 -0.7801133 0.109212846
vn 0.6212174 -0.5416175 0.5663384
vn 0.6330616 -0.2804754 0.7215031
vn 0.6331288 -0.3728567 -0.6783257
vn 0.6609966 -0.5323702 0.5288339
vn 0.6620733 0.0031704328 0.7494323
vn 0.66537637 -0.7414101 -0.08709442
vn 0.6659519 0.14320265 -0.73212093
vn 0.6659815 0.6714084 -0.3250837
vn 0.670839 -0.49538878 -0.551874
vn 0.6728341 0.14411016 -0.7256214
vn 0.67642087 0.7071316 0.20596036
vn 0.6812212 -0.20712914 -0.7021647
vn 0.6911413 -0.1889834 0.6975737
vn 0.69160765 0.41761318 -0.5893031
vn 0.6994936 0.31817135 -0.6399029
vn 0.71367663 -0.14194891 0.68594176
vn 0.71429366 0.14768742 -0.6840854
vn 0.71429366 0.14768754 0.6840855
vn 0.71429366 0.14768523 0.68408597
vn 0.71429366 0.1476875 -0.68408555
vn 0.71429366 0.14768855 -0.6840853
vn 0.71429414 0.14768776 0.6840849
vn 0.71429414 0.14768521 0.6840855
vn 0.71429414 0.14768638 -0.6840853
vn 0.7142946 0.1476872 0.6840846
vn 0.7142946 0.14768688 0.68408465
vn 0.7142946 0.14768672 0.6840847
vn 0.7142951 0.1476846 0.6840847
vn 0.71429557 0.14769576 -0.6840817
vn 0.7153966 -0.47898 0.50870997
vn 0.71855944 -0.13033894 0.6831428
vn 0.72044104 -0.5006086 0.47995389
vn 0.7273099 -0.3169613 -0.60873306
vn 0.7301299 -0.4818558 0.48448455
vn 0.7354838 0.20721821 -0.6450769
vn 0.7405154 -0.17749175 -0.6481772
vn 0.74633855 0.14452662 -0.6496851
vn 0.74633855 0.14452676 0.6496851
vn 0.75147694 -0.43673024 0.49451905
vn 0.7531354 -0.4321243 0.4960401
vn 0.7558252 0.20613414 -0.62147975
vn 0.7565691 -0.64143586 0.1271354
vn 0.7576 0.10236242 -0.64464265
vn 0.76906556 0.49332634 0.4064078
vn 0.7714836 0.16680472 0.61399454
vn 0.7730052 -0.17233369 0.61054397
vn 0.7823593 0.59240377 -0.19228002
vn 0.78603095 0.5203752 -0.33371407
vn 0.7860338 0.5203764 0.33370537
vn 0.79639643 0.5024383 -0.3366132
vn 0.79639786 0.5024392 0.33660844
vn 0.8015439 0.29929492 0.51763886
vn 0.80317324 -0.2636111 -0.53424895
vn 0.80351084 -0.59364253 -0.044259578
vn 0.80962676 0.53220206 -0.24751854
vn 0.8221175 0.19494891 0.5348997
vn 0.8263628 -0.16976905 0.53693855
vn 0.83087605 0.14459595 0.5373426
vn 0.8357274 -0.2559817 -0.48583245
vn 0.84340924 -0.23868856 -0.4813405
vn 0.84417886 -0.23769154 -0.48048386
vn 0.85068387 -0.5142005 -0.1092463
vn 0.85614127 -0.50550455 0.10717842
vn 0.8571374 0.48383534 0.1766887
vn 0.8587548 0.1857819 -0.4775198
vn 0.8608472 0.2846327 0.4218132
vn 0.8661968 -0.051507346 0.49704137
vn 0.8676526 -0.13491121 0.47851643
vn 0.868169 -0.17997149 0.46248552
vn 0.8697426 -0.17013946 -0.46324998
vn 0.8697545 0.11832067 0.47909003
vn 0.8733813 -0.22323315 0.43286487
vn 0.87799615 0.34093776 0.33598247
vn 0.8780739 -0.27056864 -0.39468837
vn 0.87901753 -0.03525639 0.47548413
vn 0.8802082 0.44301024 0.17022139
vn 0.8802082 0.443009 -0.17022502
vn 0.8846914 0.45163742 0.11551937
vn 0.8878276 -0.36057392 -0.28591704
vn 0.8891427 -0.4188023 0.18447179
vn 0.8913433 -0.45165583 0.03891227
vn 0.89637154 -0.4433033 -0.00038357658
vn 0.9027483 -0.4193335 0.09594226
vn 0.90283793 0.41875133 0.097626984
vn 0.9033596 -0.42888394 -0.00016705065
vn 0.9034721 -0.42353398 -0.066007614
vn 0.9034721 -0.42353398 0.06600775
vn 0.9041988 -0.4177971 -0.08871392
vn 0.9054176 -0.42452183 0.0005272602
vn 0.90557164 0.3921618 -0.16170685
vn 0.90870064 0.4174483 3.4459863E-05
vn 0.91019744 -0.3858505 -0.15053266
vn 0.91114014 0.4097263 -0.044135615
vn 0.91520375 -0.34599155 0.20662053
vn 0.9164097 0.39530015 -0.06269802
vn 0.9189212 0.36211586 0.15638424
vn 0.9193527 0.37880376 -0.106292725
vn 0.9193532 0.3788033 0.10629105
vn 0.9232504 -0.38408437 0.009377744
vn 0.9283802 -0.18139839 -0.32435304
vn 0.9292833 0.31903654 0.18614015
vn 0.9392311 -0.1203137 -0.32151115
vn 0.94039077 -0.044431522 0.33718103
vn 0.940448 -0.0023250123 0.3399297
vn 0.9404804 -0.08559353 0.3288925
vn 0.9451968 0.20662782 0.25280017
vn 0.94744986 -0.31260094 0.067965776
vn 0.95115346 0.024015421 0.3077831
vn 0.9525983 -0.07121355 -0.29577893
vn 0.9526364 0.08042849 0.29328328
vn 0.95344657 0.058077104 0.2959168
vn 0.9546296 -0.11842309 -0.2732366
vn 0.95885485 0.1722976 0.22563444
vn 0.9617378 -0.041418187 0.27082258
vn 0.96649855 -0.22383769 -0.12560797
vn 0.96649903 -0.22383495 0.12560791
vn 0.9671604 0.20572715 -0.14925528
vn 0.9676377 -0.23937573 -0.07985371
vn 0.9694883 -0.19807225 -0.14442872
vn 0.9703967 0.23534535 -0.054247543
vn 0.97121733 -0.1548016 0.18103425
vn 0.9719154 0.21413502 -0.097604044
vn 0.9729406 -0.22756852 -0.03998964
vn 0.9735276 0.226949 0.02716942
vn 0.9748313 -0.22270486 0.01032519
vn 0.9748933 0.21083368 -0.071639694
vn 0.97568387 -0.180317 -0.12460641
vn 0.9757835 -0.2138077 -0.04618044
vn 0.9766819 -0.20940782 -0.04733811
vn 0.9766819 -0.20940773 0.047338154
vn 0.9823553 -0.16715199 0.083894014
vn 0.98565406 -0.16403528 0.03973147
vn 0.98597544 -0.11763552 0.11838194
vn 0.986746 0.14569454 0.07145244
vn 0.98853177 -0.06513355 -0.13624446
vn 0.9912364 0.06686442 -0.113927476
vn 0.99285764 -0.02182535 -0.11729154
vn 0.99625367 -1.4089132E-08 -0.08647847
vn 0.99625367 -3.0671302E-08 -0.08647847
vn 0.99625367 5.501163E-08 -0.08647853
vn 0.99625367 -1.40891325E-08 -0.08647848
vn 0.99625367 -1.893894E-08 -0.08647848
vn 0.99625367 -9.555181E-08 -0.08647854
vn 0.99625367 3.94122E-09 0.08647836
vn 0.99625367 -2.9623447E-08 0.08647836
vn 0.99625367 4.9384113E-08 0.08647836
vn 0.99625367 8.3189896E-08 0.08647842
vn 0.99625367 -1.40891245E-08 -0.08647843
vn 0.99625367 -1.4089133E-08 -0.08647849
vn 0.99625367 -2.3204043E-08 -0.08647849
vn 0.99625367 1.7914945E-09 -0.08647849
vn 0.99625367 1.4089105E-08 0.08647831
vn 0.99625367 6.7425745E-08 0.08647837
vn 0.99625367 -5.0031858E-08 0.08647843
vn 0.99625367 4.9229918E-08 0.08647849
vn 0.99625367 -4.9404672E-08 -0.086478435
vn 0.99625367 -7.740386E-08 -0.086478435
vn 0.99625367 -1.4089135E-08 -0.086478494
vn 0.99625367 9.402532E-09 -0.08647861
vn 0.99625367 -1.1647074E-09 0.086478375
vn 0.99625367 -9.1771355E-08 -0.08647838
vn 0.99625367 1.2754553E-07 -0.08647844
vn 0.99625367 -4.0757442E-08 -0.08647844
vn 0.99625367 -1.4089136E-08 -0.0864785
vn 0.99625367 1.3255604E-07 -0.0864785
vn 0.99625367 -2.3988166E-08 -0.0864785
vn 0.99625367 -4.9289916E-08 0.08647838
vn 0.99625367 8.099116E-08 0.08647844
vn 0.99625367 3.6932263E-08 -0.08647851
vn 0.99625367 5.424272E-08 0.08647839
vn 0.99625367 7.945276E-09 0.08647839
vn 0.99625367 -2.4237021E-08 -0.08647846
vn 0.99625367 -7.438114E-08 -0.08647846
vn 0.99625367 -2.1589672E-08 -0.08647846
vn 0.99625367 -4.614963E-08 -0.08647852
vn 0.99625367 1.4089119E-08 0.0864784
vn 0.99625367 5.4684746E-09 0.0864784
vn 0.99625367 -8.446999E-08 -0.086478464
vn 0.99625367 -1.408914E-08 -0.086478524
vn 0.99625367 -2.2718615E-08 -0.086478524
vn 0.99625367 -7.746817E-08 -0.086478524
vn 0.99625367 3.941198E-09 0.086478285
vn 0.99625367 1.408912E-08 0.086478405
vn 0.99625367 1.9923913E-08 0.086478405
vn 0.99625367 1.6996612E-08 0.086478464
vn 0.9999673 0.007917634 -0.001694581
vn 0.9999673 0.007917643 0.0016942613
vn 0.9999673 0.0078962715 0.001798646
vn 0.99996823 0.007889092 -0.0011689638
vn 0.99996823 0.007887529 -0.0011645504
vn 0.99996823 0.007887531 0.001164525
vn 0.99996823 0.007889094 0.0011691557
vn -6.70627E-07 1 -1.6292068E-07
vn -6.706393E-07 1 -1.6292068E-07
vn -7.000578E-07 0.82736266 0.5616682
vn -7.006285E-07 0.8273626 0.56166816
vn -1.2574441E-06 1 -1.6292068E-07
vn -2.5148881E-06 1 -1.6292068E-07
vn -8.828707E-05 0.99964404 -0.026678614
vn -0.00024262052 -0.9999844 -0.005588705
vn -0.0002426218 -0.9999844 0.005589061
vn -0.004496844 -0.998647 -0.051806815
vn -0.005145976 0.2008264 0.9796133
vn -0.007276216 -0.83174497 -0.55511034
vn -0.0072763166 -0.83174765 0.55510604
vn -0.007343897 0.99638826 -0.08459588
vn -0.007992434 0.9884728 0.15118712
vn -0.008027273 0.978471 -0.20622846
vn -0.008028123 0.978469 0.2062377
vn -0.008035834 0.9725337 -0.23262337
vn -0.00804131 0.98244655 0.18637075
vn -0.009621891 -0.98565346 0.1685075
vn -0.0120992465 -0.0413148 0.99907285
vn -0.013616989 0.42512223 0.9050335
vn -0.014195244 -0.98378134 0.17880976
vn -0.018532297 -0.43583584 0.8998353
vn -0.019269263 0.16649406 0.98585415
vn -0.02134048 0.94773763 -0.31833628
vn -0.021341344 0.94773775 0.31833583
vn -0.02264384 0.17361276 0.9845537
vn -0.030129855 0.54798305 0.8359467
vn -0.038172763 0.89730245 0.43976265
vn -0.03817297 0.8973024 -0.43976268
vn -0.042755317 -0.9875301 -0.1515129
vn -0.045411836 0.9414247 0.33415174
vn -0.0468765 -0.51037335 -0.85867435
vn -0.05040015 0.84188557 0.5372974
vn -0.054025542 -0.44246876 -0.8951551
vn -0.055429857 -0.7675821 -0.6385493
vn -0.057587575 -0.016141662 -0.99820995
vn -0.059368204 0.5535483 -0.8306984
vn -0.061931353 -0.98798776 0.14157917
vn -0.06360301 0.67750967 -0.7327587
vn -0.07561525 0.9933345 -0.08700031
vn -0.07751759 -0.2188608 -0.972672
vn -0.078433834 -0.42121348 0.9035637
vn -0.078433834 -0.42121357 0.9035637
vn -0.07853057 -0.9882862 0.13085656
vn -0.07919761 -0.21485025 -0.9734306
vn -0.08198478 -0.3181537 -0.94448745
vn -0.08322009 -0.20544778 -0.97512335
vn -0.08331408 0.38243324 -0.9202193
vn -0.08598282 0.10689081 -0.9905459
vn -0.08645233 -0.025230823 -0.9959365
vn -0.08645233 -0.02523083 -0.9959365
vn -0.086636566 0.0631469 -0.9942367
vn -0.088389955 0.008566905 0.9960491
vn -0.09080174 -0.44410667 0.89136094
vn -0.09821191 0.36843938 -0.9244495
vn -0.10913911 0.030064419 0.99357176
vn -0.11037066 0.99320984 0.03677822
vn -0.11037304 0.9932096 -0.03677858
vn -0.11312976 0.9850131 -0.13019562
vn -0.12351843 0.048193168 -0.9911713
vn -0.12911229 0.056161657 0.99003834
vn -0.13052444 1.615269E-07 0.99144506
vn -0.13096742 -0.84652597 -0.5159858
vn -0.13393931 0.0635306 -0.988951
vn -0.13420896 0.97370565 0.18407942
vn -0.13421004 0.9737047 -0.18408364
vn -0.1381735 0.07041486 0.98790175
vn -0.13823597 -0.5537557 0.82112455
vn -0.14502673 0.5574343 -0.817456
vn -0.14656763 -0.6877165 0.7110303
vn -0.1468883 -0.21255174 -0.9660464
vn -0.14749436 0.56178886 0.8140262
vn -0.14776687 -0.96665573 -0.20914516
vn -0.14835505 0.2943198 0.94412214
vn -0.149586 0.29133987 0.9448519
vn -0.15143017 0.09510348 -0.9838821
vn -0.15622167 0.23072454 -0.9603963
vn -0.15949468 -0.43305144 -0.88714594
vn -0.15949897 -0.43305016 -0.8871458
vn -0.16332798 0.96093035 -0.22346534
vn -0.1637923 1.607204E-07 0.98649484
vn -0.17242436 -0.8805228 -0.44153082
vn -0.17639522 0.97090465 -0.1619536
vn -0.18065207 0.5288796 -0.8292474
vn -0.19302933 0.93917835 -0.28404847
vn -0.1939042 0.642427 -0.7414099
vn -0.1974291 -0.9604439 0.19639018
vn -0.19787042 0.64917415 -0.73445237
vn -0.2124974 -0.4105126 0.88674927
vn -0.21463506 0.13637502 -0.9671265
vn -0.21473448 0.780589 -0.5870008
vn -0.21914546 0.030813523 0.97520554
vn -0.2191507 0.030823508 -0.975204
vn -0.22210364 -0.13949147 -0.96499336
vn -0.22661822 0.1766515 -0.95783
vn -0.23247127 -0.3980577 0.88741595
vn -0.24072818 0.73858535 -0.6297155
vn -0.2422146 0.016226478 0.97008705
vn -0.25683293 0.53096193 -0.80753714
vn -0.25683317 0.5309521 0.8075435
vn -0.25824532 0.86130106 0.43757263
vn -0.25878462 -1.5737079E-07 -0.96593505
vn -0.25878462 1.5737079E-07 0.96593505
vn -0.26083812 0.0016120662 0.9653812
vn -0.26653203 0.7806734 -0.5652518
vn -0.27571687 -0.93685496 0.2151347
vn -0.27668104 -0.46058246 -0.8433929
vn -0.2770532 -0.7478498 -0.6032928
vn -0.28083333 0.8273423 -0.48645395
vn -0.28108272 -0.35461378 0.8917632
vn -0.2810882 -0.35460803 -0.89176375
vn -0.2865084 -0.63210547 -0.7199691
vn -0.28736648 -0.025122676 -0.9574912
vn -0.2873672 -0.025114538 0.95749116
vn -0.2887884 -0.67426115 0.67968607
vn -0.29379997 -0.33861655 -0.8938794
vn -0.2956675 0.4309631 -0.8525559
vn -0.2961541 -0.9165767 -0.26866335
vn -0.2980536 0.8853179 -0.35689798
vn -0.29805407 0.8853158 0.3569031
vn -0.30174717 -0.2140462 -0.92904943
vn -0.30197486 0.11681502 0.9461318
vn -0.30303726 -0.8816699 -0.3616997
vn -0.30737314 0.057685453 -0.949839
vn -0.31342682 -0.3063437 0.8988421
vn -0.31425747 -0.06350415 0.9472114
vn -0.31445965 -0.30417144 0.89921904
vn -0.31506285 -0.3029358 -0.89942497
vn -0.3157216 0.54269296 -0.77833426
vn -0.3231369 -0.08064485 0.9429098
vn -0.32493743 -0.084583536 0.9419455
vn -0.32830796 -0.09253464 0.94002724
vn -0.34042582 -0.31419536 -0.88622314
vn -0.3541375 0.10997713 -0.9287042
vn -0.3548306 0.19775683 -0.9137765
vn -0.35498342 0.022364007 -0.934605
vn -0.35725722 0.286858 0.8888642
vn -0.3596345 0.9087767 -0.21163148
vn -0.35963497 0.9087762 0.21163277
vn -0.36899003 0.47676846 0.79783344
vn -0.370797 0.7641 -0.5278834
vn -0.3728567 0.3037736 0.87675506
vn -0.3787392 0.36895803 0.8487795
vn -0.3799487 -0.72542936 -0.57392627
vn -0.3813115 0.36406434 -0.8497404
vn -0.38188443 0.3638787 0.8495625
vn -0.38441953 -0.81225187 0.43871224
vn -0.38770708 -0.89580244 0.21730438
vn -0.3889881 0.005833803 0.92122436
vn -0.3917192 -0.8992662 -0.19461864
vn -0.39557442 0.9067679 -0.14592041
vn -0.3957828 -0.91145104 0.11230802
vn -0.398805 0.46318483 0.7914635
vn -0.40005168 0.7783448 -0.48387805
vn -0.40031394 0.7805784 -0.48004815
vn -0.40039787 0.89099133 0.21404661
vn -0.40057835 -0.9149577 0.04888134
vn -0.4030672 0.91493654 -0.020687398
vn -0.40520677 -0.7398987 0.53698933
vn -0.40781006 -0.9129745 0.0129821105
vn -0.41476092 0.54757833 -0.7267264
vn -0.41476092 0.54757917 0.72672594
vn -0.41517314 0.8842829 -0.21371722
vn -0.42014298 0.8938446 0.15659417
vn -0.42893443 -0.805137 -0.409597
vn -0.43433198 0.8706949 -0.23075123
vn -0.44049248 0.86353683 -0.24550046
vn -0.4423984 -0.8753859 -0.19489324
vn -0.4447504 0.25820416 -0.8576292
vn -0.44480905 -0.88593346 -0.13140321
vn -0.44665536 0.8204031 0.35698414
vn -0.45238265 0.76216406 0.4630937
vn -0.45514306 -0.31696028 0.83209425
vn -0.45744023 0.70413417 0.543087
vn -0.46311173 0.6414484 -0.61161387
vn -0.4633318 -0.17652059 0.86842626
vn -0.46703514 0.2725766 -0.8411779
vn -0.47528347 -0.87983274 2.5439093E-07
vn -0.47539863 0.83253264 -0.2844039
vn -0.48417982 0.82526654 -0.29069775
vn -0.48468313 0.3748765 -0.79028475
vn -0.49546656 -0.42748982 -0.7561517
vn -0.4992374 -0.5313409 0.68442595
vn -0.50098866 0.82062286 0.2749338
vn -0.50288934 0.39994228 -0.76625615
vn -0.5030734 0.85510504 0.12534925
vn -0.50773257 -0.25512365 0.82287276
vn -0.51776093 0.0010368846 0.85552466
vn -0.5220086 -0.08184054 0.8490047
vn -0.52220315 -0.08183198 -0.84888595
vn -0.5277712 0.6710462 0.520725
vn -0.5282542 -0.17369077 0.83113116
vn -0.5291669 -0.46512803 0.7096748
vn -0.5300743 -0.7907787 0.3060886
vn -0.53119296 -0.3589647 -0.7674492
vn -0.531614 -0.34581083 0.77317625
vn -0.53165454 -0.3412217 -0.77518463
vn -0.5332748 0.042063966 0.84489554
vn -0.5343377 -0.21598595 -0.8172107
vn -0.5389134 0.028422844 0.8418816
vn -0.5429384 0.8240551 -0.16171299
vn -0.5448505 -0.19889872 0.8146025
vn -0.54529446 -0.8382446 1.5995711E-07
vn -0.54529446 -0.8382446 -6.660953E-07
vn -0.56125516 0.46774307 0.6827951
vn -0.5664546 -0.083528064 0.8198489
vn -0.56895274 -0.82237023 -0.00028572898
vn -0.57997006 0.42935047 0.6923098
vn -0.58080167 0.69498086 0.42387608
vn -0.58742636 -0.11648862 -0.80085
vn -0.59292954 -0.10382045 -0.79853356
vn -0.5960466 0.60779035 -0.5247088
vn -0.59982747 -0.024264589 -0.79976135
vn -0.62329215 -0.37410757 0.6866953
vn -0.6232926 -0.37410665 -0.68669534
vn -0.62877053 0.76019037 0.16357902
vn -0.6325442 -0.4123254 -0.65564895
vn -0.6329648 0.28062654 0.72152907
vn -0.6418144 -0.23998271 -0.72834235
vn -0.6461007 -0.5187566 0.5598619
vn -0.6494152 0.7561879 0.080247454
vn -0.6513621 0.5678978 -0.50320923
vn -0.6580555 0.38467988 -0.64729005
vn -0.67563695 -0.0047566383 -0.7372192
vn -0.67678756 -0.7068184 -0.20583089
vn -0.6791293 -0.0860936 0.72895217
vn -0.682512 0.34221855 0.6458048
vn -0.68333215 -0.316344 -0.65801495
vn -0.7119157 -0.16045226 0.68368936
vn -0.7130148 0.17473759 -0.67902637
vn -0.71301526 0.1747371 0.67902595
vn -0.7140085 -0.39016685 -0.58134484
vn -0.7142927 -0.14768517 -0.6840869
vn -0.7142932 -0.14768629 -0.68408626
vn -0.71429366 -0.14768529 0.684086
vn -0.71429366 -0.1476867 -0.68408567
vn -0.71429414 -0.14768697 -0.6840851
vn -0.71429414 -0.1476867 -0.68408525
vn -0.71429414 -0.14768648 0.68408525
vn -0.7142946 -0.14768735 -0.68408453
vn -0.7142946 -0.14768645 0.68408465
vn -0.7142946 -0.14768828 -0.68408436
vn -0.71429557 -0.14768338 -0.6840843
vn -0.71450204 0.45579138 -0.5307928
vn -0.7168686 0.13443542 0.6841247
vn -0.72167414 -0.010352366 -0.69215554
vn -0.7216746 -0.010356333 0.692155
vn -0.7275807 0.21617852 -0.6510708
vn -0.73549336 -0.24928801 -0.63000405
vn -0.7587473 -0.5616774 0.32988045
vn -0.7589604 0.1898168 0.6228553
vn -0.7704913 -0.24641122 -0.5878985
vn -0.77129334 -0.1667364 0.61425203
vn -0.7776491 -0.15507083 -0.60927415
vn -0.7794048 -0.14112855 -0.6104187
vn -0.80330676 0.5939128 0.044338033
vn -0.8061988 -0.5610217 0.18787843
vn -0.81323737 0.30409542 0.4961561
vn -0.8204786 0.5465361 -0.16766992
vn -0.82606477 -0.53274363 -0.18385105
vn -0.8395607 -0.23998038 -0.48738822
vn -0.84216946 0.014700238 0.53901273
vn -0.842581 0.2403495 0.4819641
vn -0.8428547 -0.50712436 -0.18005776
vn -0.8437211 0.5129485 -0.15817258
vn -0.84575814 0.23320119 -0.4799066
vn -0.853841 0.51994956 0.024655359
vn -0.85717696 -0.48383254 0.17650427
vn -0.85828847 -0.1486178 0.49117574
vn -0.8584067 -0.11728559 0.49938157
vn -0.8594429 -0.251904 -0.4448621
vn -0.8595974 -0.119874544 0.49671164
vn -0.8616559 0.12039772 -0.49300468
vn -0.86339873 -0.039959542 -0.5029372
vn -0.86339873 -0.03995938 0.5029372
vn -0.8695108 -0.46256626 -0.17315699
vn -0.8695113 -0.4625657 0.17315648
vn -0.8705737 -0.37420362 0.31948867
vn -0.8705737 -0.3742041 -0.31948838
vn -0.8706061 -0.18780392 -0.4547249
vn -0.87329644 0.22223787 -0.43354782
vn -0.87684935 -0.39938247 -0.2676356
vn -0.8828985 -0.44330347 -0.15482983
vn -0.885739 0.4414417 0.14351128
vn -0.88749903 0.2066284 -0.41188595
vn -0.88805073 0.36237583 0.2829302
vn -0.8978798 0.42930028 0.0975352
vn -0.90367335 0.42820114 -0.0042659077
vn -0.90449685 0.42273197 -0.056418758
vn -0.90560883 -0.3922359 -0.16131817
vn -0.91337746 -0.020531876 -0.40659574
vn -0.91337746 -0.02053165 0.40659577
vn -0.9227564 0.3409385 -0.1796708
vn -0.92301196 0.38466194 -0.009172858
vn -0.9238154 -0.36057168 -0.1286592
vn -0.9314963 0.122597635 -0.342468
vn -0.9345986 0.08296897 0.34589234
vn -0.93955964 0.16429591 -0.3003907
vn -0.9452483 -0.20502844 0.25390765
vn -0.9505417 -0.03479652 0.30864167
vn -0.95082873 -0.1176366 0.28650713
vn -0.95231885 -0.150281 -0.2655269
vn -0.95348996 0.04013155 0.29874116
vn -0.95587033 0.025620636 -0.29266942
vn -0.9570157 0.08077612 0.27856082
vn -0.95872325 -0.09067926 -0.2694939
vn -0.9588749 -0.21246459 0.18819627
vn -0.9591462 -0.19818632 0.20189267
vn -0.9639427 -0.00947602 -0.26594105
vn -0.9639427 -0.009475809 0.26594105
vn -0.96502227 0.21381241 -0.15171134
vn -0.9652783 -0.22757056 -0.1282554
vn -0.9666063 0.23783179 -0.095437154
vn -0.9684364 -0.22679053 0.10342636
vn -0.96907395 0.19117577 -0.15603653
vn -0.96907395 0.19117612 0.15603663
vn -0.9692723 0.23756838 -0.063814804
vn -0.96960896 -0.2288335 0.086566284
vn -0.97265595 0.21083403 0.09741425
vn -0.9737727 0.22752278 -7.892006E-08
vn -0.97711724 -0.21025087 0.0321916
vn -0.97841376 0.20572135 0.01962948
vn -0.98339146 0.1723017 -0.0570376
vn -0.98743266 -0.118421674 -0.10465694
vn -0.98907536 0.09004207 -0.11671521
vn -0.98907536 0.09004208 0.11671466
vn -0.9896056 0.07390474 0.1233645
vn -0.9896056 0.073904835 -0.12336463
vn -0.98996085 0.024015192 -0.13928726
vn -0.9915282 0.03448056 -0.12523144
vn -0.9915282 0.034480598 0.12523147
vn -0.99189585 -0.10084527 0.077284835
vn -0.99189585 -0.10084516 -0.07728434
vn -0.99220866 -0.019542376 -0.12304543
vn -0.993591 -0.017677039 -0.111643896
vn 2.5303187E-08 -0.8273665 -0.5616626
vn 5.0293215E-07 1 -1.6292068E-07
vn 0.0007626659 0.09199205 0.99575937
vn 0.0031166011 0.99928427 -0.037699997
vn 0.0048317555 0.9984384 -0.05565434
vn 0.008031081 -0.9785413 -0.20589434
vn 0.008031402 -0.97853917 0.20590429
vn 0.011973631 0.9903692 -0.13793324
vn 0.0137232505 -0.42509204 0.90504616
vn 0.01716999 -0.052018847 0.9984985
vn 0.01859995 0.43583944 -0.89983225
vn 0.028842188 -0.09750491 0.99481696
vn 0.035143003 0.83474183 -0.5495189
vn 0.037383094 0.96101665 -0.2739516
vn 0.049719557 -0.6771264 -0.7341852
vn 0.05228977 0.9491478 -0.31045827
vn 0.05405654 0.4424654 0.8951549
vn 0.055054948 -0.7711728 -0.6342408
vn 0.055054948 -0.7711728 -0.63424087
vn 0.057528928 0.016151251 -0.9982132
vn 0.06148635 -0.70319533 0.70833313
vn 0.062338397 -0.4766434 -0.8768837
vn 0.065300375 0.49937248 -0.86392295
vn 0.06565824 0.81980205 -0.5688704
vn 0.07073596 -0.085046686 0.9938629
vn 0.07075283 -0.1734396 -0.98229975
vn 0.07516584 -0.49450955 0.8659159
vn 0.07942119 0.99641615 0.029104855
vn 0.08141133 -0.45441896 0.8870601
vn 0.083186 -0.27335888 -0.95830834
vn 0.083186 -0.27335888 -0.9583084
vn 0.08379188 0.89262855 -0.44293714
vn 0.08609852 -0.99601626 0.023208927
vn 0.0863159 0.09082039 -0.99211955
vn 0.0863159 0.0908209 0.9921196
vn 0.094665855 -0.06719661 0.9932386
vn 0.0948638 -0.9860813 0.1365447
vn 0.09658322 0.98597777 -0.1360866
vn 0.09776941 0.9952091 -1.6608881E-07
vn 0.10912153 -0.030051602 -0.9935741
vn 0.10925624 0.82275486 -0.5577969
vn 0.11001119 -0.35555375 0.928159
vn 0.11041817 -0.11008665 -0.98776966
vn 0.11927739 -0.34399593 0.9313645
vn 0.11927763 -0.3439956 0.93136454
vn 0.120898694 0.8814715 0.45649907
vn 0.12362304 -0.061525904 -0.9904201
vn 0.123624295 -0.061525747 -0.9904199
vn 0.1246278 -0.9899615 0.066664845
vn 0.12652129 0.44070357 -0.88869154
vn 0.12652236 0.44071326 0.88868666
vn 0.1265797 -0.33378136 0.93411326
vn 0.1265797 -0.33378276 -0.9341128
vn 0.12677902 0.9896709 -0.066922605
vn 0.12911135 -0.05615841 -0.99003863
vn 0.13052517 -1.615269E-07 -0.991445
vn 0.13234371 -0.3248604 -0.9364565
vn 0.13234979 -0.3248599 0.9364559
vn 0.13690263 -0.31715164 -0.9384416
vn 0.13777798 -0.031610277 -0.9899586
vn 0.14193481 -0.07690821 -0.9868838
vn 0.142052 -0.9743629 -0.17446542
vn 0.14334911 -0.30500114 -0.9415016
vn 0.14541966 0.9827147 -0.11456393
vn 0.14541966 0.9827147 0.11456356
vn 0.14643604 0.9668658 0.20911032
vn 0.14725572 -0.29672626 0.9435408
vn 0.14858967 -0.14474358 -0.97824866
vn 0.14969462 -0.5174973 0.8424891
vn 0.1497572 0.9880275 0.037071187
vn 0.16025859 0.9784765 0.1300028
vn 0.16261166 -0.74062705 -0.6519425
vn 0.16444117 1.6070281E-07 0.98638684
vn 0.17690939 0.8968575 0.4054007
vn 0.18933421 0.8434734 0.502698
vn 0.19073218 -0.04840325 -0.98044807
vn 0.19100553 -0.04572287 -0.98052347
vn 0.19281775 0.7163567 -0.6705628
vn 0.19701761 -0.45087698 -0.87057114
vn 0.19748062 0.9751322 -0.10059121
vn 0.20573407 -0.916575 0.34287572
vn 0.21242636 0.41056418 0.88674235
vn 0.21415442 -0.8828733 -0.41793856
vn 0.21590286 -0.17726953 0.9601882
vn 0.2192288 -0.030742252 0.975189
vn 0.22050339 0.97489154 -0.031060766
vn 0.22050506 0.9748912 0.031060373
vn 0.22129029 -0.11632067 0.96824586
vn 0.22163135 0.1393555 0.96512157
vn 0.23244065 0.39810267 -0.8874038
vn 0.2390855 0.93917835 -0.24653998
vn 0.24556214 -0.63662344 0.73103344
vn 0.24556357 -0.63662374 -0.73103267
vn 0.24869436 0.38595846 0.88836205
vn 0.24870092 0.3859601 -0.8883595
vn 0.2555703 0.8449186 0.4698897
vn 0.25857365 0.8022428 -0.53809494
vn 0.2608937 -0.0015505443 -0.9653663
vn 0.2613033 0.94127524 -0.21382603
vn 0.26184452 0.37455335 -0.88946456
vn 0.26689303 -0.6877164 -0.6751402
vn 0.27173674 0.83636886 -0.47607386
vn 0.27569282 0.012351815 0.96116644
vn 0.2810799 0.35461867 -0.89176214
vn 0.28141415 -0.7185074 -0.6360449
vn 0.28148615 0.9481081 -0.14783992
vn 0.28808105 0.3461534 0.89285344
vn 0.2896608 0.0023483243 -0.95712644
vn 0.28973472 -0.016787695 0.9569597
vn 0.28990304 -0.3655755 0.8844834
vn 0.2901982 0.6804566 -0.6728773
vn 0.2931522 -0.26554614 -0.91844815
vn 0.29344404 -0.8219198 -0.48819914
vn 0.29379117 0.3386261 0.8938787
vn 0.29379523 0.33861947 -0.89387983
vn 0.2957102 0.61831397 0.72817796
vn 0.2962693 -0.8818874 0.36674133
vn 0.29791033 0.6586623 -0.6909511
vn 0.29848135 0.33195102 0.89482814
vn 0.29977334 -0.09496677 -0.94927204
vn 0.30233943 0.32604384 -0.8957043
vn 0.30234492 0.32604358 0.8957026
vn 0.3081528 0.31635204 -0.8971975
vn 0.31203973 0.309106 0.8983789
vn 0.31203973 0.30910596 0.89837897
vn 0.3151542 0.3025989 0.8995064
vn 0.3151542 0.30259886 0.89950645
vn 0.3208176 0.07586305 0.9440979
vn 0.32729304 0.090105936 -0.94061697
vn 0.32832634 0.09252008 0.9400223
vn 0.33615887 -0.9342213 0.11928041
vn 0.33767807 0.7733826 -0.5365192
vn 0.33930624 -0.19792391 0.91961807
vn 0.34036672 0.24461628 0.907917
vn 0.34042108 0.3080497 0.8883799
vn 0.34650075 0.5770362 -0.7395718
vn 0.34660614 0.5790477 -0.7379485
vn 0.35078514 -1.5256805E-07 -0.936456
vn 0.35079992 0.64144826 0.6822635
vn 0.35133302 -0.17921327 -0.9189384
vn 0.3544885 -0.7037702 0.6156666
vn 0.35596907 -0.33586267 -0.87205637
vn 0.3569435 0.7035009 0.61455506
vn 0.36019385 -0.9164425 -0.17433716
vn 0.36128318 0.25724036 -0.89627105
vn 0.36721933 -0.36133716 -0.8570796
vn 0.36722004 -0.3613318 0.85708153
vn 0.36743486 -0.081688166 -0.92645496
vn 0.3693632 -0.08160327 0.9256953
vn 0.3732165 0.6124417 -0.69686776
vn 0.3743397 -0.24923162 0.89317036
vn 0.3779329 0.81832784 0.43302003
vn 0.37947834 -0.07492093 -0.9221622
vn 0.37995684 0.7256023 0.5737021
vn 0.3800584 -0.36934194 -0.8480226
vn 0.38016164 -0.3660739 -0.8493921
vn 0.38070953 -0.3672574 -0.84863555
vn 0.38189113 -0.36306545 -0.84990746
vn 0.38853347 -0.9214346 1.5012075E-07
vn 0.38910973 -0.682867 0.61829305
vn 0.39867866 -0.9036287 -0.15655804
vn 0.39874327 -0.8938327 -0.20510231
vn 0.39881504 -0.4632105 -0.7914433
vn 0.39893782 -0.893641 0.20555858
vn 0.4000572 -0.028209832 -0.9160559
vn 0.40006077 -0.028205218 0.9160545
vn 0.4030062 -0.9149592 -0.020871982
vn 0.40499866 -0.8677695 -0.2880143
vn 0.4054247 -0.6637376 -0.62855643
vn 0.40921342 -0.9114516 0.042431697
vn 0.4092158 -0.91145056 -0.042431355
vn 0.41032326 -0.59829783 -0.6882402
vn 0.4148451 0.35979924 -0.83573204
vn 0.41592348 0.9037067 0.1015963
vn 0.41753733 -0.89279413 0.16905983
vn 0.41980183 -0.8986411 0.1273211
vn 0.42153633 -0.46479028 0.778638
vn 0.42209423 -0.21720031 -0.88014805
vn 0.4255725 -0.7706807 -0.47427765
vn 0.42660892 0.6559093 -0.6227261
vn 0.4290303 0.9032642 0.006827421
vn 0.4298662 -0.30862436 -0.8485081
vn 0.43362796 -0.891255 -0.13278322
vn 0.43514812 -0.8687517 0.23646684
vn 0.44490135 0.88580763 0.131938
vn 0.44578683 0.88428384 -0.13898267
vn 0.44966662 0.86879647 0.20734675
vn 0.4542631 -0.8122526 -0.36591107
vn 0.4599837 0.70575684 0.5388156
vn 0.46855533 -0.5792312 0.6670437
vn 0.4735371 -0.51872456 0.71181977
vn 0.47353733 -0.51872545 -0.71181893
vn 0.48192775 -0.6384856 0.60006815
vn 0.4905852 0.2777394 0.82594615
vn 0.4960333 -0.5058127 0.7057651
vn 0.4960338 -0.5058126 -0.70576495
vn 0.49660647 0.21617956 0.8406238
vn 0.49717462 0.5823682 -0.6431676
vn 0.49767435 -0.8219799 0.27689227
vn 0.5030472 -0.39708412 0.76763767
vn 0.5044558 -0.8543324 -0.12506211
vn 0.5060661 -0.08558852 0.85823756
vn 0.52025723 -0.20545886 -0.8289264
vn 0.52208924 0.23468933 -0.8199657
vn 0.5272281 0.08160898 0.84579575
vn 0.5274298 0.08158493 -0.8456723
vn 0.5318239 0.36388755 0.7646889
vn 0.53182817 0.3638856 -0.7646869
vn 0.5331619 0.36081204 0.7652143
vn 0.5331638 0.36081946 -0.76520956
vn 0.5408056 -0.024119953 0.8408018
vn 0.54198956 0.5145976 0.66440696
vn 0.5513761 -0.4857908 0.6782268
vn 0.5526478 0.22930664 -0.8012483
vn 0.5539825 0.18314455 -0.8121339
vn 0.5612714 -0.46770442 0.68280804
vn 0.5667503 -0.6218449 -0.5404656
vn 0.57163215 0.6108918 -0.54776627
vn 0.5770376 0.7732548 -0.26287732
vn 0.57891774 0.47790825 -0.66064966
vn 0.57997584 -0.42933714 -0.6923133
vn 0.58362746 0.5148136 0.62796986
vn 0.5874512 -0.4120055 -0.6965289
vn 0.5884197 -0.17557245 -0.78926337
vn 0.5959289 0.5841873 0.55099344
vn 0.61586833 0.56005573 0.5541153
vn 0.63403964 0.4140123 0.65313673
vn 0.65227485 0.13232611 -0.7463426
vn 0.65295863 -0.2526372 -0.71401644
vn 0.6575115 -0.22064312 -0.7204133
vn 0.6576035 0.5012089 0.56244767
vn 0.6607454 -0.5249482 0.53651184
vn 0.66100144 -0.5323627 -0.52883554
vn 0.6680081 0.675838 0.3114615
vn 0.6687205 -0.22827251 0.70760477
vn 0.67283416 0.14411022 0.7256214
vn 0.6733992 -0.5783292 0.46050924
vn 0.6828544 0.34264347 0.6452173
vn 0.68687034 0.33885685 -0.6429504
vn 0.6877167 0.45662412 -0.56439346
vn 0.69429183 0.43550834 0.57296705
vn 0.6990144 -0.17358091 0.6937207
vn 0.71367764 -0.1419532 -0.68593985
vn 0.7137258 -0.47654176 -0.513326
vn 0.7140038 0.39018148 -0.58134055
vn 0.7140095 0.3901671 0.5813433
vn 0.7142923 0.14769278 0.68408585
vn 0.71429276 0.14768717 0.6840865
vn 0.7142937 0.14768742 -0.6840854
vn 0.7142937 0.14768678 -0.68408555
vn 0.7142937 0.14768605 -0.68408567
vn 0.7142937 0.14768566 -0.6840857
vn 0.7142942 0.14768659 -0.6840851
vn 0.7142942 0.14768653 0.6840852
vn 0.7142942 0.14768612 0.6840853
vn 0.7142947 0.14769092 -0.68408364
vn 0.7142947 0.14768732 -0.68408436
vn 0.7154 -0.47897202 -0.5087127
vn 0.720443 -0.50060844 -0.479951
vn 0.73612285 0.24975502 -0.6290831
vn 0.73842454 -0.2957663 0.60601276
vn 0.7384279 -0.2957603 -0.6060116
vn 0.7480824 -0.44367892 -0.4934792
vn 0.7496073 0.22053306 -0.6240626
vn 0.7501724 -0.43998265 -0.49361587
vn 0.75147414 -0.43672848 -0.4945249
vn 0.75248456 -0.638476 -0.16160257
vn 0.7538655 -0.43054116 -0.49630752
vn 0.757365 -0.11645627 0.6425233
vn 0.7613456 -0.17652036 -0.6238537
vn 0.76196456 0.19127128 -0.6187288
vn 0.76549125 -0.38067275 0.5187596
vn 0.7682898 0.17523384 -0.6156491
vn 0.7700889 0.08685914 -0.63199574
vn 0.7714884 0.16679929 -0.61398983
vn 0.77233386 -0.37185967 0.5149961
vn 0.7750776 0.017300984 -0.6316291
vn 0.7750795 0.017303227 0.6316267
vn 0.79847026 -0.32922283 0.50404125
vn 0.8096268 0.53220224 0.2475178
vn 0.8280952 -0.5373445 -0.15974705
vn 0.8315675 -0.532933 -0.15645355
vn 0.8378918 -0.13391683 0.52915365
vn 0.85852647 0.15281786 -0.48946822
vn 0.8595903 0.2544945 0.44309944
vn 0.8647406 -8.182182E-08 -0.5022187
vn 0.8658421 0.34536812 -0.3619921
vn 0.867368 0.37516516 -0.32699218
vn 0.86823964 0.04511997 -0.4940892
vn 0.86823964 0.04511974 0.49408907
vn 0.86975455 0.11831999 -0.47909018
vn 0.87374854 0.14872018 0.46308282
vn 0.87440896 -0.037931163 0.48370466
vn 0.87942004 0.014306126 -0.47583163
vn 0.88348985 -0.1514002 -0.4433098
vn 0.8915813 0.4528607 -1.15002784E-07
vn 0.8916075 -0.39329815 0.22439368
vn 0.8916075 -0.3932984 -0.2243935
vn 0.8918607 0.0846838 -0.44431192
vn 0.8966911 -0.4426285 0.0050055333
vn 0.90028024 -0.43238065 0.05042281
vn 0.9023559 0.048335467 0.42827266
vn 0.9041989 -0.41779688 0.08871379
vn 0.9087026 -0.38722306 0.15594165
vn 0.9098499 -0.39938334 0.11254412
vn 0.91247773 0.3769467 0.15904625
vn 0.91627145 -0.318281 0.24319498
vn 0.91724324 -0.3982839 -0.0059003877
vn 0.9221604 -0.34488514 0.17514136
vn 0.9232428 -0.25190276 -0.29011667
vn 0.9238417 -0.38265166 0.009708248
vn 0.92896914 -0.2886859 -0.2316823
vn 0.92896914 -0.2886858 0.23168252
vn 0.9300859 -0.14861724 0.33593643
vn 0.9345672 -0.0714031 -0.34854808
vn 0.9421375 0.26401576 -0.20657335
vn 0.94695497 0.08693532 -0.30938402
vn 0.9469769 0.15465254 0.28163338
vn 0.9487946 -0.04999385 -0.31191257
vn 0.95135236 0.06540775 0.30108222
vn 0.95259833 -0.071213245 0.2957788
vn 0.9535482 0.073904485 -0.29203424
vn 0.9541719 0.09004212 0.28539187
vn 0.95452476 0.1268464 0.2698005
vn 0.95462966 -0.11842292 0.27323666
vn 0.95538974 0.15571585 0.25096396
vn 0.95857024 -0.17228161 -0.22685245
vn 0.95857024 -0.17228183 0.22685267
vn 0.96374345 -0.10084503 0.24704006
vn 0.96384645 0.23524995 0.12513037
vn 0.96426034 0.19657375 0.17765379
vn 0.96716046 0.20572607 0.14925607
vn 0.9676373 -0.23937675 0.07985491
vn 0.9719155 0.21413513 0.09760329
vn 0.9729407 -0.22756803 0.039989628
vn 0.97352767 0.22694862 -0.02717006
vn 0.9745381 -0.21984857 -0.044068485
vn 0.97574353 -0.17873271 -0.12640871
vn 0.9782264 0.20303765 -0.042997368
vn 0.98192334 -0.18900208 -0.0102292765
vn 0.985039 -0.13421951 -0.10808912
vn 0.985975 -0.11763561 -0.11838497
vn 0.98803544 -0.13888259 0.06706375
vn 0.98935246 -0.1161146 -0.08774515
vn 0.98935246 -0.116114415 0.087745205
vn 0.9906428 0.04026289 -0.13040595
vn 0.99123645 0.0668642 0.11392733
vn 0.99168277 0.046143334 -0.120150015
vn 0.9928577 -0.02182546 0.117291495
vn 0.9962537 1.3013546E-08 -0.08647847
vn 0.9962537 -1.3762622E-07 -0.08647847
vn 0.9962537 -1.4089141E-08 -0.08647853
vn 0.9962537 7.164853E-08 -0.08647853
vn 0.9962537 2.5908172E-08 0.08647829
vn 0.9962537 1.4030233E-08 0.08647835
vn 0.9962537 2.8865877E-08 0.08647835
vn 0.9962537 1.4089122E-08 0.08647841
vn 0.9962537 2.8361963E-08 0.08647841
vn 0.9962537 7.701428E-08 0.08647841
vn 0.9962537 4.6508955E-08 0.08647841
vn 0.9962537 1.01695726E-07 0.08647841
vn 0.9962537 7.2958834E-08 0.08647841
vn 0.9962537 3.334677E-08 0.08647847
vn 0.9962537 -1.4089113E-08 -0.08647836
vn 0.9962537 -8.505527E-08 -0.08647836
vn 0.9962537 -3.8939127E-08 -0.08647842
vn 0.9962537 -1.40891325E-08 -0.08647848
vn 0.9962537 3.1720898E-08 -0.08647848
vn 0.9962537 1.1885036E-07 -0.08647848
vn 0.9962537 4.655017E-09 -0.08647848
vn 0.9962537 4.9770712E-08 -0.08647848
vn 0.9962537 8.96078E-09 -0.08647848
vn 0.9962537 4.297434E-08 -0.08647848
vn 0.9962537 1.2521198E-07 -0.08647848
vn 0.9962537 7.156962E-08 -0.08647848
vn 0.9962537 -3.8888366E-08 -0.08647848
vn 0.9962537 1.4089113E-08 0.08647836
vn 0.9962537 -1.3833971E-07 0.08647836
vn 0.9962537 1.5140184E-08 0.08647836
vn 0.9962537 8.2298214E-08 0.08647842
vn 0.9962537 3.2833274E-08 0.08647842
vn 0.9962537 3.3626016E-08 0.08647842
vn 0.9962537 -6.656472E-08 0.08647842
vn 0.9962537 -1.40891245E-08 -0.08647843
vn 0.9962537 5.4477574E-09 -0.08647849
vn 0.9962537 8.1364515E-09 -0.08647849
vn 0.9962537 -7.756234E-08 -0.08647849
vn 0.9962537 -1.6371798E-08 -0.08647849
vn 0.9962537 -7.7949004E-08 -0.08647849
vn 0.9962537 5.1684874E-09 -0.086478606
vn 0.9962537 -8.2962266E-08 -0.086478606
vn 0.9962537 2.5545033E-08 0.08647837
vn 0.9962537 8.229817E-08 0.08647837
vn 0.9962537 7.138977E-08 0.08647837
vn 0.9962537 -1.1009836E-07 0.08647837
vn 0.9962537 1.40891245E-08 0.08647843
vn 0.9962537 9.982679E-08 0.08647843
vn 0.9962537 -4.3065715E-08 0.08647843
vn 0.9962537 -1.06738485E-08 -0.086478435
vn 0.9962537 1.0704281E-08 -0.086478435
vn 0.9962537 -1.4089135E-08 -0.086478494
vn 0.9962537 4.8836018E-08 -0.086478494
vn 0.9962537 -8.254338E-09 -0.086478494
vn 0.9962537 1.5264431E-09 -0.086478494
vn 0.9962537 -8.4714955E-08 -0.086478494
vn 0.9962537 1.4089116E-08 0.086478375
vn 0.9962537 2.5819368E-08 0.086478375
vn 0.9962537 2.3098792E-08 0.086478375
vn 0.9962537 6.829447E-08 0.086478375
vn 0.9962537 5.591517E-08 0.086478375
vn 0.9962537 1.0247941E-07 0.086478375
vn 0.9962537 -8.570534E-08 0.086478375
vn 0.9962537 -5.463679E-08 0.086478375
vn 0.9962537 -1.8330724E-08 0.086478435
vn 0.9962537 -1.3216881E-08 -0.0864785
vn 0.9962537 1.1742212E-08 -0.0864785
vn 0.9962537 -1.2820819E-07 -0.0864785
vn 0.9962537 1.40891165E-08 0.08647838
vn 0.9962537 1.4307858E-07 0.08647838
vn 0.9962537 1.2217617E-07 0.08647838
vn 0.9962537 -4.033811E-08 0.08647838
vn 0.9962537 1.4089126E-08 0.08647844
vn 0.9962537 -5.4783985E-08 0.08647844
vn 0.9962537 -2.270048E-09 -0.08647839
vn 0.9962537 -1.4089128E-08 -0.08647845
vn 0.9962537 -1.4805349E-08 -0.08647845
vn 0.9962537 -3.282683E-08 -0.08647845
vn 0.9962537 -1.2197396E-08 -0.08647851
vn 0.9962537 1.4089118E-08 0.08647839
vn 0.9962537 4.246538E-08 0.08647839
vn 0.9962537 1.4702862E-07 0.08647839
vn 0.9962537 -1.1190799E-07 0.08647839
vn 0.9962537 -1.0944796E-07 0.08647839
vn 0.9962537 8.2668784E-08 0.08647845
vn 0.9962537 -1.5585786E-07 -0.0864784
vn 0.9962537 4.4780577E-08 -0.08647846
vn 0.9962537 -1.4089139E-08 -0.08647852
vn 0.9962537 -7.1243974E-08 -0.08647852
vn 0.9962537 -4.573911E-09 -0.08647852
vn 0.9962537 -3.0886982E-09 -0.08647852
vn 0.9962537 4.9682733E-08 -0.08647852
vn 0.9962537 3.523287E-08 -0.08647852
vn 0.9962537 5.340366E-08 -0.08647852
vn 0.9962537 1.4089119E-08 0.0864784
vn 0.9962537 -4.1986173E-08 0.0864784
vn 0.9962537 7.794896E-08 0.0864784
vn 0.9962537 -1.09094465E-07 0.0864784
vn 0.9962537 -1.526459E-09 0.0864784
vn 0.9962537 1.5043383E-07 0.0864784
vn 0.9962537 -1.408912E-08 -0.086478405
vn 0.9962537 -1.408913E-08 -0.086478464
vn 0.9962537 1.0332443E-07 -0.086478464
vn 0.9962537 -1.4008623E-07 -0.086478464
vn 0.9962537 -9.931522E-09 -0.086478464
vn 0.9962537 -4.166738E-08 -0.086478464
vn 0.9962537 -1.408914E-08 -0.086478524
vn 0.9962537 -1.3833969E-07 0.086478285
vn 0.9962537 1.06658504E-07 0.086478345
vn 0.9962537 -1.5579243E-08 0.086478345
vn 0.9962537 -5.0344977E-09 0.086478405
vn 0.9962537 2.6486331E-08 0.086478405
vn 0.9962537 7.180109E-08 0.086478405
vn 0.9962537 8.1008764E-08 0.086478405
vn 0.99996734 0.007918896 0.001643519
vn 0.99996734 0.007918887 -0.0016437303
vn 0.99996734 0.007919801 -0.0016350274
vn 0.99996734 0.00791981 0.0016352884
vn -1.4507731E-07 -1 1.6292068E-07
vn -8.3829605E-07 1 -1.6292068E-07
vn -0.007168224 0.98701173 0.16048793
vn -0.007168358 0.98701227 -0.16048512
vn -0.007972706 0.9999682 -1.7243812E-07
vn -0.007993277 0.9884728 -0.15118758
vn -0.008017387 0.97431344 0.22505362
vn -0.008017894 0.974315 -0.22504655
vn -0.008017894 0.9743133 -0.22505417
vn -0.012102935 -0.041313186 0.99907297
vn -0.016606309 -0.98138887 -0.19131164
vn -0.018531777 -0.43582797 -0.89983916
vn -0.020024635 -0.9989259 0.04178507
vn -0.020193316 0.851125 -0.5245746
vn -0.020193405 0.8511228 0.52457815
vn -0.022604324 0.9874279 0.15644509
vn -0.02737958 0.53603214 0.84375346
vn -0.027501129 0.17627808 -0.98395616
vn -0.038995042 0.99872684 0.032001927
vn -0.04289721 -0.8682992 -0.49418265
vn -0.043856993 0.98802793 -0.14791018
vn -0.04857312 0.13597871 -0.98952025
vn -0.05055566 0.059711397 -0.99693465
vn -0.050562307 0.05974696 0.99693215
vn -0.050913587 0.9769364 -0.20737155
vn -0.050914183 0.97693694 0.20736927
vn -0.051048502 -0.50849825 -0.85954845
vn -0.051813558 0.800627 -0.5969185
vn -0.053039238 0.15887035 0.9858738
vn -0.054024175 -0.4424686 -0.89515525
vn -0.06459704 0.39711776 0.9154916
vn -0.07079801 -0.8323873 -0.54965353
vn -0.07330689 -0.53051203 -0.8445017
vn -0.07330695 -0.5305116 0.8445019
vn -0.07330695 -0.5305117 0.8445019
vn -0.07548055 -0.025379073 -0.9968243
vn -0.081588775 0.17189619 -0.9817305
vn -0.081588835 0.17189686 0.98173046
vn -0.08198473 -0.31815338 0.9444877
vn -0.08198479 -0.3181538 -0.9444875
vn -0.08321723 -0.20544124 0.975125
vn -0.08401105 0.12633671 -0.9884236
vn -0.08582887 -0.122319184 0.98877275
vn -0.08598283 0.10689078 -0.9905459
vn -0.08598283 0.10689117 0.9905459
vn -0.08840421 0.008561449 -0.9960479
vn -0.09049961 0.5460546 -0.83284706
vn -0.09224573 -0.19881964 -0.97568506
vn -0.092392355 -0.19831048 -0.9757748
vn -0.09246525 -0.98851645 0.119521566
vn -0.09975466 0.01976125 0.99481577
vn -0.09975496 0.019761555 0.99481577
vn -0.11189571 0.16019472 -0.9807226
vn -0.111897856 0.16020432 0.9807209
vn -0.112403005 0.4831333 0.86830175
vn -0.11694506 0.039526157 0.9923516
vn -0.119249016 0.34399983 0.9313667
vn -0.11925325 0.34399554 -0.93136764
vn -0.12660354 -0.44069025 0.8886865
vn -0.12660366 -0.44067675 -0.8886932
vn -0.12910587 0.056160014 -0.9900392
vn -0.1305179 -1.6152705E-07 -0.99144596
vn -0.13052517 1.615269E-07 0.991445
vn -0.13114542 -0.97159034 0.19701041
vn -0.1323139 0.32486138 0.93646044
vn -0.1340496 -0.094139904 -0.986493
vn -0.1345362 0.85457337 -0.5016018
vn -0.13546199 0.97847646 -0.15567236
vn -0.13817352 0.07041491 0.98790175
vn -0.14050633 0.31056625 0.9401099
vn -0.14163083 0.9879527 -0.062371172
vn -0.14194387 0.07690492 0.9868828
vn -0.1419465 0.07689809 -0.98688287
vn -0.14555949 0.30040708 0.9426388
vn -0.14555949 0.30040708 0.9426389
vn -0.14575607 0.04753486 -0.98817784
vn -0.14741856 0.8329541 0.53334343
vn -0.14776641 -0.96665424 0.20915215
vn -0.14834374 0.29431805 -0.9441246
vn -0.1484657 0.089145176 -0.98489136
vn -0.15911204 0.05489306 0.9857334
vn -0.16137749 -0.81884915 0.5508568
vn -0.1650036 0.51004094 -0.8441753
vn -0.17836994 0.20906298 -0.96149725
vn -0.18311673 0.97309524 0.13983542
vn -0.19302851 0.9391787 0.28404832
vn -0.20562273 0.97862035 -0.0046481574
vn -0.20779902 0.9654165 -0.15745041
vn -0.20862919 -0.9743205 -0.0846965
vn -0.23384255 0.93331945 -0.27245644
vn -0.23638481 -0.91994005 0.3127818
vn -0.24987155 -0.9154203 -0.315547
vn -0.25873315 0.85398793 -0.45139992
vn -0.25936925 -0.8020051 0.5380664
vn -0.25937307 -0.8020029 -0.53806764
vn -0.26186788 -0.37450472 -0.88947815
vn -0.27844846 -0.27248755 -0.92098695
vn -0.27925026 -0.1509329 0.9482819
vn -0.28068006 0.9248058 -0.25681293
vn -0.2811514 0.7260713 0.62751436
vn -0.2865082 -0.6321054 0.71996933
vn -0.28925836 0.5459735 0.7862841
vn -0.2925459 -0.82198215 0.488633
vn -0.29598272 0.18496789 0.9371131
vn -0.29659164 -0.03663309 0.95430154
vn -0.29780138 0.9546279 -1.4218624E-07
vn -0.30303824 -0.88166887 0.36170137
vn -0.30352676 -0.119156055 0.94534296
vn -0.3038882 -0.046821814 -0.95155644
vn -0.3142544 -0.06349714 -0.94721293
vn -0.3142575 -0.06350422 0.9472114
vn -0.3151518 -0.30260703 0.8995044
vn -0.32082784 -0.07585194 0.9440953
vn -0.32493174 -0.0845828 -0.9419475
vn -0.32631958 -0.08770961 0.9411814
vn -0.34001124 -0.25208065 -0.90600646
vn -0.34080684 0.93399024 -0.10729848
vn -0.34125412 -0.3808812 -0.8593458
vn -0.34125412 -0.38088083 0.8593459
vn -0.34484255 0.5017136 0.7933267
vn -0.3539368 0.704148 0.61555207
vn -0.3548354 0.19805287 -0.91371053
vn -0.3549689 0.023183072 0.93459064
vn -0.35725725 0.28685775 -0.88886434
vn -0.35894454 -0.05417222 -0.9317855
vn -0.36103022 0.1797232 -0.91507196
vn -0.3633188 -0.39976487 -0.8415387
vn -0.36331904 -0.39976436 0.8415389
vn -0.36582506 0.4013396 -0.8397015
vn -0.3669995 -0.50581414 0.7806813
vn -0.3690585 0.47760123 -0.79730344
vn -0.3718816 0.88281643 -0.28694814
vn -0.3771702 0.76904845 0.51604944
vn -0.37788856 -0.81820565 -0.43328953
vn -0.37994826 -0.725429 0.5739268
vn -0.38806975 -0.8706483 -0.30228004
vn -0.38922274 0.68989205 -0.6103724
vn -0.39000595 0.6880406 -0.6119603
vn -0.3920654 0.34247908 -0.8538107
vn -0.39323795 0.90819484 0.14333872
vn -0.39352548 0.016642213 -0.91916305
vn -0.4092151 0.91145104 0.042427134
vn -0.41500914 -0.35960555 0.8357339
vn -0.4152578 0.7742608 -0.47757846
vn -0.41939723 0.8992691 -0.12418141
vn -0.4215039 -0.90180725 0.09527998
vn -0.42708552 0.58857775 0.68642116
vn -0.4289397 -0.9033113 0.006274976
vn -0.4332999 0.8922388 0.12712628
vn -0.44049227 0.8635371 0.24550003
vn -0.44420278 0.8277439 0.34281775
vn -0.44420278 0.8277437 -0.3428181
vn -0.4455732 0.7221787 0.52907693
vn -0.45148337 -0.86884916 0.20313518
vn -0.45394194 0.8762818 -0.1614529
vn -0.46039546 -0.7054775 -0.53882974
vn -0.46333134 -0.17651808 -0.86842704
vn -0.4670354 0.27257422 0.8411784
vn -0.47012508 -0.30248064 0.8291488
vn -0.47782767 0.5908119 0.65009385
vn -0.47858727 -0.14768751 0.8655302
vn -0.47936928 0.4478906 -0.7547179
vn -0.48067987 0.18166038 0.8578732
vn -0.48394835 0.42531827 -0.7647865
vn -0.48814118 0.31351513 0.8145099
vn -0.4906298 -0.27765056 -0.82594943
vn -0.49601758 0.50601023 0.70563465
vn -0.49717867 -0.5821918 0.6433242
vn -0.49770558 -0.82195216 0.27691853
vn -0.49824917 -0.8219101 0.2760644
vn -0.4982611 0.16700098 0.85079175
vn -0.49927533 0.55138135 -0.6683583
vn -0.49959743 0.342639 -0.7956135
vn -0.50320697 -0.37914613 -0.77655065
vn -0.5103309 0.25723827 -0.82060397
vn -0.51524425 0.022213638 0.8567555
vn -0.5195725 0.66927856 -0.5311409
vn -0.5227754 -0.5982979 -0.60724413
vn -0.52371526 0.06249259 0.8495981
vn -0.5277674 0.6710445 -0.5207309
vn -0.5282543 -0.17369112 -0.8311311
vn -0.5292218 -0.463211 -0.7108866
vn -0.52924895 -0.55753195 -0.6395731
vn -0.53084874 -0.36028376 0.7670692
vn -0.53327394 0.04206735 -0.84489596
vn -0.53498435 0.38529524 -0.7518904
vn -0.5365031 0.03444589 -0.8431951
vn -0.54009604 -0.51161015 0.6682449
vn -0.54159 0.02097348 0.8403811
vn -0.54395175 0.8232725 0.16229266
vn -0.55135846 0.48584226 -0.67820436
vn -0.5539944 -0.18313594 0.81212777
vn -0.56922364 -0.1547201 -0.8074938
vn -0.57559085 0.34717643 0.74038076
vn -0.5771377 -0.47546282 -0.6639632
vn -0.5808017 0.694983 -0.42387265
vn -0.58104587 0.802041 0.13826026
vn -0.5810487 0.8020399 -0.1382546
vn -0.5817478 -0.12898897 -0.80307627
vn -0.58275485 -0.15090361 0.79851425
vn -0.58351874 0.42132315 -0.6942569
vn -0.5874388 0.41200632 0.6965389
vn -0.59238267 0.7987138 -0.10554193
vn -0.6035073 -0.1590135 -0.781341
vn -0.6076782 0.31212658 -0.7302768
vn -0.61734223 -0.005695269 0.7866741
vn -0.61953664 -0.21678121 -0.7544403
vn -0.63029265 -0.71079475 -0.31225315
vn -0.6307752 -0.15677917 -0.75996244
vn -0.6464093 -0.23988469 0.72429997
vn -0.6548736 -0.119878724 0.74617
vn -0.6556666 -0.40602916 0.6365859
vn -0.6668794 -0.6749037 0.31587484
vn -0.67091966 -0.36034867 -0.6480862
vn -0.67566895 -0.4710138 -0.5671133
vn -0.6780307 0.22930685 -0.69834995
vn -0.6864865 -0.3047493 -0.66020006
vn -0.6967771 -0.6421744 -0.31955227
vn -0.701658 0.69373155 -0.1625198
vn -0.7030542 -0.4166676 0.5762838
vn -0.70305514 -0.41666603 -0.5762836
vn -0.7071192 1.15200294E-07 0.7070944
vn -0.7095411 -0.29843873 0.6383462
vn -0.70955396 0.52301735 0.47221398
vn -0.7098601 -0.40070978 -0.5792499
vn -0.7100198 0.15020901 0.6879747
vn -0.71140647 0.45568705 -0.5350234
vn -0.7126839 -0.39359462 0.580659
vn -0.71359324 -0.14617546 -0.6851405
vn -0.71365666 0.14194843 0.68596274
vn -0.7140124 -0.3901549 0.581348
vn -0.714288 -0.14766143 -0.68409705
vn -0.71429276 -0.14768371 -0.6840873
vn -0.71429276 -0.14768521 -0.6840869
vn -0.71429276 -0.14768703 0.68408656
vn -0.71429324 -0.14768559 0.68408626
vn -0.7142937 -0.14768766 -0.6840854
vn -0.7142937 -0.14768757 0.6840854
vn -0.7142937 -0.14768712 0.6840854
vn -0.7142937 -0.14768754 0.6840854
vn -0.7142937 -0.1476865 -0.6840857
vn -0.7142942 -0.14769001 0.6840844
vn -0.7142942 -0.1476873 0.68408495
vn -0.7142942 -0.14768694 -0.6840851
vn -0.7142942 -0.14768586 0.6840852
vn -0.7142942 -0.1476858 0.6840853
vn -0.7142947 -0.14768553 0.6840849
vn -0.7142947 -0.14768721 -0.6840845
vn -0.7142947 -0.14768568 0.6840848
vn -0.7142947 -0.147686 0.6840848
vn -0.7142956 -0.14768654 -0.6840837
vn -0.7145045 0.45579332 0.5307879
vn -0.7213633 -0.61254233 -0.32315132
vn -0.7257335 -0.41911316 -0.54557776
vn -0.7300036 0.6490071 -0.21420714
vn -0.7385566 0.46633017 -0.48689854
vn -0.74173284 -0.58579737 0.32660952
vn -0.7485845 0.4437218 0.49267858
vn -0.7491224 -0.22018409 -0.62476754
vn -0.7532413 0.43195972 0.49602255
vn -0.7696879 0.6257678 -0.12647226
vn -0.77008986 -0.08685852 -0.63199466
vn -0.7704866 -0.24641009 0.58790517
vn -0.7794044 -0.14113006 0.6104187
vn -0.7795489 0.6126692 0.13015316
vn -0.7824738 -0.59229577 0.1921471
vn -0.78589654 0.35245338 -0.5080779
vn -0.8046348 -0.485988 -0.34114307
vn -0.81083846 -0.16668631 -0.56103176
vn -0.82167315 -0.0058937455 0.5699285
vn -0.82167506 -0.005894797 -0.56992567
vn -0.822808 0.28514868 -0.4916068
vn -0.8229358 0.012226025 0.5680027
vn -0.8303354 0.26933694 -0.48785317
vn -0.84575963 0.23320119 0.479904
vn -0.857177 -0.48383236 -0.17650416
vn -0.8588598 -0.21780181 -0.46359706
vn -0.8628948 0.12711817 -0.48913565
vn -0.86570096 0.42756647 -0.2602858
vn -0.86591315 -0.34599093 -0.36122662
vn -0.86768556 0.42280665 -0.26145053
vn -0.8698709 0.1774955 -0.46023902
vn -0.8698709 0.177496 0.46023872
vn -0.8780148 0.26996627 0.39523187
vn -0.8836844 -0.4182076 0.21024826
vn -0.8845842 0.15476544 0.43995288
vn -0.8847158 -0.45165685 0.11525685
vn -0.8927314 -0.105880335 -0.4379727
vn -0.8927324 -0.10588456 0.43796954
vn -0.8955033 -0.4323799 0.10545853
vn -0.89680314 0.44241485 -0.0036354582
vn -0.89805627 -0.4081248 0.16410063
vn -0.90540195 0.42455512 0.0005526379
vn -0.9054029 0.424553 -0.000555265
vn -0.90698504 0.41693676 -0.05951331
vn -0.90698504 0.41693684 0.059513357
vn -0.9075854 0.36458245 -0.20825067
vn -0.9076302 -0.4188017 0.028505275
vn -0.90926147 -0.034618028 -0.4147833
vn -0.90926147 -0.03461771 0.4147833
vn -0.91276526 0.37263516 -0.1673397
vn -0.913286 0.32544988 0.24493094
vn -0.91897273 -0.36224625 0.15577811
vn -0.9206536 0.28463256 -0.2671729
vn -0.9206536 0.2846329 0.2671725
vn -0.92198825 -0.3719513 -0.10765675
vn -0.9238465 0.3826414 0.0096514225
vn -0.93002486 0.15281844 -0.33421576
vn -0.9329331 0.23633105 -0.27163103
vn -0.9349053 -0.2232318 -0.27589783
vn -0.93606305 0.18548961 -0.29896393
vn -0.93956923 0.15996474 -0.30268964
vn -0.94202685 -0.2653224 -0.20540105
vn -0.9468963 -0.15127951 -0.28372824
vn -0.9468963 -0.15127929 0.28372836
vn -0.94798255 -0.007117433 -0.31824273
vn -0.94798255 -0.007116783 0.31824273
vn -0.9508288 -0.11763671 -0.28650674
vn -0.9516814 -0.13422012 -0.2762022
vn -0.95614696 0.046143476 0.28922987
vn -0.95614696 0.04614307 -0.28922975
vn -0.9566982 0.018770473 -0.290476
vn -0.95677924 0.066864796 0.28302398
vn -0.95779634 -0.021826047 0.28661782
vn -0.9579809 0.08795973 0.27301258
vn -0.9587233 -0.090679206 0.26949397
vn -0.95887494 -0.21246426 -0.18819602
vn -0.9591458 -0.19818707 -0.20189412
vn -0.9594352 -0.116114385 0.25690734
vn -0.9617021 -0.1388814 0.23630705
vn -0.9636481 0.2269488 0.14098461
vn -0.9665272 -0.20785962 0.15039773
vn -0.967046 0.17447945 -0.18541522
vn -0.96798205 0.23798339 0.07984192
vn -0.970443 -0.23677622 0.046662163
vn -0.970443 -0.23677635 -0.04666205
vn -0.9709904 0.2352532 -0.042820916
vn -0.9741962 0.21413629 -0.071326196
vn -0.9743006 -0.21941213 -0.05095853
vn -0.97498536 -0.21646929 0.050443664
vn -0.97498536 -0.21646938 -0.05044358
vn -0.97616315 0.21199726 -0.046504
vn -0.9770477 0.21230344 0.017464038
vn -0.9786556 -0.20550726 1.084922E-07
vn -0.98044944 0.19657259 -0.008844332
vn -0.98204637 0.18530057 -0.035337165
vn -0.9833915 0.17230111 0.057037
vn -0.98607993 -0.10986783 0.12480148
vn -0.98697925 0.1259022 0.10010311
vn -0.9881804 0.10818913 0.10860288
vn -0.99017453 0.058077693 -0.12720646
vn -0.99017453 0.058077715 0.12720652
vn 3.300635E-07 1 -1.964759E-06
vn 7.000711E-07 0.8273316 -0.5617138
vn 9.3418095E-07 -1 1.6292068E-07
vn 1.7349063E-06 -1 1.6292068E-07
vn 3.4698126E-06 1 -1.6292068E-07
vn 0.000102732076 0.9999972 0.0023627125
vn 0.0007081542 0.09172405 -0.99578416
vn 0.004831756 0.9984384 -0.05565435
vn 0.006397961 0.99722713 -0.07414234
vn 0.007726813 0.9844602 -0.17543799
vn 0.007998434 -0.9885054 -0.15097384
vn 0.008035389 -0.9726159 -0.23227951
vn 0.0080364095 -0.97261584 0.23227957
vn 0.011986745 0.041344836 -0.999073
vn 0.013718923 -0.42509383 0.90504533
vn 0.0159167 -0.9829166 0.1833621
vn 0.017174521 -0.052020222 0.9984983
vn 0.02484318 -0.99948347 0.02038748
vn 0.026676545 -0.9512302 0.30732638
vn 0.030102769 -0.82790244 -0.5600639
vn 0.030912617 -0.98372597 -0.17699584
vn 0.033570725 0.9852134 0.1680107
vn 0.03687917 0.029014884 -0.99889845
vn 0.041563082 -0.4116867 0.9103772
vn 0.043807853 0.8622026 0.50466573
vn 0.04622479 -0.99893105 1.6052168E-07
vn 0.04622482 -0.99893105 -8.008603E-07
vn 0.047347743 -0.8368036 -0.545452
vn 0.047347743 -0.8368036 -0.54545206
vn 0.054969896 -0.51762617 0.8538393
vn 0.05908649 -0.5535101 0.83074385
vn 0.06530044 0.499369 0.8639251
vn 0.06690476 -0.633605 0.7707584
vn 0.07051317 0.83239704 0.54967546
vn 0.07123748 -0.5669506 -0.8206657
vn 0.080843724 -0.1300529 0.9882057
vn 0.081259705 -0.34217048 0.93611765
vn 0.08185021 0.74232054 0.66502684
vn 0.081858434 0.7423242 -0.6650218
vn 0.084801055 -0.061083183 0.9945238
vn 0.08619658 0.2577639 -0.96235543
vn 0.08648876 -0.013117842 -0.9961664
vn 0.08648876 -0.013117473 0.9961664
vn 0.08661047 -0.06317994 -0.9942369
vn 0.08661709 -0.06317055 0.9942369
vn 0.08834902 -0.008557185 0.9960528
vn 0.08975748 -0.121817574 0.98848575
vn 0.09086201 0.19787833 -0.9760063
vn 0.091470934 0.49899125 -0.86176604
vn 0.099728264 -0.019747293 0.9948187
vn 0.103908755 0.9945869 -1.671194E-07
vn 0.10807375 -0.84321564 -0.52659994
vn 0.11041603 -0.11007313 0.9877713
vn 0.112057306 0.9859992 -0.12348563
vn 0.112835445 -0.12140066 -0.9861694
vn 0.11691765 -0.039524805 0.9923548
vn 0.119276024 -0.34399074 -0.9313665
vn 0.12089936 0.8814712 -0.45649958
vn 0.121303536 -0.12138406 -0.98516566
vn 0.1291004 -0.05616735 0.9900395
vn 0.13394769 -0.063524686 -0.98895025
vn 0.1339478 -0.06352313 0.9889503
vn 0.13777931 -0.0316079 0.9899585
vn 0.13955112 -0.3103784 0.9403142
vn 0.13955124 -0.31037846 -0.9403141
vn 0.14051087 -0.31055817 0.94011194
vn 0.14051123 -0.31055593 -0.9401126
vn 0.14193483 -0.07690824 -0.9868838
vn 0.14334913 -0.3050011 -0.9415016
vn 0.14358445 -0.41097376 0.9002689
vn 0.14433654 -0.98277056 -0.11545107
vn 0.14556153 -0.30041772 0.9426352
vn 0.14725251 -0.29672143 -0.9435428
vn 0.1485097 -0.29389012 0.9442317
vn 0.14858992 -0.14472547 0.9782513
vn 0.14944132 0.5459742 0.8243661
vn 0.14978679 -0.29081526 0.9449817
vn 0.14987798 -0.2905974 0.94503427
vn 0.15434952 -0.101140685 -0.98282593
vn 0.15454836 -0.023328492 0.98770976
vn 0.15609427 0.6604222 -0.73449105
vn 0.15684171 -0.017523255 0.98746836
vn 0.15937646 0.4331064 0.88714033
vn 0.1593879 0.4330891 -0.88714665
vn 0.1601475 -0.11426449 -0.98045725
vn 0.16431339 -0.067542225 0.98409307
vn 0.16895695 -0.13611087 -0.97618
vn 0.16895767 -0.7478499 -0.64200777
vn 0.17320998 0.9806321 0.0914271
vn 0.1884963 -0.9176724 0.34978062
vn 0.1893322 0.84347695 -0.5026928
vn 0.19100304 -0.04572839 0.98052377
vn 0.1920969 0.96863085 0.15764822
vn 0.20202096 -0.5829561 -0.7869877
vn 0.20335276 0.97861934 0.030851696
vn 0.20484276 -0.42620388 -0.8811298
vn 0.20916148 -0.4536525 0.8662857
vn 0.21156259 -0.9747867 -0.070937306
vn 0.21241577 0.41056898 -0.8867427
vn 0.21590276 -0.17727214 -0.96018773
vn 0.21619613 0.30377463 0.9278901
vn 0.22227867 -0.87857985 -0.42271695
vn 0.2234089 -0.59087384 -0.77521384
vn 0.23180445 0.9654197 -0.11929589
vn 0.24938686 0.16677302 0.95393556
vn 0.2538828 -0.81884885 0.5148107
vn 0.25878444 -1.573708E-07 -0.9659351
vn 0.25878444 1.573708E-07 0.9659351
vn 0.26065746 -0.91993886 0.2928654
vn 0.2618505 0.37454224 0.88946754
vn 0.28108087 0.3546239 0.89175975
vn 0.28148523 0.94810843 0.14783947
vn 0.29047528 -0.33315712 -0.89701194
vn 0.29345694 -0.82193 0.48817435
vn 0.29379526 0.33861938 -0.8938799
vn 0.2943956 3.197296E-05 0.9556836
vn 0.2952694 0.82069725 0.4891544
vn 0.29660574 0.036653355 0.9542964
vn 0.3038837 0.046837796 -0.95155716
vn 0.30951944 0.51229864 -0.8010917
vn 0.30965582 0.055765543 -0.949212
vn 0.3136138 0.37883133 -0.8707084
vn 0.3142468 0.06352048 -0.9472139
vn 0.3142573 0.063515395 0.9472107
vn 0.31553808 0.3017527 0.89965606
vn 0.31669322 -0.19669755 0.92790926
vn 0.3170251 0.19955575 0.9271853
vn 0.32081452 0.075868614 -0.9440985
vn 0.32081762 0.07586303 0.9440979
vn 0.32101312 -0.76194257 -0.5624892
vn 0.32146707 -0.92020524 0.22334123
vn 0.327305 0.09009929 0.9406134
vn 0.32798138 0.09170294 0.94022274
vn 0.33141127 0.6592628 -0.6749365
vn 0.33194485 0.42614794 -0.84155244
vn 0.34215584 0.4478906 0.82602876
vn 0.3436996 0.5153087 -0.7850653
vn 0.34560576 0.15463798 -0.92555046
vn 0.3474895 0.08003041 0.9342624
vn 0.35085788 0.64218295 0.68154216
vn 0.35497418 0.067467704 0.93243843
vn 0.35802165 0.09592098 -0.9287732
vn 0.35802165 0.09592039 0.92877334
vn 0.3600501 0.021150198 -0.93269324
vn 0.3618764 -0.37914583 0.8516419
vn 0.3669962 0.506013 0.78055406
vn 0.36727396 -0.08169475 -0.9265181
vn 0.3726665 0.6391955 -0.6727174
vn 0.37454048 0.24984457 -0.892915
vn 0.3768498 -0.17366622 0.90984845
vn 0.37801567 -0.1860585 0.90691036
vn 0.3782467 -0.37001684 0.8485381
vn 0.38267985 -1.5051931E-07 -0.923881
vn 0.38631764 0.005130872 -0.92235154
vn 0.38645163 -0.91559136 0.111119755
vn 0.3880774 0.87069374 0.30213967
vn 0.3885335 -0.92143464 1.4081213E-07
vn 0.39065424 -0.0049840766 0.920524
vn 0.3970758 -0.90615445 0.14565337
vn 0.40032926 -0.78079313 0.47968602
vn 0.40061155 0.9149328 0.049076326
vn 0.40061322 0.914932 -0.049076635
vn 0.40279594 -0.9149892 -0.023454122
vn 0.4039103 -0.87430215 0.2691695
vn 0.40863052 -0.84615207 0.34212238
vn 0.41046777 -0.6003308 0.68638116
vn 0.4106342 -0.9117564 -0.008933806
vn 0.415517 -0.88593185 -0.20608318
vn 0.4155256 -0.28529108 -0.8636825
vn 0.41939774 -0.8992649 -0.12421034
vn 0.4219686 0.21677406 0.88031334
vn 0.42894354 -0.805133 0.40959528
vn 0.42986837 -0.30861464 0.8485106
vn 0.4367055 0.8319873 0.34217733
vn 0.4372417 -0.318286 0.84113836
vn 0.44134203 0.8772012 -0.18903762
vn 0.44313088 -0.8645747 -0.23695062
vn 0.45086733 -0.79216594 -0.41132927
vn 0.45086733 -0.7921658 0.4113295
vn 0.45988002 0.7859923 0.41319057
vn 0.45996705 -0.23991136 0.8549111
vn 0.4624032 0.11616502 -0.87902725
vn 0.46633878 -0.7887252 -0.4005503
vn 0.473164 -0.7254272 0.4998713
vn 0.4738404 -0.72142154 0.5050013
vn 0.47798386 -0.59060556 0.6501666
vn 0.4789044 -0.4531316 0.75187916
vn 0.47890535 -0.45313218 -0.75187826
vn 0.48450437 -0.42494175 -0.7646437
vn 0.487749 -0.6122339 0.6223107
vn 0.48804083 -0.31419468 -0.81430817
vn 0.48961702 0.6880416 0.5356059
vn 0.48993888 0.37514013 0.78691167
vn 0.4935142 -0.5355439 -0.68530035
vn 0.4964253 -0.40604648 0.76726025
vn 0.49768987 -0.8219639 -0.27691197
vn 0.50028497 0.82070047 0.27598122
vn 0.50029546 0.8206877 -0.27600014
vn 0.50094396 0.47676843 0.7223206
vn 0.50096446 0.82063705 0.27493542
vn 0.50319415 0.3796939 -0.7762913
vn 0.5032237 -0.18344523 0.84446067
vn 0.5050691 0.2868578 0.81401336
vn 0.50507194 0.2867056 -0.8140653
vn 0.50515634 0.67203623 0.541465
vn 0.50515777 0.6720327 -0.5414682
vn 0.5064686 0.38467646 0.77169526
vn 0.507706 0.25518405 -0.82287055
vn 0.5106891 0.023182265 -0.8594529
vn 0.5106891 0.023182372 0.8594529
vn 0.5204175 0.20144895 0.8298095
vn 0.52256423 0.60061496 -0.60513496
vn 0.5225647 0.60061455 0.6051348
vn 0.52552205 0.081677474 0.84685034
vn 0.52727157 -0.23877952 0.8154564
vn 0.5308965 0.79283404 0.29927114
vn 0.5338767 0.34150702 -0.77352995
vn 0.53889877 -0.5068873 0.6727952
vn 0.54189664 -0.01957062 0.8402172
vn 0.55893403 -0.59014416 -0.5825141
vn 0.5590728 -0.3958509 0.7285188
vn 0.56127626 -0.46770713 -0.6828023
vn 0.57703763 0.77325493 0.26287687
vn 0.57792026 -0.1792977 0.79615355
vn 0.5789173 0.4779082 0.6606501
vn 0.5874236 0.11649357 0.80085135
vn 0.5884202 -0.17556553 0.7892645
vn 0.60032254 0.28068793 0.7488839
vn 0.6178344 -0.6507978 -0.44129673
vn 0.62416106 0.75245214 0.21033028
vn 0.6269186 -0.11392503 0.7707101
vn 0.6273959 0.22618075 -0.74512863
vn 0.6314066 0.71202505 -0.30715793
vn 0.63140947 0.71202374 0.30715537
vn 0.6460765 0.51879865 0.559851
vn 0.6488803 -0.61235964 -0.45163044
vn 0.65751106 -0.22064394 0.72041345
vn 0.6620725 0.0031694667 -0.7494331
vn 0.6668237 -0.17842467 -0.72354054
vn 0.68278676 0.4580457 0.56920666
vn 0.69114095 -0.188986 -0.6975732
vn 0.70984775 0.4007088 -0.5792656
vn 0.71007043 -0.45284116 0.53919834
vn 0.7126792 0.39360029 0.5806609
vn 0.7137249 -0.4765393 0.5133294
vn 0.71429235 0.14768621 0.6840873
vn 0.7142933 0.14768632 -0.68408614
vn 0.7142933 0.14768806 0.6840858
vn 0.7142938 0.14768712 0.6840855
vn 0.7142938 0.14765885 0.6840917
vn 0.7142938 0.1476868 0.68408555
vn 0.7142938 0.14768852 0.6840852
vn 0.7142938 0.14768583 -0.6840858
vn 0.7142938 0.14768635 0.6840858
vn 0.71429425 0.14768559 -0.68408537
vn 0.71429425 0.14768575 -0.68408525
vn 0.71429473 0.14768688 -0.68408453
vn 0.7142952 0.1476893 -0.6840834
vn 0.7158721 -0.13682635 -0.68469393
vn 0.71855956 -0.13033698 -0.6831431
vn 0.7189563 0.6652534 -0.20134473
vn 0.71999866 0.28161666 -0.63426644
vn 0.7224043 0.6130792 -0.31979045
vn 0.72262174 -0.6876036 -0.070846155
vn 0.7284859 0.26522505 0.63163596
vn 0.73612195 0.24975383 0.6290846
vn 0.737397 -0.5486324 -0.39401537
vn 0.741031 -0.4145728 -0.52820677
vn 0.74309903 0.23495749 -0.6265771
vn 0.74365216 -0.45356053 0.4911866
vn 0.7511409 -0.63945156 -0.16397874
vn 0.75965816 0.5619932 0.3272356
vn 0.76462394 0.30842412 0.5658842
vn 0.7657407 -0.13680452 0.6284311
vn 0.76631624 -0.6299157 0.1263553
vn 0.7690652 0.4933268 -0.4064079
vn 0.77392036 0.5401437 -0.33059368
vn 0.77392274 0.54014146 0.3305916
vn 0.77849513 0.140652 0.61168814
vn 0.7848609 -0.35098526 0.51068854
vn 0.7913802 -0.3276157 0.51612514
vn 0.7913812 -0.3276129 -0.51612574
vn 0.79474527 0.4214212 0.4367885
vn 0.8035105 -0.59364265 0.04426323
vn 0.8053482 0.4860936 -0.33930406
vn 0.80611783 0.56109136 0.18801738
vn 0.8293722 -0.5361982 0.15694979
vn 0.8314784 0.43262532 0.34853828
vn 0.8315237 0.13911666 0.53778714
vn 0.85161096 0.28069353 -0.4426848
vn 0.8561409 -0.50550497 -0.10717922
vn 0.86073905 0.08247645 -0.5023206
vn 0.86216956 -0.43583664 0.25828296
vn 0.864765 8.181499E-08 0.5021768
vn 0.86816865 -0.17997447 -0.462485
vn 0.8699177 -0.1782343 0.45986503
vn 0.872176 0.23632962 -0.42831916
vn 0.8733433 -0.03811752 -0.48561165
vn 0.8733433 -0.03811741 0.48561165
vn 0.87338144 -0.2232329 -0.43286484
vn 0.8737481 0.14872396 -0.46308255
vn 0.8763097 0.46170127 0.13752528
vn 0.8763588 0.39762175 0.27183118
vn 0.8773363 -0.07605706 0.4738104
vn 0.87799627 0.34093714 -0.3359828
vn 0.8780735 -0.2705691 0.39468867
vn 0.87821084 -0.11392331 -0.46450746
vn 0.8827632 0.44241482 -0.15810844
vn 0.88322335 -0.31833762 -0.3443512
vn 0.8866494 -0.45163125 0.09940817
vn 0.8873599 -0.20502828 -0.41298404
vn 0.8878282 -0.36057258 0.28591716
vn 0.89007646 0.4531943 0.048773423
vn 0.8947194 -0.3535066 -0.27296585
vn 0.8966916 -0.4426274 -0.005007548
vn 0.8969348 0.44202068 -0.011209551
vn 0.8975447 -0.42865926 -0.10327026
vn 0.898022 0.4080649 0.16443732
vn 0.9012559 0.42930132 0.058635633
vn 0.90335923 -0.42888469 0.00016698036
vn 0.90369874 -0.42512384 0.050974432
vn 0.9055713 0.39216113 0.16171052
vn 0.9110425 -0.40391898 0.08277055
vn 0.91574174 -0.3195645 0.2435066
vn 0.9157427 -0.31956297 -0.24350503
vn 0.91627103 -0.31828052 -0.2431972
vn 0.9189213 0.3621138 -0.1563881
vn 0.9219945 0.37193424 0.10766172
vn 0.92589694 -0.21780078 0.30867088
vn 0.9314359 0.33982974 0.13016556
vn 0.9345673 -0.071402974 0.34854794
vn 0.9349373 0.22224082 0.27658847
vn 0.9349373 0.22224101 -0.2765886
vn 0.9392312 -0.12031301 0.32151118
vn 0.9505642 -0.03696009 0.30832097
vn 0.9513524 0.06540708 -0.30108237
vn 0.95468694 0.10818914 -0.2772509
vn 0.9559954 -0.01950945 0.29273212
vn 0.95729905 0.15691085 -0.24281159
vn 0.95934135 -0.0020579488 0.28224093
vn 0.95934135 -0.0020580634 -0.2822408
vn 0.9640196 -0.21258287 -0.15960823
vn 0.96592504 4.216748E-08 0.25882214
vn 0.96592504 -4.2167446E-08 -0.25882193
vn 0.9659274 4.2166008E-08 0.2588131
vn 0.9671696 0.23836789 0.088112384
vn 0.9674266 -0.12452501 -0.22040725
vn 0.96763736 -0.23937657 0.07985498
vn 0.96948844 -0.19807214 0.14442872
vn 0.96957475 0.21200131 0.12239382
vn 0.9703968 0.23534492 0.05424746
vn 0.9711092 -0.22916135 0.066573076
vn 0.9748314 -0.22270426 -0.010324368
vn 0.97578365 -0.21380758 0.046180267
vn 0.9791282 -0.20324384 -1.2613501E-08
vn 0.98382646 -0.15028432 0.097468935
vn 0.98382646 -0.150284 -0.09746936
vn 0.9866336 0.16125084 0.023501892
vn 0.9866336 0.16125083 -0.023501845
vn 0.9880355 -0.13888244 -0.067063525
vn 0.98880225 -0.044724062 -0.14237216
vn 0.98880225 -0.04472399 0.14237218
vn 0.9906462 0.08072835 0.11001401
vn 0.9906462 0.08072834 -0.110014245
vn 0.9908202 -0.09067809 -0.100263566
vn 0.9908202 -0.09067805 0.10026348
vn 0.9916828 0.04614325 0.12014984
vn 0.99251205 -0.056815233 -0.10812948
vn 0.99251205 -0.05681519 0.10812938
vn 0.9962538 -1.40891325E-08 -0.08647848
vn 0.9962538 -7.44072E-08 -0.08647848
vn 0.9962538 1.4003834E-08 0.08647836
vn 0.9962538 -1.6068061E-07 -0.08647849
vn 0.9962538 1.9875154E-08 0.08647837
vn 0.9962538 1.4089116E-08 0.086478375
vn 0.9962538 -1.4089136E-08 -0.0864785
vn 0.9962538 -5.6622964E-09 -0.0864785
vn 0.9962538 1.40891165E-08 0.08647838
vn 0.9962538 7.647991E-09 -0.08647845
vn 0.9962538 1.3950662E-08 0.08647833
vn 0.9962538 1.4089118E-08 0.08647839
vn 0.9962538 1.4089119E-08 0.0864784
vn 0.9962538 -1.408913E-08 -0.086478464
vn 0.9962538 5.997215E-08 -0.086478524
vn 0.9962538 -2.144274E-08 0.086478464
vn 0.9999688 0.007893793 -4.573302E-08
vn -1.844152E-06 1 -1.6292068E-07
vn -1.8683619E-06 1 -1.6292068E-07
vn -3.4698126E-06 1 -1.6292068E-07
vn -0.0012163908 0.99990106 0.01401678
vn -0.0014496498 0.15193133 -0.98838997
vn -0.0044964873 -0.998647 0.051807407
vn -0.0073440135 0.99638826 0.084595665
vn -0.007972707 0.99996823 -1.8197841E-07
vn -0.008017388 0.97431517 0.22504601
vn -0.008041573 0.9760614 0.21734633
vn -0.00870013 0.9865459 0.16325277
vn -0.01053403 0.16027257 0.9870166
vn -0.013610241 0.42512527 -0.90503216
vn -0.014195231 -0.9837812 -0.17880988
vn -0.016606325 -0.98138887 -0.19131184
vn -0.020807156 0.20762978 0.97798616
vn -0.021040509 -0.98679245 0.16061795
vn -0.025142277 -0.9994709 0.020633135
vn -0.02720652 0.83954525 0.5426082
vn -0.027741129 0.51343495 0.8576801
vn -0.030130068 0.5479725 -0.8359535
vn -0.03138225 -0.8365301 0.5470215
vn -0.03358834 -0.9155917 -0.40070385
vn -0.03757881 0.17192191 -0.9843935
vn -0.04222693 0.50057214 -0.8646643
vn -0.045413274 0.94142306 -0.334156
vn -0.047496427 0.13201736 0.9901089
vn -0.051048685 -0.50849915 0.85954785
vn -0.051965494 -0.16946499 -0.9841652
vn -0.05437507 0.21275415 0.9755916
vn -0.055429865 -0.7675821 -0.6385494
vn -0.057582993 -0.016122231 0.99821055
vn -0.06360314 0.67750955 0.7327589
vn -0.07163266 0.5601948 0.82525784
vn -0.07415191 0.13546865 -0.9880029
vn -0.074532546 -0.0034609258 0.9972125
vn -0.0745335 -0.0034601516 0.99721247
vn -0.07754854 0.4425259 0.8933964
vn -0.07754854 0.44252598 0.8933964
vn -0.07754854 0.44252598 -0.89339626
vn -0.08113245 -0.7348015 0.6734123
vn -0.08113579 -0.7347994 -0.67341435
vn -0.08289871 0.28467366 0.95503336
vn -0.08385042 0.51376843 -0.85382146
vn -0.08436749 -0.21950868 0.9719558
vn -0.08582888 -0.12231919 0.98877275
vn -0.08598284 0.10689119 0.9905459
vn -0.08645234 -0.02522992 0.99593645
vn -0.08662919 0.06318148 0.99423516
vn -0.08837507 0.18703341 -0.9783703
vn -0.0923923 -0.19831021 0.975775
vn -0.10924093 0.9899642 -0.089651294
vn -0.10997758 0.35556448 0.9281589
vn -0.10997764 0.3555629 -0.9281594
vn -0.109978 0.35556397 0.92815906
vn -0.1123961 0.48313388 -0.8683022
vn -0.11313025 0.985013 0.13019535
vn -0.12350998 0.048199154 0.99117213
vn -0.12351004 0.048199236 0.99117213
vn -0.123518385 0.048193105 -0.99117136
vn -0.12613149 -0.9920136 1.1149674E-06
vn -0.12659939 -0.4406909 0.88868666
vn -0.12957676 0.5091477 0.85086924
vn -0.13043721 -0.26553863 -0.9552357
vn -0.13156743 -0.33315694 0.9336469
vn -0.13310893 -0.40468612 -0.904716
vn -0.13393934 0.06353064 -0.988951
vn -0.13453622 0.85457367 0.5016013
vn -0.13527079 -0.4824338 0.8654244
vn -0.14130552 0.35125983 -0.92555356
vn -0.14131065 0.3512597 0.9255528
vn -0.14595659 0.2504306 -0.9570691
vn -0.14688833 -0.21254805 0.9660472
vn -0.14725192 0.29672065 0.9435432
vn -0.14742036 0.83295447 -0.5333424
vn -0.14925082 0.8423221 0.51789737
vn -0.1554782 0.9805357 -0.11990185
vn -0.15718742 0.10745317 -0.9817056
vn -0.15765877 0.37933743 0.91172737
vn -0.15992232 0.5490584 0.82034117
vn -0.16335006 0.12193678 -0.97900367
vn -0.16335638 0.12194178 0.97900206
vn -0.17371733 -0.9339458 0.31235796
vn -0.17439766 0.65866244 -0.7319489
vn -0.17639597 0.9709043 0.16195458
vn -0.17764647 -0.20897992 0.9616492
vn -0.1802245 -0.97250634 0.14748085
vn -0.18022652 -0.97250587 -0.14748156
vn -0.18065329 0.52887726 0.8292486
vn -0.18564089 0.8363689 0.5157756
vn -0.185641 0.8363689 -0.5157757
vn -0.19134016 0.04418019 0.9805289
vn -0.19786973 0.6491763 0.7344506
vn -0.1987954 -0.8517646 0.4847448
vn -0.20317133 0.28235254 0.9375491
vn -0.20328088 0.5353781 0.8197848
vn -0.20615347 -0.9028338 -0.37734842
vn -0.2124917 -0.4105231 -0.88674575
vn -0.2125202 0.9747423 -0.06864916
vn -0.22098275 0.962826 -0.15534697
vn -0.22210343 -0.13949224 0.9649932
vn -0.22768219 0.8167459 0.5301764
vn -0.23384233 0.93331975 0.27245596
vn -0.24072821 0.73858577 0.62971514
vn -0.24872573 -0.38591996 -0.88837004
vn -0.2508103 0.086740606 0.96414226
vn -0.25195447 0.08671191 0.96384645
vn -0.25824586 0.86130035 -0.43757388
vn -0.26139894 0.9610152 -0.09011255
vn -0.27113977 0.9481178 0.1659996
vn -0.28032103 0.6604216 -0.6966085
vn -0.28085557 -0.8273495 0.4864289
vn -0.28405872 -0.90841997 0.30673072
vn -0.28736606 -0.025122194 -0.95749134
vn -0.2880818 -0.34615502 0.8928525
vn -0.28808227 -0.3461515 -0.8928537
vn -0.29343405 -0.8219406 0.4881703
vn -0.29433122 2.2277756E-05 -0.95570356
vn -0.29433122 2.202833E-05 0.95570356
vn -0.29526725 0.82069784 -0.4891546
vn -0.29656115 -0.41097385 -0.8620627
vn -0.2984909 -0.33194512 -0.8948272
vn -0.2984909 -0.33194506 -0.8948272
vn -0.2984909 -0.33194482 0.8948273
vn -0.29949132 -0.31037813 0.9022031
vn -0.3035268 -0.119155765 -0.9453431
vn -0.30676308 0.86337155 0.40060696
vn -0.30676332 0.8633713 -0.40060726
vn -0.30702725 -0.8582843 0.41119632
vn -0.30737343 0.05768575 0.9498389
vn -0.30966654 -0.055745646 -0.94920975
vn -0.3102912 -0.31242332 0.89783686
vn -0.31425443 -0.0634972 -0.94721293
vn -0.31515184 -0.30260706 0.8995044
vn -0.3174092 0.44884288 0.8353392
vn -0.32793823 -0.0916274 -0.9402451
vn -0.34069696 0.38797095 -0.8563902
vn -0.34069696 0.38797542 0.8563882
vn -0.34160677 -0.07255284 -0.93703836
vn -0.34160677 -0.07255254 0.93703836
vn -0.34304944 0.028811898 0.9388753
vn -0.34380212 -0.51872474 -0.78276736
vn -0.34483948 0.5017107 -0.7933297
vn -0.34661236 -0.57923084 -0.7378018
vn -0.3513917 1.52531E-07 0.9362286
vn -0.352132 -0.06556134 -0.9336513
vn -0.3548304 0.19775677 0.9137766
vn -0.3549687 0.023181716 -0.9345907
vn -0.35552564 -0.13391724 0.925023
vn -0.35725155 0.28670537 -0.8889158
vn -0.35725155 0.28670567 0.8889157
vn -0.36129037 -0.25708285 -0.8963134
vn -0.36187354 0.37907133 -0.8516763
vn -0.36303464 0.91778225 -0.16087773
vn -0.36325327 -0.39708382 0.84283537
vn -0.36596146 -0.6662102 0.64979714
vn -0.36690035 -0.5037929 -0.78203386
vn -0.37074938 0.082034096 -0.92510283
vn -0.37079802 0.7640974 0.5278864
vn -0.37285677 0.3037731 -0.87675524
vn -0.3763787 -0.040619075 0.92557496
vn -0.37789622 -0.39179796 -0.8388616
vn -0.3787302 0.3689623 -0.8487816
vn -0.3797306 -0.7214243 -0.5790956
vn -0.38108817 0.36633992 -0.8488621
vn -0.38108984 0.36633867 0.8488619
vn -0.3819808 0.36308378 -0.8498593
vn -0.38267794 1.5051945E-07 0.9238818
vn -0.38789573 -0.86875093 0.30791005
vn -0.38789597 -0.86875105 -0.30790967
vn -0.3912579 0.920281 -1.5968882E-07
vn -0.39336053 0.9077925 0.14553413
vn -0.3957819 -0.9114514 -0.112307735
vn -0.3984312 0.028931402 0.91674185
vn -0.40005174 0.7783455 0.48387682
vn -0.40503517 0.66407496 0.62845135
vn -0.40829626 0.8437337 0.3484357
vn -0.40862098 0.84596646 0.34259245
vn -0.40865055 -0.912493 0.019005453
vn -0.40865174 -0.91249245 -0.019005122
vn -0.41525713 0.77426106 0.47757855
vn -0.4180843 0.8926262 0.16859394
vn -0.42083088 0.46518368 0.7787846
vn -0.42720905 0.90370643 -0.028409697
vn -0.43330017 0.8922386 -0.12712653
vn -0.4417881 -0.8764744 0.19135275
vn -0.44178835 -0.8764745 -0.19135219
vn -0.44239822 -0.8753857 0.1948938
vn -0.44571033 0.6259174 -0.6399764
vn -0.45313874 0.7255383 0.5179377
vn -0.45393816 0.8762846 0.16144794
vn -0.46039477 -0.7054791 0.5388282
vn -0.4630436 0.6421838 0.61089325
vn -0.46481124 -0.12107404 0.8770927
vn -0.47366753 -0.37255755 0.7980225
vn -0.4769973 -0.7807923 0.40353072
vn -0.47782794 0.59081477 -0.65009105
vn -0.48239914 -0.84874445 0.21661922
vn -0.48432246 0.38026637 -0.78792715
vn -0.4846832 0.37487653 0.79028463
vn -0.48840418 0.3080496 -0.8164354
vn -0.49470344 -0.55063486 0.6723614
vn -0.49546686 -0.42748857 0.75615215
vn -0.49923578 -0.5313459 -0.68442327
vn -0.50029784 0.8206872 0.27599746
vn -0.5022791 -0.41671497 -0.7576703
vn -0.50288945 0.39994135 0.76625645
vn -0.5030735 0.85510474 -0.12535155
vn -0.5032075 -0.3791454 0.77655065
vn -0.5054348 -0.6718075 -0.54148906
vn -0.5069712 -0.19807075 -0.83889705
vn -0.5220092 -0.081841394 -0.8490044
vn -0.52211314 -0.23465224 0.8199611
vn -0.522775 -0.59829795 0.60724443
vn -0.5281289 0.5756902 -0.62422794
vn -0.5281289 0.57569045 0.6242278
vn -0.5288828 -0.18618408 -0.8280207
vn -0.5288828 -0.18618372 0.82802093
vn -0.529074 0.051378194 0.8470189
vn -0.53111297 0.74189365 -0.40928328
vn -0.53891116 0.028419688 -0.8418831
vn -0.5417698 -0.3728536 -0.7533031
vn -0.5420216 -0.64005244 -0.54455984
vn -0.55990154 0.5954283 -0.576173
vn -0.560716 -0.799878 -0.21399249
vn -0.57175857 -0.6107657 0.5477751
vn -0.57572824 -0.14162777 0.8052817
vn -0.5837434 0.18307088 -0.79103017
vn -0.587416 -0.116485365 0.800858
vn -0.5923398 0.37744778 -0.7118053
vn -0.5923837 0.7987136 0.10553762
vn -0.6074918 -0.44238523 0.659734
vn -0.6084073 0.22618495 0.7607107
vn -0.61355 -0.009899186 0.7895939
vn -0.6325477 -0.41232458 0.65564615
vn -0.64640933 -0.23988411 -0.7243001
vn -0.6508506 0.6131263 -0.44773844
vn -0.65136415 0.5678947 0.50321
vn -0.6529029 0.25273702 -0.714032
vn -0.65948325 -0.051456705 -0.749956
vn -0.662741 0.070543416 0.74551857
vn -0.6751583 0.57887685 0.4572338
vn -0.68421537 -0.49156976 0.53870994
vn -0.6857756 -0.33785734 0.6446427
vn -0.6889561 -0.44625032 0.57113934
vn -0.69895583 -0.4256737 -0.57468486
vn -0.7025288 0.6920524 0.16588141
vn -0.70710117 1.1520323E-07 0.7071124
vn -0.7119158 -0.16044948 -0.68368995
vn -0.7142938 -0.14768785 -0.68408537
vn -0.7142938 -0.14768691 0.6840855
vn -0.7142938 -0.1476866 0.68408567
vn -0.71429425 -0.14768791 0.6840849
vn -0.71429425 -0.14768691 -0.6840851
vn -0.71429425 -0.14768675 0.6840851
vn -0.71429425 -0.1476865 -0.6840852
vn -0.71429425 -0.14768662 -0.6840852
vn -0.71429425 -0.14768586 -0.68408525
vn -0.71429473 -0.14768705 0.68408453
vn -0.7161811 0.13581966 -0.6845711
vn -0.71625596 0.13588092 -0.68448055
vn -0.71826774 0.13107993 -0.68330765
vn -0.7215918 0.50080115 0.4780203
vn -0.7221077 -0.35688353 0.5926168
vn -0.72249204 -0.1900876 0.6647344
vn -0.7257331 -0.41911218 0.54557914
vn -0.73371345 -0.4722758 0.48848772
vn -0.7337149 -0.4722787 -0.48848268
vn -0.7417334 -0.58579713 -0.32660887
vn -0.7423046 0.41684622 0.5246171
vn -0.7425373 -0.23455067 0.627395
vn -0.7485879 0.07506669 -0.65877247
vn -0.75156623 0.4365563 -0.49453694
vn -0.75391084 0.4305409 -0.49623883
vn -0.7616156 -0.19105646 -0.6192246
vn -0.7616175 -0.19105223 0.61922354
vn -0.7700899 -0.08685832 0.6319946
vn -0.77219325 0.04605419 0.63371646
vn -0.77626973 0.18465927 0.60274875
vn -0.77764875 -0.15507258 0.60927415
vn -0.7795494 0.6126686 -0.13015342
vn -0.78144294 -0.3047469 -0.54449636
vn -0.78247386 -0.59229577 -0.19214702
vn -0.792157 0.07506827 -0.6056832
vn -0.7921575 0.07506924 0.6056823
vn -0.8000501 0.46892214 0.3742083
vn -0.81245214 -0.47105312 0.3435556
vn -0.8200305 0.5454076 -0.17343736
vn -0.820031 0.5454092 0.17343031
vn -0.82280904 0.28515399 0.49160194
vn -0.82606536 -0.53274184 0.18385367
vn -0.8307889 -0.43261188 -0.3501954
vn -0.8395608 -0.2399839 0.48738638
vn -0.8421696 0.0146998 -0.53901225
vn -0.8455251 0.23418187 0.47983983
vn -0.85840684 -0.11728569 -0.4993814
vn -0.85860425 -0.18139902 0.47947177
vn -0.8642023 0.4311134 -0.25941393
vn -0.86474067 8.182182E-08 0.5022187
vn -0.864765 -8.181499E-08 -0.5021768
vn -0.8666566 0.0111465035 -0.4987805
vn -0.8676856 0.42280823 0.2614476
vn -0.86845714 0.42093754 -0.26190406
vn -0.87060624 -0.18780346 0.45472482
vn -0.87152797 0.49005225 -0.016963884
vn -0.8717144 0.0050955233 -0.48998782
vn -0.8781889 -0.34488526 -0.3314185
vn -0.8800867 -0.3931015 0.2663053
vn -0.88009006 0.0876601 -0.46664464
vn -0.88330966 0.31903815 -0.34348038
vn -0.8899067 0.4097272 0.20047341
vn -0.8913639 0.45163766 -0.038648143
vn -0.8924511 0.2640158 0.36582327
vn -0.8924511 0.26401573 -0.36582324
vn -0.89510375 0.4174474 0.15661077
vn -0.89510375 0.4174473 -0.15661094
vn -0.9019144 -0.42865926 0.052930728
vn -0.90198785 -0.42360756 -0.08351308
vn -0.91252166 -0.37704378 0.15856254
vn -0.9132851 0.32545128 -0.24493223
vn -0.91526586 0.34536862 0.20738621
vn -0.92108756 0.38927293 -0.0080184275
vn -0.9230822 0.25449574 -0.28835946
vn -0.9232605 0.38406193 -0.00929955
vn -0.92486507 0.29840055 -0.23575787
vn -0.9293483 -0.31833634 -0.18701251
vn -0.9293483 -0.3183364 0.18701269
vn -0.93128234 -0.33211154 -0.1497166
vn -0.93293315 0.23633112 0.27163076
vn -0.9329484 -0.27056947 0.23748569
vn -0.93428785 0.08241273 0.34686387
vn -0.93433696 -0.3242179 0.1479773
vn -0.9360631 0.18548949 0.29896384
vn -0.93712693 -0.13491255 0.32185677
vn -0.9395593 0.16429685 0.30039117
vn -0.9395688 0.15996562 0.30269027
vn -0.9396542 -0.010227396 -0.34197283
vn -0.9396542 -0.0102273105 0.34197286
vn -0.9452484 -0.20502846 -0.25390702
vn -0.9504908 -0.08090839 -0.30003542
vn -0.9523185 -0.15028119 0.2655279
vn -0.9532092 -0.1671463 0.25190127
vn -0.95469886 -0.18283482 -0.23477969
vn -0.95469934 -0.18283351 0.2347789
vn -0.9563721 0.018869784 -0.29154134
vn -0.9567793 0.066864595 -0.2830237
vn -0.95679647 -0.008370294 -0.29063827
vn -0.95679647 -0.008369877 0.29063827
vn -0.95878917 0.10923192 -0.26228157
vn -0.96170217 -0.13888153 -0.23630653
vn -0.9620283 -0.22270985 -0.15780303
vn -0.9632476 0.18481365 -0.19493045
vn -0.9640654 -0.16403513 0.20897456
vn -0.96592504 -4.216748E-08 -0.25882214
vn -0.9675558 -0.21984647 0.12451241
vn -0.9675563 -0.21984464 -0.124512136
vn -0.9706066 -0.22888285 0.07440042
vn -0.9715517 -0.22630227 0.06981865
vn -0.973666 0.22745584 -0.015439869
vn -0.973666 0.22745603 0.015439895
vn -0.9743007 -0.21941158 0.050958537
vn -0.97463685 0.22077732 -0.036611527
vn -0.9761637 0.21199518 0.046503607
vn -0.97711736 -0.2102509 -0.03219144
vn -0.9820464 0.18530023 0.035334893
vn -0.98434335 0.15571578 0.08258823
vn -0.98434335 0.15571606 -0.08258814
vn -0.9847887 -0.0601375 -0.16301751
vn -0.9848178 0.15691695 0.07423594
vn -0.9859808 0.14124435 0.08883586
vn -0.98818046 0.10818917 -0.10860183
vn -0.98931533 -0.0712141 0.12721495
vn -0.990269 -0.027458057 -0.1364305
vn -0.990269 -0.027458178 0.13643044
vn -0.9999669 -0.007897112 0.0019139297
vn -0.9999669 -0.00789704 -0.0019138058
vn -0.9999674 -0.007925988 -0.0015019679
vn -0.9999688 -0.00788959 1.0819254E-07
vn -0.9999688 -0.007894481 1.3632099E-07
vn 6.529437E-05 0.9999988 0.0014981973
vn 0.00010277516 0.9999972 -0.0023630473
vn 0.0011184437 0.9864399 -0.16411945
vn 0.0011184968 0.98643994 0.1641192
vn 0.0053807637 -0.9840948 0.17756288
vn 0.0080068465 -0.98744524 -0.15775877
vn 0.008039838 -0.9761513 -0.21694252
vn 0.0080400165 -0.9761513 0.21694252
vn 0.0119736325 0.9903692 -0.13793324
vn 0.011976032 0.04133011 0.9990737
vn 0.013842417 0.987105 0.15947433
vn 0.018606286 0.43582928 0.899837
vn 0.02105106 0.838067 0.545161
vn 0.023186263 0.9633877 0.26710764
vn 0.023186278 0.9633877 0.26710775
vn 0.024995532 -0.6703925 0.74158555
vn 0.030107688 -0.82790303 0.56006247
vn 0.037681036 -0.90007657 -0.43409935
vn 0.03877317 0.54420733 0.83805424
vn 0.0391851 -0.7461297 -0.66464645
vn 0.04734703 -0.8368037 0.545452
vn 0.050259523 0.50795126 0.8599183
vn 0.055376224 -0.9856193 -0.15964985
vn 0.057235144 0.9856598 -0.15874206
vn 0.06690477 -0.63360506 0.7707584
vn 0.07123749 -0.56695056 -0.8206657
vn 0.074467465 0.0034748793 -0.99721736
vn 0.0744683 0.003474196 -0.99721736
vn 0.07473062 0.10516243 -0.99164313
vn 0.07830183 0.98588866 0.14796068
vn 0.07830362 0.985888 -0.1479644
vn 0.0808451 -0.13005924 -0.9882048
vn 0.08336894 -0.38237488 -0.92023855
vn 0.08661239 -0.06317999 -0.9942367
vn 0.086619005 -0.063170604 0.9942367
vn 0.09119879 0.19790417 0.9759696
vn 0.09147094 0.49898824 0.8617678
vn 0.09825973 -0.3684052 0.9244581
vn 0.099727914 -0.01975847 -0.99481857
vn 0.10142295 0.97309566 0.20687756
vn 0.10372548 0.9942016 -0.028357144
vn 0.10949175 -0.9725051 -0.20553696
vn 0.11205737 0.9859992 0.123485334
vn 0.11533789 0.84030277 -0.529706
vn 0.120368764 -0.808667 -0.5758204
vn 0.12324618 -0.9861653 0.11085345
vn 0.12348543 -0.04819852 0.9911752
vn 0.12692162 -0.81115717 -0.57088953
vn 0.13462874 -0.9736582 0.1840239
vn 0.13546798 -0.9719558 -0.192225
vn 0.13546929 -0.9719555 0.19222535
vn 0.13690266 -0.31715155 -0.9384416
vn 0.13714918 -0.21404648 -0.9671475
vn 0.13740358 0.90877634 0.39401245
vn 0.138177 -0.07040891 -0.9879017
vn 0.13962743 -0.08768765 -0.9863139
vn 0.14957389 -0.2913295 0.944857
vn 0.15092489 -0.020883303 0.98832464
vn 0.15092632 -0.020883372 -0.9883244
vn 0.15435252 -0.10113368 0.9828261
vn 0.15719971 -0.10745785 0.98170316
vn 0.15719971 -0.10745783 0.98170316
vn 0.1591675 -0.054854166 0.98572654
vn 0.16026017 0.9784763 -0.13000321
vn 0.16699716 -0.13109548 -0.97720313
vn 0.17265067 0.93764776 -0.30167595
vn 0.18059608 -0.8458537 -0.501913
vn 0.1806576 -0.5271874 -0.830323
vn 0.18693969 0.14709431 0.9712965
vn 0.19345126 0.9769371 -0.090390705
vn 0.19701716 -0.45087898 0.8705701
vn 0.20202252 -0.5829693 0.7869776
vn 0.20209381 -0.9571768 -0.20729382
vn 0.20335421 0.97861904 -0.030852018
vn 0.20573124 -0.9165753 -0.34287667
vn 0.20872495 0.49428317 -0.8438709
vn 0.21126863 -0.040618706 0.97658366
vn 0.21474418 0.15580373 0.96416295
vn 0.21923015 -0.030746397 -0.9751886
vn 0.22228119 -0.87857455 0.4227268
vn 0.23243365 0.3981079 0.8874033
vn 0.23280272 0.9070017 0.3509284
vn 0.2405295 -0.72411555 -0.6463763
vn 0.25242418 -0.5625032 -0.7873196
vn 0.25741643 -0.530794 -0.8074618
vn 0.2608785 -0.0015487679 0.9653704
vn 0.26087993 -0.001547512 0.96537006
vn 0.26189846 -0.49808294 0.8266332
vn 0.2668931 -0.687716 0.6751405
vn 0.27233976 -0.94780344 -0.16582993
vn 0.27412337 0.9373248 0.21512483
vn 0.2741241 0.9373253 -0.21512137
vn 0.27569264 0.012346109 -0.96116656
vn 0.28083485 0.82736635 0.48641196
vn 0.28739804 0.025134036 -0.95748144
vn 0.28942412 -0.3675333 -0.88382864
vn 0.2914793 -0.74365777 0.60167503
vn 0.29315227 -0.2655459 0.91844827
vn 0.29570955 0.6183139 -0.72817856
vn 0.296606 0.03665375 0.95429635
vn 0.2997734 -0.09496634 0.94927204
vn 0.3023395 0.32604384 -0.8957043
vn 0.3038823 0.046838507 0.9515575
vn 0.3055231 0.3208664 0.8964934
vn 0.30799502 0.5100406 -0.80311745
vn 0.31036848 -0.2900602 -0.90528244
vn 0.31425732 0.06351545 0.9472107
vn 0.31444472 0.30415672 0.8992292
vn 0.3187744 -0.911012 -0.2616106
vn 0.32081455 0.0758686 -0.9440985
vn 0.3230669 -0.9462412 0.015983207
vn 0.3231117 0.08065873 -0.9429173
vn 0.3231179 0.08064616 0.9429162
vn 0.3231179 0.08064617 0.9429162
vn 0.32765073 0.09093255 -0.9404128
vn 0.3276729 0.09093214 0.94040513
vn 0.327964 0.09162335 0.94023657
vn 0.33461398 -0.00794134 0.9423219
vn 0.3350541 0.20690323 0.9192006
vn 0.33580583 -0.9360472 -0.10511889
vn 0.33616084 -0.93422043 -0.11928131
vn 0.34030765 0.25133523 -0.9061023
vn 0.34030765 0.2513355 0.9061022
vn 0.3413133 0.38026616 -0.8595946
vn 0.34222454 0.45263344 -0.8234108
vn 0.34381384 0.5183875 0.7829856
vn 0.3508572 0.6421831 -0.68154246
vn 0.3527233 0.93311113 -0.06992806
vn 0.35416168 -0.8497342 -0.39053962
vn 0.35416168 -0.8497342 0.3905399
vn 0.35483664 -0.19806966 0.9137064
vn 0.35496706 -0.023119655 -0.9345929
vn 0.3600499 0.021150466 0.93269324
vn 0.36219662 0.0024386663 0.93209857
vn 0.3633148 0.3999452 -0.8414548
vn 0.36612934 0.7638889 0.53143495
vn 0.36920327 -0.08161058 -0.9257584
vn 0.37258738 0.034585845 0.9273524
vn 0.3726663 0.6392035 0.67271006
vn 0.37321633 0.6124411 0.69686824
vn 0.3768496 -0.1736665 -0.9098485
vn 0.37801546 -0.18605876 -0.90691036
vn 0.37824196 -0.3700205 -0.8485387
vn 0.3789031 -0.58218867 0.71936697
vn 0.38462037 0.8158366 0.4318307
vn 0.38625234 0.89642197 0.21734047
vn 0.38910717 -0.6828636 -0.6182985
vn 0.39006752 -0.3412239 -0.85522723
vn 0.39172548 0.8992698 0.19458906
vn 0.39515132 -0.01587324 -0.91847885
vn 0.39515847 -0.015874773 0.9184758
vn 0.39578313 0.9114514 -0.11230342
vn 0.39878553 -0.9018054 0.16648431
vn 0.4023294 -0.5350993 -0.7428323
vn 0.40433592 0.8913276 0.20505504
vn 0.4046299 0.7402223 0.5369782
vn 0.40491503 0.8922383 0.19988647
vn 0.4049992 -0.86776924 0.28801435
vn 0.41484064 0.514461 0.7504913
vn 0.41551632 -0.88593227 0.20608318
vn 0.41576427 -0.76080316 -0.49831578
vn 0.41939586 -0.8992657 0.124210745
vn 0.42144197 -0.9033118 0.080091074
vn 0.4215271 -0.464797 -0.77863896
vn 0.44089478 0.5962998 -0.670849
vn 0.44518775 0.3299093 -0.8324469
vn 0.44831723 -0.8326811 0.3250443
vn 0.45749754 -0.7034754 0.54389185
vn 0.45998615 0.70575696 -0.5388134
vn 0.46154255 0.8459659 -0.26705822
vn 0.46154374 0.8459654 0.26705799
vn 0.4622299 0.84373283 -0.27287075
vn 0.4622311 0.84373224 0.2728705
vn 0.4641587 0.8746192 0.13999254
vn 0.4649629 0.87506175 -0.13444868
vn 0.46496314 0.8750616 0.13444838
vn 0.46714514 0.05721523 -0.8823275
vn 0.46855563 -0.5792318 -0.6670429
vn 0.47270483 -0.17971337 0.8627011
vn 0.47351378 0.08042794 -0.8771066
vn 0.47744817 0.77834374 0.40770623
vn 0.48125738 0.8493712 -0.2167019
vn 0.4842252 -0.38088042 0.7876903
vn 0.4845013 -0.4249388 0.76464725
vn 0.4899277 0.37515023 -0.7869137
vn 0.4912328 -0.2520742 -0.83375597
vn 0.49133724 0.7742611 -0.39888254
vn 0.50092065 0.47760087 0.7217867
vn 0.50098693 0.8206233 -0.2749356
vn 0.50323665 -0.1834579 -0.84445006
vn 0.5044583 -0.85433036 0.12506592
vn 0.50506866 0.28685817 -0.81401354
vn 0.51168954 -0.84224004 0.16972177
vn 0.51169145 -0.84223986 -0.16971682
vn 0.52213275 -0.20009755 -0.82905865
vn 0.5231427 -0.531259 0.6663975
vn 0.53889835 -0.5068893 -0.6727941
vn 0.5412878 -0.02242283 0.8405384
vn 0.5419458 -0.828089 0.14339946
vn 0.5419682 -0.020071443 -0.8401593
vn 0.54199255 0.514603 -0.66440034
vn 0.5421375 -0.82618755 -0.15330012
vn 0.57585657 -0.34691086 0.74029857
vn 0.5784997 -0.69352937 0.4293661
vn 0.5834497 0.42140698 -0.69426405
vn 0.5846008 -0.41883457 0.6948521
vn 0.5863708 0.75124884 -0.3029761
vn 0.5912384 -0.0047593415 -0.8064828
vn 0.5959314 0.5841872 -0.55099106
vn 0.59845245 0.09051154 0.79602903
vn 0.61603296 -0.78011274 -0.10921278
vn 0.6212214 -0.5416181 -0.56633365
vn 0.6241611 0.75245124 -0.21033326
vn 0.62739694 0.22618084 0.74512774
vn 0.6294259 -0.26077142 -0.7319981
vn 0.63234985 0.5383328 0.5570741
vn 0.64553297 -0.7454361 -0.16616951
vn 0.652274 0.1323244 0.7463437
vn 0.6607436 -0.5249574 -0.5365051
vn 0.66537607 -0.74141 0.08709699
vn 0.66620433 -0.15302205 0.72990143
vn 0.66735303 0.48535287 0.5648651
vn 0.6680082 0.67583877 -0.3114595
vn 0.6708349 -0.4953881 0.55187964
vn 0.67565954 0.471029 0.5671119
vn 0.6889404 0.44625205 -0.57115686
vn 0.6942891 0.43550894 -0.5729699
vn 0.6978725 0.64288414 0.3157118
vn 0.71006954 -0.45284232 -0.5391987
vn 0.7142929 0.14769271 0.6840852
vn 0.71429336 0.1476885 0.6840855
vn 0.71429336 0.14768697 0.68408597
vn 0.71429336 0.14768627 -0.6840861
vn 0.71429384 0.14769116 -0.68408453
vn 0.71429384 0.14768599 -0.68408555
vn 0.71429384 0.14768612 0.68408567
vn 0.71429384 0.14768304 -0.68408626
vn 0.7142943 0.14768931 -0.6840844
vn 0.7142943 0.1476865 -0.684085
vn 0.7142943 0.14768818 -0.68408465
vn 0.7142943 0.14768752 -0.6840848
vn 0.71429527 0.14768864 -0.6840836
vn 0.7142967 0.14767672 0.68408465
vn 0.7162703 -0.13588229 -0.68446535
vn 0.7182559 -0.1310789 0.6833204
vn 0.71999824 0.2816183 0.63426614
vn 0.7273096 -0.31696138 0.6087333
vn 0.7301291 -0.4818583 -0.48448315
vn 0.7410339 -0.41457167 0.52820355
vn 0.7512125 -0.436532 -0.49509567
vn 0.7512144 -0.43653283 0.49509197
vn 0.7533611 -0.4319717 0.49582997
vn 0.7573651 -0.11645648 -0.64252305
vn 0.7575997 0.102362536 0.64464307
vn 0.7596587 0.5619937 -0.3272335
vn 0.7657436 -0.13680089 -0.6284284
vn 0.7663163 -0.6299154 -0.1263563
vn 0.7678498 -0.6381242 0.05660487
vn 0.7700871 0.08685765 0.631998
vn 0.7735547 -0.37858376 -0.50821984
vn 0.7848586 -0.35098404 -0.51069295
vn 0.79750526 -0.32289466 0.5096316
vn 0.8002361 -0.3252387 0.5038274
vn 0.8053478 0.48609242 0.3393067
vn 0.81245124 -0.30313802 0.49802646
vn 0.8124517 -0.30313802 -0.49802563
vn 0.828091 -0.5373525 0.15974197
vn 0.8297895 -0.268731 -0.48911458
vn 0.8301767 -0.5329025 -0.16377252
vn 0.8357252 -0.2559795 0.48583734
vn 0.8585266 0.15281835 0.48946777
vn 0.8589834 0.2218308 0.46145266
vn 0.8607396 0.08247669 0.5023197
vn 0.8664912 -0.09294302 -0.49046353
vn 0.8702787 0.37263584 0.32211423
vn 0.87158287 -0.48995563 0.016932234
vn 0.87501323 0.28634793 0.3903289
vn 0.8784946 -0.45129022 0.15679431
vn 0.8794197 0.014306267 0.4758324
vn 0.8797959 -0.45001495 0.15311976
vn 0.8812469 0.42273182 -0.21142776
vn 0.88276327 0.4424147 0.15810814
vn 0.88316476 0.4169365 0.21490438
vn 0.8832234 -0.31833696 0.34435153
vn 0.8883084 -0.45395654 -0.069509454
vn 0.8894223 0.4282005 -0.15991358
vn 0.8918613 0.084684856 0.44431055
vn 0.89254415 -0.26532272 0.36464864
vn 0.89477956 -0.4158866 -0.16250491
vn 0.89637125 -0.44330397 0.00038361296
vn 0.89802206 0.40806532 -0.1644357
vn 0.90231025 0.4253302 0.07021707
vn 0.90461195 -0.42623612 6.718851E-08
vn 0.90669477 -0.41820744 0.054837372
vn 0.9124783 0.37694463 -0.15904738
vn 0.9126028 -0.37420505 -0.16470234
vn 0.9139832 0.39229208 -0.10364177
vn 0.9152039 -0.3459912 -0.20661995
vn 0.9181179 0.24622346 0.31053767
vn 0.92079055 -0.28283978 0.2686008
vn 0.92081964 -0.38990772 -0.007942001
vn 0.92301023 -0.3846649 0.009219928
vn 0.92384136 -0.38265237 -0.009710156
vn 0.930086 -0.14861739 -0.3359358
vn 0.93616426 0.17749538 -0.30346656
vn 0.9371456 -0.039959546 0.34664312
vn 0.9396399 0.011145663 0.34198332
vn 0.9396399 0.01114628 -0.34198338
vn 0.94243324 0.004423459 -0.3343652
vn 0.94745004 -0.31260073 -0.06796474
vn 0.9507679 0.009530688 -0.30975732
vn 0.9507679 0.00953089 0.30975732
vn 0.9531716 0.100532316 -0.28523162
vn 0.9531716 0.10053265 0.28523156
vn 0.9545249 0.12684587 -0.26980054
vn 0.954687 0.10818927 0.27725014
vn 0.95538986 0.15571523 -0.2509641
vn 0.9559287 0.1412408 0.2573934
vn 0.9569906 0.1874791 0.22140597
vn 0.9612678 0.18529998 -0.20402946
vn 0.96176326 0.22745554 -0.15256232
vn 0.9659275 -4.2165993E-08 -0.25881302
vn 0.96838796 0.23868752 -0.072477765
vn 0.9700221 -0.2288358 0.08180077
vn 0.9711093 -0.22916082 -0.066573635
vn 0.97166526 -0.12345982 0.20155479
vn 0.9723424 -0.20196506 -0.117305405
vn 0.97389925 0.2208409 -0.052435596
vn 0.9745382 -0.21984835 0.04406866
vn 0.9747118 -0.2196898 -0.0409061
vn 0.976961 -0.2124639 -0.020156583
vn 0.97704923 0.21016498 0.034719188
vn 0.97798574 -0.20785941 0.01839419
vn 0.9790658 -0.19819102 0.04637366
vn 0.97947395 0.20006806 -0.02456954
vn 0.98192346 -0.18900171 0.010229671
vn 0.9845303 0.17448108 -0.016012194
vn 0.9845303 0.17448096 0.016011992
vn 0.9888023 0.10659081 -0.10444342
vn 0.9888023 0.10659089 0.10444329
vn 0.9895538 -0.009558988 -0.14384681
vn 0.9999689 0.007893793 -4.577165E-08
vn 0.9999689 0.007890692 2.8912474E-08
vn 0.9999689 0.007891592 2.857036E-08
vn -1.0792644E-06 -1 1.6292068E-07
vn -1.73481E-06 -1 1.6292068E-07
vn -0.0016039971 -0.9853446 -0.17056815
vn -0.001818517 0.9999984 -1.6314104E-07
vn -0.0021136063 0.07209183 -0.99739575
vn -0.007976143 0.9999682 -1.9152759E-07
vn -0.008000268 0.9874004 -0.15803963
vn -0.008000283 0.9873976 -0.15805696
vn -0.008002309 0.9874004 0.15803921
vn -0.008002324 0.9873976 0.15805656
vn -0.008028125 0.9784711 0.206228
vn -0.00803048 0.9851117 -0.17172775
vn -0.008041574 0.9760636 0.2173368
vn -0.012110716 -0.04131674 -0.99907273
vn -0.012979208 -0.48689994 -0.87336135
vn -0.013322962 0.98439914 0.17544469
vn -0.013620531 0.4251207 0.9050341
vn -0.015300838 0.9842252 0.17625715
vn -0.017291497 0.052024424 -0.9984961
vn -0.017391127 -0.12394646 -0.99213654
vn -0.018536028 -0.43583685 0.8998348
vn -0.020806815 0.20763521 -0.977985
vn -0.02264401 0.17360029 -0.9845558
vn -0.02417041 0.98391706 -0.1769833
vn -0.025672536 0.9549209 0.29574808
vn -0.027741235 0.51343286 -0.8576813
vn -0.029672485 -0.93929064 -0.34183702
vn -0.031382106 -0.8365318 -0.5470189
vn -0.03192445 0.8311332 0.55515635
vn -0.03358742 -0.9155928 0.4007016
vn -0.037156068 -0.32196853 -0.94602096
vn -0.038172983 0.8973023 -0.4397628
vn -0.038267754 -0.8312069 -0.55464464
vn -0.0414631 0.41173878 0.9103582
vn -0.04146599 0.41173714 0.9103587
vn -0.042897157 -0.86829907 0.49418268
vn -0.044085436 0.2142675 -0.9757797
vn -0.04687666 -0.51037216 0.858675
vn -0.04749646 0.13201869 -0.9901086
vn -0.05055239 0.05971085 -0.9969348
vn -0.053038143 0.15887412 -0.98587316
vn -0.05475884 -0.83860236 0.54198486
vn -0.059360765 0.55353624 0.83070683
vn -0.060366653 0.84811884 0.5263556
vn -0.06571792 0.99682325 -0.044996027
vn -0.06571959 0.99682313 0.044995613
vn -0.06584047 -0.64835525 0.75848573
vn -0.06834917 0.9976615 -1.5984048E-07
vn -0.07037501 -0.4955576 -0.86571944
vn -0.0707811 0.035325807 0.99686617
vn -0.07754855 0.4425261 -0.89339626
vn -0.07909624 0.98859805 0.12813134
vn -0.079985484 0.5242489 -0.8478003
vn -0.079985544 0.52425015 0.8477996
vn -0.08198474 -0.3181534 0.94448775
vn -0.08289872 0.2846735 0.9550334
vn -0.083312914 0.38243428 -0.92021906
vn -0.08383696 -0.20396185 0.9753825
vn -0.08645235 -0.025229916 0.99593645
vn -0.09224747 -0.1988156 0.9756859
vn -0.09254293 -0.19787487 -0.975849
vn -0.099761054 0.01976735 -0.9948151
vn -0.10876255 0.41695288 -0.9023974
vn -0.10876261 0.41695252 -0.9023975
vn -0.109978065 0.35556242 -0.9281596
vn -0.11301325 0.4851262 0.8671105
vn -0.116944954 0.039526038 0.99235153
vn -0.116947934 0.03951259 -0.9923517
vn -0.11924927 0.34399945 0.9313667
vn -0.12357043 0.06151992 -0.990427
vn -0.1265442 0.33378315 -0.9341174
vn -0.12654433 0.333783 -0.93411744
vn -0.12673149 0.8098353 -0.5728052
vn -0.13043723 -0.26553833 0.95523584
vn -0.13687488 0.3171487 -0.9384466
vn -0.13695821 0.22899936 -0.9637436
vn -0.14049742 0.31056094 -0.94011295
vn -0.1459535 -0.25044098 0.95706683
vn -0.14595589 0.25044826 0.95706457
vn -0.14683864 -0.8892273 -0.4332588
vn -0.14846572 0.089145206 -0.9848914
vn -0.14847502 0.08913897 0.98489046
vn -0.14847502 0.089138955 0.9848906
vn -0.1484991 0.29389438 0.94423205
vn -0.15300593 -0.75452244 -0.63818896
vn -0.1542742 -0.3620207 -0.9193152
vn -0.15474996 -0.023651583 -0.9876705
vn -0.15474996 -0.023650985 0.9876705
vn -0.15718743 0.10745316 -0.9817056
vn -0.15847084 0.9787609 0.13005367
vn -0.1587393 0.9412748 0.2979993
vn -0.15911016 0.05488528 -0.985734
vn -0.16015181 0.11427469 -0.98045534
vn -0.16137823 -0.81884927 -0.55085653
vn -0.16332898 0.96093035 0.22346495
vn -0.16626951 0.50271505 0.8483113
vn -0.16698954 0.13106455 0.97720855
vn -0.169085 -0.8229919 -0.5423049
vn -0.18311569 0.97309554 -0.13983484
vn -0.18513319 -0.9300264 -0.31745312
vn -0.18824372 -0.4225492 0.88657564
vn -0.19632062 -0.50909114 -0.83802414
vn -0.19879541 -0.8517647 -0.4847445
vn -0.2007105 0.8586401 0.4716487
vn -0.20071086 0.8586397 -0.47164923
vn -0.20328078 0.5353782 -0.8197848
vn -0.20443282 0.4890959 0.8479342
vn -0.20443377 0.4890716 -0.8479479
vn -0.20615551 -0.90283287 0.37734944
vn -0.20945868 -0.4939584 -0.8438793
vn -0.2118592 0.9751322 0.06505929
vn -0.21915385 0.03082176 -0.9752034
vn -0.22098216 0.9628262 0.15534665
vn -0.22661814 0.17665046 0.9578303
vn -0.2519545 0.08671074 -0.96384656
vn -0.2608394 0.0016109382 0.9653809
vn -0.26186746 -0.3745052 -0.8894781
vn -0.27566403 -0.01230272 0.9611753
vn -0.2808382 -0.8273426 -0.48645037
vn -0.28085202 0.8273526 0.4864256
vn -0.28108805 -0.35460824 -0.8917637
vn -0.2873668 -0.025114061 0.95749134
vn -0.28925794 0.54597396 -0.7862838
vn -0.29344863 -0.8219315 -0.48817673
vn -0.29380006 -0.33861646 -0.8938794
vn -0.29525918 0.8207064 0.48914507
vn -0.2959835 0.18496637 -0.9371133
vn -0.29658717 -0.03662787 -0.95430315
vn -0.29659146 -0.03663283 0.95430166
vn -0.2983281 0.7951905 0.52789426
vn -0.29849094 -0.33194476 0.8948273
vn -0.2994911 -0.31037834 -0.9022031
vn -0.30197424 0.11681459 -0.94613206
vn -0.30235976 -0.32605305 -0.89569414
vn -0.30388874 -0.046823207 0.9515562
vn -0.3070261 -0.85828567 -0.4111941
vn -0.31289786 -0.24688205 0.9171391
vn -0.3147244 -0.30383837 0.899239
vn -0.3155133 -0.30172908 -0.89967275
vn -0.31740373 0.44884586 -0.8353396
vn -0.3400113 -0.25208032 0.9060065
vn -0.34218425 -0.4531324 0.8231531
vn -0.35078377 1.5256812E-07 0.93645644
vn -0.35143465 -1.5252836E-07 -0.9362124
vn -0.35413688 0.11055659 -0.9286357
vn -0.3541376 0.10997762 0.92870414
vn -0.3612904 -0.2570824 0.89631355
vn -0.36579078 -0.7620762 0.5342631
vn -0.3657922 -0.76207584 -0.5342625
vn -0.36583203 0.40133992 0.8396983
vn -0.37093776 -0.6338869 -0.67866975
vn -0.37637872 -0.040619656 -0.9255751
vn -0.37707275 0.18589674 -0.907336
vn -0.3770792 0.1858864 0.9073354
vn -0.3779046 -0.39181343 0.8388506
vn -0.3788852 0.5820318 -0.71950334
vn -0.3788852 0.582032 0.71950316
vn -0.37891835 0.5823665 -0.7192149
vn -0.37891835 0.5823667 0.71921474
vn -0.38130254 0.36406186 0.84974545
vn -0.38188905 0.36388305 -0.84955865
vn -0.38198394 0.07024869 0.92149514
vn -0.38461512 -0.8157259 -0.43204436
vn -0.387711 -0.8958021 -0.21729913
vn -0.38806957 -0.8706483 0.30228043
vn -0.3901276 0.6891726 -0.61060756
vn -0.39125794 0.92028105 -1.5923206E-07
vn -0.39172024 -0.89926565 0.1946189
vn -0.39336008 0.9077926 -0.14553453
vn -0.39880532 0.4631844 -0.7914635
vn -0.4002022 0.89123756 0.2133869
vn -0.40426272 -0.89125496 0.20551468
vn -0.40584058 0.30842638 -0.8603294
vn -0.40829796 0.8437328 -0.34843618
vn -0.41272277 0.8901867 -0.19294424
vn -0.41517204 0.88428354 0.21371692
vn -0.41583914 -0.9036869 0.10211649
vn -0.41808695 0.89262503 -0.16859373
vn -0.42109913 0.9027861 -0.087480426
vn -0.42143935 0.903263 0.080652215
vn -0.42687482 0.90402204 0.022845505
vn -0.42687505 0.904022 -0.022845766
vn -0.43361992 0.891328 0.13231808
vn -0.44689244 0.818328 -0.36142263
vn -0.4485647 -0.8677712 -0.21392246
vn -0.45238227 0.7621641 -0.46309412
vn -0.46202654 -0.6643167 -0.58754975
vn -0.4624464 -0.83277446 -0.30435196
vn -0.46311086 0.6414491 0.6116137
vn -0.46692938 -0.8741315 0.133683
vn -0.46827692 0.017304162 -0.8834123
vn -0.46857733 0.5790477 -0.66718745
vn -0.46875328 0.57703614 -0.6688047
vn -0.47013062 -0.30248678 -0.8291436
vn -0.47699803 -0.78079224 -0.40352994
vn -0.48395318 0.42531487 0.7647853
vn -0.48417968 0.8252663 0.29069853
vn -0.48771542 0.61243993 -0.6221343
vn -0.48919505 0.20721295 0.8472019
vn -0.48947805 -0.68937576 0.53401536
vn -0.48947877 -0.6893759 -0.5340144
vn -0.49147958 -0.7738607 0.3994841
vn -0.49171704 0.24461594 -0.8356898
vn -0.49601692 0.50601125 -0.7056343
vn -0.49717897 -0.58219224 -0.64332366
vn -0.49768752 -0.8219649 -0.2769132
vn -0.49823207 -0.8219228 -0.27605778
vn -0.49939078 0.15455611 -0.85247946
vn -0.4999928 1.4109412E-07 0.86602956
vn -0.5001067 -1.4108342E-07 -0.8659638
vn -0.50010717 -1.4108336E-07 -0.8659635
vn -0.5031322 0.5592664 0.65884674
vn -0.5031322 0.5592614 -0.658851
vn -0.5050782 -0.28675032 0.8140456
vn -0.507727 -0.2551195 -0.82287747
vn -0.5221132 -0.23465247 -0.81996095
vn -0.5235909 -0.37747875 0.76378155
vn -0.52435005 -0.08172869 -0.84757155
vn -0.5292505 -0.55752796 0.6395753
vn -0.53084075 -0.36028793 -0.76707286
vn -0.53165424 -0.3412214 0.7751849
vn -0.53650415 0.034441642 0.8431946
vn -0.538864 0.5069682 0.67276204
vn -0.57573545 -0.14163753 -0.8052748
vn -0.5799793 0.4293484 -0.69230336
vn -0.60544765 -0.39585423 -0.69045824
vn -0.607304 -0.068128414 -0.79154307
vn -0.6159195 -0.5599903 0.5541246
vn -0.6159204 -0.55999595 -0.5541178
vn -0.62770355 0.76136446 0.16221085
vn -0.63077533 -0.15677705 0.7599628
vn -0.6461009 -0.51875967 -0.55985904
vn -0.65570486 -0.5508148 0.51638573
vn -0.65948045 -0.05145945 0.7499584
vn -0.6721629 0.49892604 0.54705566
vn -0.67912996 -0.0860919 -0.7289518
vn -0.6811904 0.20718417 0.70217824
vn -0.6833314 -0.31634805 0.6580138
vn -0.6864904 -0.30474475 0.6601981
vn -0.69435966 0.5489344 -0.46533406
vn -0.6943606 0.5489356 0.46533123
vn -0.6985072 -0.3173096 -0.64140654
vn -0.69895923 -0.42566967 0.5746836
vn -0.7095393 -0.29843748 -0.6383487
vn -0.7098125 0.4539293 -0.53862274
vn -0.71429336 -0.14768775 -0.68408567
vn -0.71429384 -0.14768636 -0.68408555
vn -0.7142943 -0.14768687 -0.68408495
vn -0.7168654 0.13443573 -0.68412787
vn -0.71919954 -0.6650269 -0.20122443
vn -0.7277812 -0.26467267 -0.63267916
vn -0.73549116 -0.24928345 0.63000834
vn -0.7511667 0.4367027 0.49501446
vn -0.7515644 0.4365568 0.4945394
vn -0.7532381 0.43196455 -0.49602324
vn -0.7538985 -0.6268797 -0.19661884
vn -0.75540817 -0.20583421 0.6220859
vn -0.7589563 0.18982679 -0.6228572
vn -0.77219045 0.046056446 -0.6337198
vn -0.7730707 -0.5399015 -0.33296868
vn -0.7784165 0.16861427 0.6046792
vn -0.78523576 -0.52019346 0.3358623
vn -0.80114496 0.3264265 0.50160986
vn -0.81083715 -0.16668688 0.5610335
vn -0.81323564 0.30409577 -0.49615878
vn -0.8193077 -0.45729372 0.3458575
vn -0.8595942 -0.11987822 -0.49671623
vn -0.8604859 0.07053964 0.50456727
vn -0.86098945 -0.07111262 -0.5036271
vn -0.8628062 -0.3150704 -0.39534295
vn -0.8628062 -0.3150703 0.3953431
vn -0.86619556 0.052113455 -0.49698037
vn -0.8751539 -0.28868586 0.3882863
vn -0.8751539 -0.2886858 -0.38828623
vn -0.875265 0.036763225 -0.4822443
vn -0.8780149 0.26996607 -0.39523178
vn -0.88021123 -0.0373494 0.47311002
vn -0.8811339 0.43644565 -0.18198435
vn -0.8813981 -0.42512494 -0.2059275
vn -0.8853167 0.35636955 0.2986889
vn -0.885558 0.46441066 0.010470287
vn -0.88699853 -0.4539575 0.08459415
vn -0.8874992 0.2066282 0.4118858
vn -0.8880824 0.45402002 0.07194093
vn -0.88825643 0.4593478 -3.142149E-08
vn -0.88914096 -0.44796646 -0.093564704
vn -0.89136446 0.45163676 0.038648076
vn -0.89189994 0.39529955 0.21966523
vn -0.89412105 -0.009904576 0.447716
vn -0.8961891 -0.43313095 0.09613938
vn -0.90061176 0.43220437 -0.045801986
vn -0.9027957 -0.4185276 -0.09896781
vn -0.90421283 0.4168793 -0.09279418
vn -0.907585 0.3645823 0.20825298
vn -0.90817106 0.36268842 0.20900327
vn -0.9098042 0.3336028 -0.24691206
vn -0.91008985 0.3976219 0.11676149
vn -0.91216314 0.40981597 -0.0030585458
vn -0.91371095 0.38922384 0.116778195
vn -0.91460836 -0.08352531 -0.39562005
vn -0.91693723 -0.39329728 -0.06740541
vn -0.91723716 0.39829835 0.005870597
vn -0.9189738 -0.36224526 -0.15577362
vn -0.92081773 0.38991314 0.007901947
vn -0.921986 -0.3719568 0.10765628
vn -0.92326105 0.38406065 0.009298367
vn -0.92515075 -0.34745488 0.15287605
vn -0.92564714 0.22183207 -0.30654195
vn -0.92564714 0.22183219 0.30654168
vn -0.92819107 0.18578245 -0.32240695
vn -0.92819107 0.1857826 0.3224069
vn -0.9283718 -0.3535061 -0.11471377
vn -0.9342879 0.08241261 -0.34686354
vn -0.937127 -0.13491245 -0.32185644
vn -0.93804204 -0.092943415 0.33382428
vn -0.9388865 -0.05150704 0.34035134
vn -0.94085205 0.015566612 0.33846
vn -0.94436157 -0.03817962 -0.3266855
vn -0.95024955 -0.009468557 0.31134558
vn -0.9505166 -0.0985618 0.29462484
vn -0.95201576 -0.038188644 -0.30365717
vn -0.95201576 -0.038188636 0.3036572
vn -0.957981 0.08795962 -0.27301204
vn -0.9587892 0.109231934 0.26228157
vn -0.95967376 0.10962271 0.25886104
vn -0.9596752 0.14569438 0.24040945
vn -0.96059024 0.20006838 0.19297427
vn -0.96475685 0.15386377 0.21347193
vn -0.96547353 -0.18900369 0.17927203
vn -0.9659275 4.2165993E-08 0.25881302
vn -0.9679822 0.2379827 -0.079842016
vn -0.9710039 0.2030385 -0.12620167
vn -0.9710039 0.20303829 0.12620173
vn -0.9741963 0.21413545 0.071325704
vn -0.9770478 0.21230282 -0.017463794
vn -0.97710264 -0.21258248 -0.008887848
vn -0.97710264 -0.21258254 0.008887911
vn -0.979874 -0.19807236 -0.024782674
vn -0.979874 -0.19807239 0.024782881
vn -0.98986804 -0.049206354 0.13319191
vn -0.98986804 -0.049206033 -0.13319167
vn -0.9911512 0.06654028 -0.114855506
vn -0.9923557 -0.019433564 0.12187054
vn -0.99996746 -0.007923438 -0.0015246427
vn -0.99996746 -0.007923433 0.0015248316
vn -0.99996746 -0.007925986 0.0015019716
vn -0.99996746 -0.007927717 0.0014790371
vn -0.99996746 -0.007927571 -0.00147891
vn -0.9999689 -0.007894481 1.363334E-07
vn -0.9999689 -0.007890034 -5.9289405E-08
vn 2.2242274E-08 -0.8273665 -0.5616626
vn 5.0293096E-07 1 -1.6292068E-07
vn 0.0031167546 0.99928427 0.03769961
vn 0.007844857 0.9800214 0.19873717
vn 0.007998354 -0.9885028 0.15099105
vn 0.008006862 -0.9874423 -0.15777698
vn 0.008021272 -0.974378 -0.22477373
vn 0.008022538 -0.9743778 0.22477412
vn 0.008031405 -0.9785412 0.20589472
vn 0.008036292 -0.9851769 0.1713531
vn 0.011983595 0.041346207 -0.99907297
vn 0.015916495 -0.9829167 -0.18336181
vn 0.02709633 0.980387 -0.19521035
vn 0.027691169 0.984847 0.17120035
vn 0.028003378 -0.8364847 0.5472745
vn 0.033570405 0.9852137 -0.16800934
vn 0.035143074 0.83474225 0.5495183
vn 0.037384804 0.9610155 0.2739554
vn 0.041556623 -0.41169372 -0.9103743
vn 0.04156017 -0.41169173 -0.91037506
vn 0.043807175 0.8622024 -0.5046662
vn 0.04622477 -0.99893105 1.1219037E-06
vn 0.04972061 -0.6771275 0.734184
vn 0.05025932 0.5079508 -0.8599186
vn 0.055376615 -0.9856191 0.15965089
vn 0.057234492 0.98565996 0.1587408
vn 0.06464898 -0.39707088 0.91550815
vn 0.06466573 -0.39706898 -0.9155078
vn 0.066904776 -0.6336054 -0.770758
vn 0.0696938 -0.9398814 0.33431393
vn 0.07362687 0.52456087 0.84818333
vn 0.07362687 0.52456087 0.8481834
vn 0.07412272 -0.12592609 0.98926663
vn 0.07516586 -0.49450988 -0.8659157
vn 0.07516586 -0.4945099 -0.8659157
vn 0.07602542 0.13571762 -0.98782635
vn 0.079730205 0.3873034 -0.9184983
vn 0.079730265 0.38730362 0.91849816
vn 0.08318596 -0.27335867 0.95830846
vn 0.08336722 -0.38237727 0.9202378
vn 0.08760493 0.9935575 -0.07189506
vn 0.08833348 -0.008572557 -0.99605405
vn 0.09824716 -0.36840346 -0.92446005
vn 0.09972822 -0.019758789 -0.99481857
vn 0.10911899 -0.030064385 0.9935739
vn 0.10925656 0.82275474 0.5577973
vn 0.110010736 -0.3555543 0.9281588
vn 0.110398285 -0.98613656 0.12388268
vn 0.1133756 -0.45925593 -0.8810391
vn 0.12578772 -0.8159197 0.56431586
vn 0.12910043 -0.056167394 0.9900395
vn 0.12924717 0.52327347 -0.84230644
vn 0.13053118 1.6152677E-07 0.99144423
vn 0.13234971 -0.32485998 0.93645585
vn 0.13462816 -0.9736602 -0.18401413
vn 0.1405109 -0.31055808 0.94011194
vn 0.14433311 0.43096396 -0.89075136
vn 0.14433633 -0.98277056 0.11545131
vn 0.14532815 -0.08311338 0.98588634
vn 0.14725254 -0.29672143 -0.94354284
vn 0.1514666 -0.09508466 -0.98387843
vn 0.1591637 -0.054855175 0.9857271
vn 0.16015421 -0.54903424 0.8203122
vn 0.16337548 -0.12194328 0.97899866
vn 0.16379224 -1.607204E-07 -0.98649484
vn 0.16431426 -0.067558385 -0.9840919
vn 0.16514729 0.7806736 0.602723
vn 0.16763829 -0.97159046 -0.1670609
vn 0.16842507 0.8231042 -0.54233974
vn 0.16842686 0.82310134 0.54234356
vn 0.17265211 0.93764645 0.3016794
vn 0.18065749 -0.5271863 0.83032364
vn 0.18177293 -0.84717494 -0.49925265
vn 0.18182395 -0.052836087 0.9819106
vn 0.18286322 0.48507416 0.8551398
vn 0.18339871 0.93331945 -0.30867413
vn 0.18813632 0.4225949 -0.8865767
vn 0.1909102 0.96282613 0.19109997
vn 0.19176386 -0.91541964 -0.35388342
vn 0.19711886 0.9248061 0.32538864
vn 0.19747971 0.9751324 0.100591
vn 0.20683037 0.9783567 0.0062683383
vn 0.21126865 -0.040619086 -0.97658366
vn 0.21241783 0.41056785 -0.8867427
vn 0.21242426 0.41056538 0.8867424
vn 0.22469972 -0.8440017 0.4870023
vn 0.22741018 0.9617402 0.15277532
vn 0.2390847 0.9391787 0.24653968
vn 0.23989688 -0.73530644 -0.6338564
vn 0.2422726 -0.016171154 -0.9700734
vn 0.24510644 -0.6436145 -0.72504014
vn 0.25193092 -0.5665407 0.7845779
vn 0.25556895 0.8449206 -0.469887
vn 0.2606561 -0.9199393 -0.29286546
vn 0.2606847 -0.75452185 -0.60227925
vn 0.26189873 -0.4980838 -0.82663274
vn 0.2622201 -0.49624366 0.82763684
vn 0.27247307 0.3640819 0.89061934
vn 0.27271625 -0.61927485 0.73629105
vn 0.27445957 -0.43287557 0.8586563
vn 0.280843 0.82735425 -0.48642805
vn 0.28236768 -0.4824336 0.8291721
vn 0.28236815 -0.48243394 -0.82917166
vn 0.28345796 0.9118785 0.2968657
vn 0.28700897 -0.40468606 -0.86824834
vn 0.28739688 0.025143746 0.9574815
vn 0.2880809 0.3461531 -0.89285344
vn 0.28973457 -0.01678741 -0.95695984
vn 0.29020426 0.68045974 0.6728715
vn 0.29047534 -0.33315688 0.89701205
vn 0.29379126 0.33862606 0.8938787
vn 0.29750964 -0.5326764 0.7923029
vn 0.29791042 0.65866244 0.690951
vn 0.29847977 0.3319451 -0.8948308
vn 0.30552313 0.32086638 0.8964934
vn 0.3079948 0.5100408 0.80311745
vn 0.30814502 0.31634858 0.89720136
vn 0.31029817 0.31242746 -0.897833
vn 0.31029817 0.3124275 -0.89783305
vn 0.31444475 0.30415675 0.8992292
vn 0.31471393 0.30386323 -0.8992344
vn 0.3179154 0.07018486 0.9455177
vn 0.3179154 0.070184834 0.94551784
vn 0.3190827 -0.7682207 0.5549982
vn 0.32138535 -0.024520423 -0.946631
vn 0.3249254 0.08458925 0.94194907
vn 0.3249254 0.08458926 0.9419491
vn 0.32629916 0.08772507 0.9411871
vn 0.33141038 0.65926343 0.67493623
vn 0.3350539 0.20690341 -0.91920066
vn 0.34222385 0.45263314 0.8234113
vn 0.3436992 0.5153086 0.78506553
vn 0.34557578 -0.5013981 -0.793207
vn 0.35694262 0.70350134 -0.614555
vn 0.35735914 0.14166835 -0.92316
vn 0.36019465 -0.9164429 0.1743341
vn 0.36226866 0.8451328 -0.39308006
vn 0.36900422 -0.4768785 0.79776114
vn 0.3774254 0.024651464 -0.9257118
vn 0.3776264 0.39206222 -0.8388597
vn 0.37846324 0.8204031 0.42860752
vn 0.38268253 1.5051914E-07 0.9238799
vn 0.38625094 0.8964221 -0.2173424
vn 0.3864517 -0.91559166 -0.11111711
vn 0.39014313 -0.68937564 0.6103683
vn 0.3903782 -0.34581336 0.85323966
vn 0.39091942 -0.90992033 0.13866124
vn 0.39104244 -0.90955853 0.14067411
vn 0.39160296 0.86353636 -0.31772947
vn 0.3917255 0.8992697 -0.19458942
vn 0.394896 -0.84954125 -0.34976673
vn 0.39578125 0.91145223 0.11230327
vn 0.39867994 -0.9036281 0.1565584
vn 0.39881465 -0.46321055 0.7914435
vn 0.39897057 -0.46512768 -0.79023963
vn 0.39926216 -0.9124936 -0.08913496
vn 0.39926407 -0.91249275 0.08913514
vn 0.40291473 0.8449539 -0.3517282
vn 0.40433666 0.8913272 -0.20505531
vn 0.40491578 0.8922379 -0.19988677
vn 0.4104676 -0.6003314 -0.68638074
vn 0.41084668 -0.8909776 0.19329728
vn 0.41529438 -0.77386093 -0.4781942
vn 0.42450234 0.10137515 0.8997338
vn 0.42721602 -0.9036864 -0.02893658
vn 0.42892572 -0.8051383 -0.4096034
vn 0.42987224 0.9027871 0.01361238
vn 0.43407246 0.80203664 -0.4102661
vn 0.4340839 0.8020365 0.41025433
vn 0.44274756 -0.89661 0.008064936
vn 0.44518825 0.3299132 0.832445
vn 0.44596216 -0.62564486 -0.6400674
vn 0.44689462 -0.81820637 0.36169535
vn 0.44831583 -0.832681 -0.32504648
vn 0.4520044 0.8594929 0.2386712
vn 0.45426318 -0.8122523 0.36591157
vn 0.45603725 -0.3310252 -0.8261068
vn 0.4629118 0.8353411 -0.29650953
vn 0.4641585 0.8746193 -0.13999285
vn 0.4671454 0.057215314 0.8823274
vn 0.47744772 0.77834386 -0.40770656
vn 0.47885606 0.14300515 0.86616766
vn 0.48192093 -0.63849425 -0.60006446
vn 0.4869921 0.6912377 0.53388125
vn 0.48801586 -0.60952485 0.6247559
vn 0.48961684 0.6880419 -0.5356059
vn 0.4961681 -0.5037914 0.7071148
vn 0.49664375 0.554293 -0.66791046
vn 0.49757048 -0.1671286 0.8511707
vn 0.5028886 -0.39976442 0.76634943
vn 0.5032081 0.37907258 0.7765858
vn 0.5032281 -0.55912024 -0.6588976
vn 0.504456 -0.08431649 -0.8593107
vn 0.50492567 0.4179313 -0.75523734
vn 0.50626034 0.51501065 0.69171137
vn 0.5127081 -0.095807925 0.85320055
vn 0.5202579 -0.20545258 0.82892764
vn 0.5257248 0.08168157 -0.846724
vn 0.52804226 0.37260088 -0.763112
vn 0.5292191 0.4631833 -0.7109067
vn 0.5308966 0.79283315 -0.29927298
vn 0.5343208 0.21601066 -0.81721526
vn 0.535376 -0.38496187 0.75178254
vn 0.5353846 -0.38496637 -0.751774
vn 0.54183763 0.6402268 0.5445379
vn 0.54196113 -0.020076154 0.8401637
vn 0.5589332 -0.59014225 0.5825168
vn 0.55907243 -0.39584744 -0.7285211
vn 0.56910175 -0.45239964 -0.68662786
vn 0.57942003 0.3650362 0.7287119
vn 0.57942194 0.36503518 -0.7287109
vn 0.5863685 0.7512503 0.30297664
vn 0.58741754 -0.4120862 0.6965096
vn 0.58899444 0.16875815 0.7903204
vn 0.591237 -0.004759655 0.8064838
vn 0.59346 -0.79794663 0.1052917
vn 0.60032123 0.2806885 -0.7488848
vn 0.60912985 0.4444131 0.65685445
vn 0.60976976 0.08468345 0.78804165
vn 0.61783546 -0.65079474 0.44129995
vn 0.6323518 0.53833014 -0.5570742
vn 0.6455321 -0.7454395 0.16615753
vn 0.64774173 0.5146092 -0.56178993
vn 0.66595167 0.14320283 0.7321211
vn 0.66974634 -0.5202393 0.52989715
vn 0.68894047 0.4462533 0.5711559
vn 0.6989636 0.42568302 0.57466847
vn 0.7066602 0.4083666 -0.5778131
vn 0.7071013 -1.1520321E-07 -0.70711225
vn 0.70821136 -0.5227409 0.47452998
vn 0.7098469 0.4007103 0.57926553
vn 0.7142934 0.14768954 0.68408537
vn 0.7142934 0.1476865 0.6840859
vn 0.7142934 0.14768662 0.684086
vn 0.7142934 0.14768761 -0.6840856
vn 0.7142939 0.14768672 0.68408537
vn 0.7142939 0.14768709 0.6840854
vn 0.7142939 0.14768596 -0.68408567
vn 0.7142939 0.14767896 -0.6840871
vn 0.7142944 0.14768669 -0.68408495
vn 0.7142944 0.14767465 0.6840876
vn 0.7142953 0.1476871 0.6840839
vn 0.72833866 -0.4409561 0.5244812
vn 0.7284865 0.26522467 -0.6316354
vn 0.73548406 0.2072144 0.6450778
vn 0.73588556 0.3061772 0.6039271
vn 0.74271196 0.5862049 -0.3236399
vn 0.74310106 0.23495793 0.62657446
vn 0.74961036 0.22053675 0.6240575
vn 0.75038236 0.528877 0.39650407
vn 0.75038284 0.5288758 -0.39650467
vn 0.75313324 -0.432123 -0.49604446
vn 0.7537307 0.6270407 -0.19674848
vn 0.75386757 -0.43053973 0.49630556
vn 0.76134676 -0.17651789 0.62385297
vn 0.77355283 -0.37858403 0.50822246
vn 0.78236 0.59240395 0.19227675
vn 0.79750866 -0.32288826 -0.50963044
vn 0.79847664 -0.32922238 -0.5040314
vn 0.81313556 0.47112668 -0.34183353
vn 0.81631607 0.37085575 -0.44282502
vn 0.81633943 0.18589091 0.54684037
vn 0.8221192 0.19495104 -0.5348965
vn 0.826045 0.44457218 0.34641796
vn 0.82978815 -0.26873046 0.489117
vn 0.8308758 0.14459722 -0.5373426
vn 0.8407282 -0.26077312 -0.4745244
vn 0.8539128 0.028812172 0.51961803
vn 0.8539271 -0.51980984 0.024624273
vn 0.8608474 0.2846325 -0.42181277
vn 0.86286634 0.31572735 -0.39468718
vn 0.8644685 8.1898094E-08 0.5026869
vn 0.8686232 0.014697359 0.4952552
vn 0.8697428 -0.17013653 0.46325046
vn 0.8705515 0.18548663 0.45577928
vn 0.8797979 -0.45001164 -0.15311837
vn 0.87992376 0.38922194 -0.2724712
vn 0.881247 0.42273188 0.21142744
vn 0.8831648 0.4169361 -0.21490495
vn 0.8855943 -0.46434218 0.010441734
vn 0.8864221 -0.4429496 -0.1343555
vn 0.8866491 -0.45163184 -0.09940827
vn 0.89471954 -0.3535064 0.27296552
vn 0.89477915 -0.41588733 0.16250518
vn 0.8950328 0.43220562 0.110066384
vn 0.8969349 0.4420204 0.011209337
vn 0.9023103 0.42532995 -0.07021678
vn 0.9028377 0.41875166 -0.09762725
vn 0.90522236 -0.4177691 -0.077726915
vn 0.9054174 -0.42452225 -0.000524572
vn 0.907319 -0.21755701 -0.35977924
vn 0.9075722 0.038420025 0.4181347
vn 0.90816826 0.41860524 -9.079643E-08
vn 0.90845007 0.40557685 0.101122916
vn 0.91104215 -0.40391973 -0.082770504
vn 0.91260237 -0.37420568 0.16470288
vn 0.9128117 -0.39309815 0.110673994
vn 0.91640943 0.39530075 0.06269778
vn 0.9172434 -0.39828345 0.0058997986
vn 0.9180216 -0.31507164 -0.24076182
vn 0.9181146 0.24622615 -0.31054524
vn 0.919547 -0.39291343 0.007231333
vn 0.9210724 -0.38930687 -0.008112093
vn 0.9230103 -0.38466474 -0.009221332
vn 0.92325014 -0.3840849 -0.009374809
vn 0.92351955 0.36237606 0.12567927
vn 0.93120617 0.33184183 0.15078501
vn 0.9316172 -0.117285125 0.34399638
vn 0.94519705 0.20662786 -0.25279936
vn 0.9482059 -0.31032604 0.06784851
vn 0.9487962 -0.04999271 0.31190768
vn 0.9505643 -0.03696018 -0.30832043
vn 0.9511904 -0.0557834 -0.3035213
vn 0.95119184 -0.05578221 0.3035168
vn 0.95194906 -0.02745798 0.30502298
vn 0.95194906 -0.027458154 -0.30502313
vn 0.95202726 -0.0058135265 -0.30595803
vn 0.95202726 -0.0058133113 0.30595797
vn 0.9535484 0.07390429 0.29203358
vn 0.9549698 0.12590079 0.2686664
vn 0.956243 -0.14505821 0.25408167
vn 0.956243 -0.14505823 -0.25408143
vn 0.9588551 0.17229752 -0.22563335
vn 0.9613189 -0.19552398 -0.19400066
vn 0.9625558 -0.07534132 0.26040354
vn 0.96374315 -0.10084504 -0.24704115
vn 0.96426004 0.19657418 -0.17765488
vn 0.968388 0.23868717 0.072477326
vn 0.96850866 -0.21941169 -0.117683604
vn 0.9689092 -0.22888245 0.093956545
vn 0.96905035 -0.22630289 -0.09863237
vn 0.97100633 -0.12020604 0.20663323
vn 0.97177213 -0.22679302 0.0649911
vn 0.97177213 -0.22679289 -0.06499099
vn 0.97352165 0.22571646 -0.03616386
vn 0.97352165 0.22571638 0.036163673
vn 0.97358793 0.22831242 -8.25068E-08
vn 0.97471184 -0.21968968 0.040905748
vn 0.9770493 0.21016489 -0.034718953
vn 0.9779858 -0.2078593 -0.018393802
vn 0.979341 -0.2022157 4.8526967E-08
vn 0.979474 0.20006771 0.024568904
vn 0.98235554 -0.16715208 -0.083891794
vn 0.98955387 -0.009558941 0.1438465
vn 0.9899239 0.10962391 -0.08962897
vn 0.99064296 0.040262956 0.1304053
vn 0.9920034 0.025619833 -0.123583935
vn 0.9920034 0.025619918 0.12358381
vn 0.9999952 5.071638E-10 0.0031129494
vn -6.6633214E-07 -0.82733566 -0.5617079
vn -6.7837203E-07 -0.82736623 0.5616628
vn -6.831737E-07 -0.82736623 0.5616628
vn -0.0012163854 0.99990106 0.01401672
vn -0.0020082404 -0.34320197 -0.9392594
vn -0.002113627 0.072092056 0.99739575
vn -0.004496857 -0.998647 -0.051806968
vn -0.0051459293 0.20081748 -0.97961515
vn -0.007344007 0.99638826 0.0845956
vn -0.007976144 0.99996823 -1.9149938E-07
vn -0.0079924455 0.9884704 0.15120319
vn -0.008036024 0.9725338 0.23262297
vn -0.008036024 0.97253215 0.23262991
vn -0.008414327 -0.9800098 -0.19877134
vn -0.008416808 -0.98001033 0.19876827
vn -0.014440163 0.9969792 0.07631521
vn -0.017293466 0.052029137 0.9984959
vn -0.02007736 0.9499133 0.31186792
vn -0.021040497 -0.98679245 -0.16061755
vn -0.02260436 0.9874278 -0.15644619
vn -0.024171798 0.98391706 0.17698285
vn -0.02737954 0.53602684 -0.84375685
vn -0.029672502 -0.9392906 -0.3418372
vn -0.03694057 -0.028988248 0.99889696
vn -0.036953982 -0.029000519 -0.99889606
vn -0.036956485 -0.028999109 -0.99889606
vn -0.039428737 -0.5440928 0.83809805
vn -0.039435085 -0.5440855 -0.8381026
vn -0.04146051 0.41173083 -0.9103619
vn -0.04275563 -0.98753005 0.15151396
vn -0.050400045 0.8418848 -0.5372987
vn -0.050731923 -0.16719534 -0.98461777
vn -0.05101138 0.85251445 -0.52020854
vn -0.05181354 0.8006271 -0.59691834
vn -0.05196556 -0.16946751 0.9841647
vn -0.053614106 -0.94536215 -0.3215837
vn -0.054022785 -0.44247836 0.89515054
vn -0.054024216 -0.44247857 0.89515036
vn -0.055429693 -0.7675816 0.63854986
vn -0.05758455 -0.01612115 0.99821043
vn -0.06270992 0.988382 0.1384504
vn -0.06271022 0.988382 -0.13845079
vn -0.06460004 0.39711416 -0.91549283
vn -0.065840475 -0.6483551 0.7584858
vn -0.069182806 0.20412078 -0.97649807
vn -0.07080274 -0.83238816 0.54965156
vn -0.07163256 0.56019515 -0.82525766
vn -0.071632676 0.5601946 0.8252579
vn -0.07415103 0.13547105 0.98800266
vn -0.076055996 -0.13356104 0.9881179
vn -0.083307795 0.38242063 0.9202252
vn -0.084367506 -0.2195087 -0.9719557
vn -0.084367506 -0.21950865 -0.9719558
vn -0.084367506 -0.2195086 0.9719559
vn -0.08480852 0.21772939 0.9723176
vn -0.088373 0.18703963 0.9783692
vn -0.08838945 0.008566423 0.99604917
vn -0.09210699 -0.19941947 0.9755758
vn -0.09270667 -0.19749631 0.9759101
vn -0.092899375 0.98876345 0.11711753
vn -0.09289961 0.98876345 -0.11711789
vn -0.09976076 0.019767048 -0.9948151
vn -0.1087709 0.41695476 0.9023955
vn -0.10913276 0.03006446 -0.9935724
vn -0.12654613 0.33378816 0.93411535
vn -0.12660776 -0.44067603 -0.8886929
vn -0.12672924 0.8098384 0.5728015
vn -0.12910591 0.05616007 -0.9900392
vn -0.13003169 -0.5230414 0.8423297
vn -0.13051914 -1.6152703E-07 -0.9914458
vn -0.1309676 -0.84652555 0.51598644
vn -0.13114677 -0.9715905 -0.19700901
vn -0.13156734 -0.33315733 -0.93364674
vn -0.13231383 0.32486156 0.9364604
vn -0.13394187 0.06352703 0.9889509
vn -0.13394187 0.063527 0.98895097
vn -0.13688336 0.31715328 0.93844384
vn -0.13818 0.07041451 -0.98790085
vn -0.13987957 0.3531264 -0.9250597
vn -0.13988481 0.35312638 0.92505896
vn -0.14502858 0.5574332 0.81745636
vn -0.14534007 0.08311208 -0.9858847
vn -0.1459534 -0.25044674 -0.95706534
vn -0.14656793 -0.6877166 -0.71102995
vn -0.14723931 0.29671577 -0.94354665
vn -0.14725195 0.29672065 0.9435432
vn -0.15431617 0.10113909 0.98283136
vn -0.15622114 0.23073861 0.96039295
vn -0.15633188 -0.92020553 -0.3588623
vn -0.15706144 0.28769922 -0.9447545
vn -0.15706156 0.2876993 0.94475436
vn -0.15874074 0.94127375 -0.29800186
vn -0.16015182 0.11427469 -0.9804554
vn -0.1621338 0.74845326 -0.6430632
vn -0.16378473 -1.6072062E-07 -0.9864961
vn -0.16895185 0.13610195 -0.97618216
vn -0.16907679 -0.82299197 0.5423073
vn -0.1783695 0.20907518 0.96149457
vn -0.1826366 0.07184874 0.9805517
vn -0.1826378 0.07185054 -0.9805513
vn -0.18824469 -0.42255095 -0.8865747
vn -0.19134365 0.04417877 0.98052835
vn -0.19135068 0.0441823 -0.9805268
vn -0.19177733 -0.70939124 0.6782224
vn -0.19742869 -0.96044415 -0.1963897
vn -0.2056229 0.9786203 0.004647887
vn -0.2077999 0.96541625 0.1574502
vn -0.20863019 -0.9743203 0.08469681
vn -0.21252273 0.97474176 0.06864875
vn -0.21473633 0.780585 0.5870054
vn -0.22062062 -0.9747869 -0.03342303
vn -0.22270046 0.5118495 0.82970756
vn -0.23087512 0.8247503 -0.51622057
vn -0.23247479 -0.39806956 -0.88740975
vn -0.23478745 -0.95717734 -0.16937074
vn -0.24411987 0.7473888 -0.6179123
vn -0.24873255 -0.38591185 0.88837165
vn -0.24970292 0.87589747 -0.41285837
vn -0.25081012 0.08673935 -0.9641424
vn -0.2588186 -1.573693E-07 -0.9659259
vn -0.2588186 1.573693E-07 0.9659259
vn -0.2613983 0.9610152 0.090114765
vn -0.26187417 -0.37450376 0.88947666
vn -0.26880214 0.48557362 -0.8318435
vn -0.26880404 0.4855742 0.8318426
vn -0.2724826 -0.3640517 0.89062876
vn -0.27248284 -0.36405146 0.89062876
vn -0.27359316 0.94810534 -0.16199692
vn -0.27376887 0.9481889 -0.1612093
vn -0.27566335 -0.012321079 -0.9611753
vn -0.27566406 -0.0123218745 -0.9611751
vn -0.27571794 -0.9368561 -0.21512857
vn -0.28068182 0.9248051 0.2568137
vn -0.2926204 -0.5174989 -0.8040946
vn -0.29566762 0.43096313 0.8525559
vn -0.29658696 -0.036627617 -0.9543032
vn -0.2977998 0.95462835 7.549589E-07
vn -0.30313632 0.8016989 0.51515734
vn -0.30334017 0.8849234 0.3534053
vn -0.31138822 -0.5186343 -0.79627615
vn -0.3120353 -0.30909848 -0.8983831
vn -0.31273767 -0.12516488 0.94155663
vn -0.31274506 -0.12516305 -0.9415544
vn -0.3155236 -0.30174106 0.89966506
vn -0.3155236 -0.3017411 0.89966506
vn -0.32831666 -0.09253029 -0.9400247
vn -0.33235475 -0.42585263 -0.84154016
vn -0.3384132 -0.7730648 0.53651416
vn -0.34042594 -0.314195 0.88622326
vn -0.3421845 -0.45313266 -0.82315284
vn -0.34237334 0.079071 -0.93623084
vn -0.34237334 0.0790713 0.93623084
vn -0.34380242 -0.51872444 0.7827674
vn -0.34760615 0.9302837 -0.11722701
vn -0.3508236 -1.5256569E-07 -0.93644154
vn -0.35394475 0.7041474 -0.6155482
vn -0.35483524 0.19805281 0.9137106
vn -0.35803077 -0.09580672 -0.9287815
vn -0.3612561 -0.25474727 -0.89699376
vn -0.3619108 0.37969255 -0.8513837
vn -0.36728975 -0.2636099 0.8919686
vn -0.37321255 -0.6122378 -0.697049
vn -0.37978503 0.36699936 -0.8491612
vn -0.37978575 0.36699453 0.849163
vn -0.38196942 0.36308208 0.8498651
vn -0.3827326 -1.5051576E-07 -0.9238591
vn -0.38273403 -1.5051567E-07 -0.92385864
vn -0.38990638 0.05761599 0.91905034
vn -0.39154407 -0.86342406 0.31810722
vn -0.39158317 -0.8986415 -0.19775246
vn -0.40057847 -0.91495764 -0.04888101
vn -0.4127569 0.8902057 -0.19278389
vn -0.4127874 -0.5255914 -0.7438819
vn -0.41969082 -0.90362924 -0.08552044
vn -0.4289076 -0.8051574 0.409585
vn -0.43405363 0.80205846 0.4102435
vn -0.44019815 0.86514163 0.24032393
vn -0.4442446 -0.8743044 -0.19554698
vn -0.44424626 -0.87430346 0.19554709
vn -0.4468932 0.81832784 0.36142215
vn -0.45222446 0.7638887 0.46039888
vn -0.4524555 -0.8688212 0.20108107
vn -0.4524555 -0.86882144 -0.20108077
vn -0.45514295 -0.31695366 -0.8320969
vn -0.45744082 0.7041337 -0.5430872
vn -0.46146652 -0.8461535 0.26659498
vn -0.46202704 -0.6643158 0.58755046
vn -0.4624469 -0.83277214 0.30435732
vn -0.46692988 -0.8741312 -0.13368262
vn -0.46861836 0.7911923 0.39295223
vn -0.4686241 0.7911899 -0.39295045
vn -0.4731283 0.7256019 -0.49965137
vn -0.4891939 0.20721674 -0.84720165
vn -0.49063966 -0.27765095 0.8259435
vn -0.49171707 0.24461618 0.83568966
vn -0.5009827 0.820626 -0.2749349
vn -0.51270527 0.095921256 -0.85318947
vn -0.5152444 0.022213276 -0.8567554
vn -0.52061075 -0.38365772 0.76273924
vn -0.5225968 -0.6003315 0.60538805
vn -0.52259725 -0.60033137 -0.6053877
vn -0.52308506 0.53136134 -0.66636103
vn -0.52434915 -0.0817278 0.84757215
vn -0.52973264 -0.3633652 0.76638705
vn -0.5311107 0.7418951 0.4092837
vn -0.53161424 -0.34581104 -0.7731759
vn -0.5405926 0.023939181 0.8409438
vn -0.54159015 0.020976247 -0.84038085
vn -0.54202837 -0.6400518 0.5445539
vn -0.5612578 0.46774173 -0.68279374
vn -0.57560295 0.34717584 -0.7403716
vn -0.5762629 -0.8051395 -0.14025523
vn -0.58275455 -0.15090682 -0.7985138
vn -0.5837435 0.18307002 0.7910302
vn -0.5880622 0.60765004 0.53380173
vn -0.5880622 0.607641 -0.5338121
vn -0.5960116 -0.584096 -0.5510009
vn -0.59604543 0.60779 0.52471054
vn -0.6076779 0.3121275 0.73027664
vn -0.61952585 -0.21676801 0.75445306
vn -0.6287741 0.7601861 -0.16358556
vn -0.6310534 0.18884754 0.75240153
vn -0.6310534 0.1888474 -0.7524017
vn -0.63716835 -0.19521287 -0.74559253
vn -0.65570587 -0.5508133 -0.516386
vn -0.6857771 -0.33785406 -0.6446429
vn -0.6881351 -0.13973834 -0.71199954
vn -0.6881351 -0.1397392 0.71199936
vn -0.6969151 -0.23876874 0.67623866
vn -0.71268266 -0.3935993 -0.5806575
vn -0.7142882 -0.14768642 0.68409145
vn -0.714292 -0.1476853 -0.6840878
vn -0.71429294 -0.14768618 -0.68408656
vn -0.71429294 -0.14768602 0.68408656
vn -0.71429294 -0.14768547 0.6840867
vn -0.7142934 -0.14768665 0.6840859
vn -0.7142934 -0.14768785 0.6840857
vn -0.7142939 -0.1476862 0.68408555
vn -0.7142939 -0.14768584 -0.6840856
vn -0.7142939 -0.14768742 0.6840852
vn -0.7142939 -0.14768717 -0.68408525
vn -0.7142944 -0.1476867 0.6840849
vn -0.7142944 -0.14768687 -0.684085
vn -0.7142958 -0.14768165 0.6840845
vn -0.71827215 0.1310836 0.6833025
vn -0.71927875 -0.0058939126 -0.69469666
vn -0.7224907 -0.19008337 -0.6647371
vn -0.72692007 -0.24641342 -0.64098954
vn -0.73655504 -0.3029467 -0.6047396
vn -0.7385573 0.46633118 0.48689666
vn -0.7443041 0.45362175 0.49014157
vn -0.74430794 0.4536198 -0.49013752
vn -0.74858993 0.07506583 0.6587703
vn -0.7539119 0.43054146 0.4962367
vn -0.7680277 -0.17510766 -0.6160119
vn -0.77130073 -0.16672544 -0.6142459
vn -0.7730679 -0.53990245 0.3329734
vn -0.7762689 0.18466355 -0.60274863
vn -0.78143877 -0.30474615 0.5445028
vn -0.81113523 0.13582423 -0.5688686
vn -0.8315272 0.55446 -0.03371435
vn -0.8356814 -0.42133328 0.35229948
vn -0.840157 -0.4105029 0.35443404
vn -0.84015745 -0.4105028 -0.35443336
vn -0.84285396 -0.50712425 0.18006183
vn -0.8455233 0.23418187 -0.4798429
vn -0.8462543 0.23222142 0.47950688
vn -0.8492245 -0.18918814 0.49297625
vn -0.86049026 0.07053762 -0.50456005
vn -0.86073583 -0.28283983 0.42324397
vn -0.86098903 -0.071112484 0.5036278
vn -0.8644313 8.190853E-08 0.502751
vn -0.8644685 -8.1898094E-08 -0.5026869
vn -0.86978 -0.12031543 -0.4785467
vn -0.8722629 -0.23795508 0.4272409
vn -0.8722629 -0.23795548 -0.42724076
vn -0.8811335 0.43644542 0.18198644
vn -0.8828978 -0.44330466 0.15483034
vn -0.8829507 0.4321358 -0.1834576
vn -0.884067 -0.1590154 -0.4394766
vn -0.884716 -0.45165655 -0.11525643
vn -0.8853168 0.35636955 -0.29868853
vn -0.88805145 0.3623747 -0.28292957
vn -0.8896722 -0.4249717 0.16698065
vn -0.8899073 0.40972605 -0.20047309
vn -0.8905162 -0.45163232 -0.0548557
vn -0.89507526 0.3398301 -0.28871396
vn -0.895503 -0.43238065 -0.10545828
vn -0.89788 0.4292998 -0.097535275
vn -0.90061134 0.43220532 0.04580195
vn -0.90198797 -0.42360747 0.083513126
vn -0.90279573 -0.41852748 0.09896796
vn -0.90371794 0.42296788 -0.066272676
vn -0.9044971 0.42273152 0.05641874
vn -0.9081716 0.3626883 -0.20900114
vn -0.9083547 0.27553228 -0.3146009
vn -0.91276497 0.37263578 0.16733982
vn -0.913711 0.38922352 -0.1167782
vn -0.9179687 0.3157268 -0.24010442
vn -0.9195642 0.39287516 -0.007127006
vn -0.9227566 0.34093806 0.17967032
vn -0.9230823 0.25449583 0.288359
vn -0.9291834 0.28634626 -0.23371775
vn -0.9329485 -0.2705694 -0.2374852
vn -0.93354744 0.07505766 -0.35050753
vn -0.9343361 -0.3242181 -0.14798218
vn -0.9388866 -0.051507328 -0.34035143
vn -0.93929523 0.118322335 -0.32206246
vn -0.9451398 -0.037978068 -0.32445082
vn -0.9451398 -0.03797781 0.32445088
vn -0.94623274 -0.07548267 -0.31455684
vn -0.9495501 -0.044630315 -0.3104237
vn -0.9495501 -0.044630215 0.31042334
vn -0.9502701 -0.06513338 -0.30453947
vn -0.9502701 -0.0651333 0.3045396
vn -0.95054144 -0.034796894 -0.30864248
vn -0.9534902 0.040131513 -0.29874054
vn -0.9559607 0.005139679 0.29344967
vn -0.9563717 0.018870028 0.29154247
vn -0.9577965 -0.02182604 -0.28661716
vn -0.9596738 0.109622665 -0.25886095
vn -0.95967525 0.1456943 -0.24040903
vn -0.96338075 0.21497293 -0.16026302
vn -0.96364826 0.22694789 -0.14098427
vn -0.9647569 0.15386331 -0.21347171
vn -0.96592516 4.2167343E-08 0.2588213
vn -0.9665274 -0.20785919 -0.15039761
vn -0.9666061 0.23783277 0.0954369
vn -0.9735221 -0.22297345 -0.05037468
vn -0.9735221 -0.22297347 0.050374772
vn -0.974637 0.22077714 0.036611453
vn -0.9757137 0.2128129 -0.05189801
vn -0.9757137 0.21281296 0.051898114
vn -0.9784135 0.20572217 -0.019629346
vn -0.98036855 -0.19552396 0.025455216
vn -0.98555845 -0.00968526 -0.16905786
vn -0.98572105 -0.14505778 -0.08551123
vn -0.98572105 -0.14505765 0.08551145
vn -0.9880623 0.10053442 0.11672877
vn -0.98851484 -0.09419882 0.118172914
vn -0.98931545 -0.07121408 -0.12721442
vn -0.9911513 0.06654019 0.11485459
vn -0.9920649 -0.016332136 0.124661356
vn -0.99408287 -0.041634947 0.10032879
vn -0.99996704 -0.007915981 -0.0017872263
vn -0.99996704 -0.007894742 0.001871874
vn -0.99996704 -0.007897516 0.0019045038
vn -0.99996704 -0.007915185 -0.0017899552
vn -0.99996704 -0.007897499 -0.0019042392
vn -0.99996704 -0.007915984 0.0017873282
vn -0.99996704 -0.007915182 0.001790042
vn -0.9999952 -5.0707205E-10 -0.003112386
# 5815 vertex normals

vt 0.75850374 0.00022797323 0
vt 0.75850374 0.00022797323 0
vt 0.17678623 0.00022798899 0
vt 0.17678623 0.00022798899 0
vt 0.4366738 0.00022800948 0
vt 0.4366738 0.00022800948 0
vt 0.51508987 0.00022800987 0
vt 0.51508987 0.00022800987 0
vt 0.7478726 0.00074831076 0
vt 0.7478726 0.00074831076 0
vt 0.4076501 0.00077837263 0
vt 0.4076501 0.00077837263 0
vt 0.17505513 0.001050112 0
vt 0.17505513 0.001050112 0
vt 0.74359727 0.0016599004 0
vt 0.74359727 0.0016599004 0
vt 0.46342692 0.0020987901 0
vt 0.46342692 0.0020987901 0
vt 0.7336404 0.002145469 0
vt 0.7336404 0.002145469 0
vt 0.18098551 0.0027035759 0
vt 0.18098551 0.0027035759 0
vt 0.17840761 0.0027038318 0
vt 0.17840761 0.0027038318 0
vt 0.4366147 0.0027647607 0
vt 0.4366147 0.0027647607 0
vt 0.5150662 0.0027707198 0
vt 0.5150662 0.0027707198 0
vt 0.40781903 0.003318665 0
vt 0.40781903 0.003318665 0
vt 0.55246973 0.0037059172 0
vt 0.55246973 0.0037059172 0
vt 0.17936021 0.0037441293 0
vt 0.17936021 0.0037441293 0
vt 0.17656349 0.0039847787 0
vt 0.17656349 0.0039847787 0
vt 0.48741788 0.0041272114 0
vt 0.48741788 0.0041272114 0
vt 0.7828135 0.004503364 0
vt 0.7828135 0.004503364 0
vt 0.46325207 0.004639655 0
vt 0.46325207 0.004639655 0
vt 0.3777662 0.004880085 0
vt 0.3777662 0.004880085 0
vt 0.4365535 0.005314566 0
vt 0.4365535 0.005314566 0
vt 0.51498985 0.0053330897 0
vt 0.51498985 0.0053330897 0
vt 0.40796435 0.005882209 0
vt 0.40796435 0.005882209 0
vt 0.5511845 0.005974348 0
vt 0.5511845 0.005974348 0
vt 0.18341666 0.005994796 0
vt 0.18341666 0.005994796 0
vt 0.4365276 0.0063920342 0
vt 0.4365276 0.0063920342 0
vt 0.5149349 0.006417619 0
vt 0.5149349 0.006417619 0
vt 0.09848655 0.0064252815 0
vt 0.09848655 0.0064252815 0
vt 0.4874175 0.0066947117 0
vt 0.4874175 0.0066947117 0
vt 0.4080253 0.00695067 0
vt 0.4080253 0.00695067 0
vt 0.18183298 0.0070603546 0
vt 0.18183298 0.0070603546 0
vt 0.46309385 0.007198887 0
vt 0.46309385 0.007198887 0
vt 0.37822813 0.007387564 0
vt 0.37822813 0.007387564 0
vt 0.1604315 0.007406105 0
vt 0.1604315 0.007406105 0
vt 0.7129625 0.007940607 0
vt 0.7129625 0.007940607 0
vt 0.099753834 0.008016654 0
vt 0.099753834 0.008016654 0
vt 0.5499276 0.0081889015 0
vt 0.5499276 0.0081889015 0
vt 0.1576605 0.008198981 0
vt 0.1576605 0.008198981 0
vt 0.46302518 0.008284753 0
vt 0.46302518 0.008284753 0
vt 0.4364791 0.008457301 0
vt 0.4364791 0.008457301 0
vt 0.5147885 0.008495319 0
vt 0.5147885 0.008495319 0
vt 0.0965017 0.008591059 0
vt 0.0965017 0.008591059 0
vt 0.18623771 0.008987898 0
vt 0.18623771 0.008987898 0
vt 0.40814927 0.009024648 0
vt 0.40814927 0.009024648 0
vt 0.5494162 0.009084629 0
vt 0.5494162 0.009084629 0
vt 0.1544741 0.009286611 0
vt 0.1544741 0.009286611 0
vt 0.48736545 0.009320867 0
vt 0.48736545 0.009320867 0
vt 0.094745785 0.009858662 0
vt 0.094745785 0.009858662 0
vt 0.37866455 0.009932743 0
vt 0.37866455 0.009932743 0
vt 0.18476652 0.010182614 0
vt 0.18476652 0.010182614 0
vt 0.4628855 0.010358567 0
vt 0.4628855 0.010358567 0
vt 0.16174714 0.010406863 0
vt 0.16174714 0.010406863 0
vt 0.48732412 0.010448784 0
vt 0.48732412 0.010448784 0
vt 0.43643504 0.010507816 0
vt 0.43643504 0.010507816 0
vt 0.5145677 0.010555153 0
vt 0.5145677 0.010555153 0
vt 0.54843307 0.010800074 0
vt 0.54843307 0.010800074 0
vt 0.3788441 0.010973397 0
vt 0.3788441 0.010973397 0
vt 0.4082981 0.011074876 0
vt 0.4082981 0.011074876 0
vt 0.101815894 0.011120557 0
vt 0.101815894 0.011120557 0
vt 0.1583449 0.011149992 0
vt 0.1583449 0.011149992 0
vt 0.0954593 0.01151407 0
vt 0.0954593 0.01151407 0
vt 0.14771125 0.011750637 0
vt 0.14771125 0.011750637 0
vt 0.18952775 0.011875181 0
vt 0.18952775 0.011875181 0
vt 0.098824844 0.011968584 0
vt 0.098824844 0.011968584 0
vt 0.09147534 0.012062079 0
vt 0.09147534 0.012062079 0
vt 0.15992622 0.012209294 0
vt 0.15992622 0.012209294 0
vt 0.80809116 0.012238367 0
vt 0.80809116 0.012238367 0
vt 0.46272215 0.012417044 0
vt 0.46272215 0.012417044 0
vt 0.5474765 0.012450133 0
vt 0.5474765 0.012450133 0
vt 0.48719865 0.012621313 0
vt 0.48719865 0.012621313 0
vt 0.10397438 0.012793052 0
vt 0.10397438 0.012793052 0
vt 0.34881827 0.012869683 0
vt 0.34881827 0.012869683 0
vt 0.096388996 0.0129772555 0
vt 0.096388996 0.0129772555 0
vt 0.37920818 0.013031261 0
vt 0.37920818 0.013031261 0
vt 0.1881528 0.013166745 0
vt 0.1881528 0.013166745 0
vt 0.14223567 0.013228832 0
vt 0.14223567 0.013228832 0
vt 0.15792395 0.0133875245 0
vt 0.15792395 0.0133875245 0
vt 0.15116496 0.01342131 0
vt 0.15116496 0.01342131 0
vt 0.092481434 0.013681828 0
vt 0.092481434 0.013681828 0
vt 0.1071348 0.013781294 0
vt 0.1071348 0.013781294 0
vt 0.097151585 0.013998352 0
vt 0.097151585 0.013998352 0
vt 0.13623744 0.014251688 0
vt 0.13623744 0.014251688 0
vt 0.088439934 0.014262035 0
vt 0.088439934 0.014262035 0
vt 0.15556352 0.014428316 0
vt 0.15556352 0.014428316 0
vt 0.19331802 0.014753685 0
vt 0.19331802 0.014753685 0
vt 0.4870001 0.014804765 0
vt 0.4870001 0.014804765 0
vt 0.37960252 0.015052161 0
vt 0.37960252 0.015052161 0
vt 0.103126094 0.0151606025 0
vt 0.103126094 0.0151606025 0
vt 0.093561016 0.015249056 0
vt 0.093561016 0.015249056 0
vt 0.3496596 0.015292946 0
vt 0.3496596 0.015292946 0
vt 0.15314174 0.015364999 0
vt 0.15314174 0.015364999 0
vt 0.09854632 0.015394548 0
vt 0.09854632 0.015394548 0
vt 0.16246168 0.015621623 0
vt 0.16246168 0.015621623 0
vt 0.14152022 0.015732484 0
vt 0.14152022 0.015732484 0
vt 0.08939758 0.01588587 0
vt 0.08939758 0.01588587 0
vt 0.15133908 0.015984735 0
vt 0.15133908 0.015984735 0
vt 0.107023835 0.016041389 0
vt 0.107023835 0.016041389 0
vt 0.19199881 0.01609602 0
vt 0.19199881 0.01609602 0
vt 0.085100606 0.01625553 0
vt 0.085100606 0.01625553 0
vt 0.13591017 0.016516156 0
vt 0.13591017 0.016516156 0
vt 0.100304835 0.016525865 0
vt 0.100304835 0.016525865 0
vt 0.16006178 0.016580148 0
vt 0.16006178 0.016580148 0
vt 0.09487429 0.016805759 0
vt 0.09487429 0.016805759 0
vt 0.14801024 0.01694549 0
vt 0.14801024 0.01694549 0
vt 0.10244205 0.017039403 0
vt 0.10244205 0.017039403 0
vt 0.09047304 0.017477045 0
vt 0.09047304 0.017477045 0
vt 0.69251454 0.017510869 0
vt 0.69251454 0.017510869 0
vt 0.15751386 0.017545233 0
vt 0.15751386 0.017545233 0
vt 0.14417562 0.017638056 0
vt 0.14417562 0.017638056 0
vt 0.14015187 0.017691929 0
vt 0.14015187 0.017691929 0
vt 0.19764389 0.017714307 0
vt 0.19764389 0.017714307 0
vt 0.35051042 0.017763508 0
vt 0.35051042 0.017763508 0
vt 0.085913576 0.017939392 0
vt 0.085913576 0.017939392 0
vt 0.081184715 0.018132696 0
vt 0.081184715 0.018132696 0
vt 0.09653986 0.018230448 0
vt 0.09653986 0.018230448 0
vt 0.15476927 0.01845282 0
vt 0.15476927 0.01845282 0
vt 0.5175695 0.018478693 0
vt 0.5175695 0.018478693 0
vt 0.35084674 0.018738307 0
vt 0.35084674 0.018738307 0
vt 0.16516323 0.018824263 0
vt 0.16516323 0.018824263 0
vt 0.1963292 0.01906399 0
vt 0.1963292 0.01906399 0
vt 0.1516478 0.019303061 0
vt 0.1516478 0.019303061 0
vt 0.09865251 0.01932681 0
vt 0.09865251 0.01932681 0
vt 0.436263 0.019447016 0
vt 0.436263 0.019447016 0
vt 0.09225874 0.019504728 0
vt 0.09225874 0.019504728 0
vt 0.0869072 0.019580396 0
vt 0.0869072 0.019580396 0
vt 0.16252764 0.01967275 0
vt 0.16252764 0.01967275 0
vt 0.08181121 0.019887064 0
vt 0.08181121 0.019887064 0
vt 0.10126291 0.019888636 0
vt 0.10126291 0.019888636 0
vt 0.40905008 0.020032926 0
vt 0.40905008 0.020032926 0
vt 0.07639224 0.020039681 0
vt 0.07639224 0.020039681 0
vt 0.5411786 0.020048212 0
vt 0.5411786 0.020048212 0
vt 0.14787348 0.020080684 0
vt 0.14787348 0.020080684 0
vt 0.15973902 0.020551788 0
vt 0.15973902 0.020551788 0
vt 0.14365286 0.020569922 0
vt 0.14365286 0.020569922 0
vt 0.13920565 0.02059572 0
vt 0.13920565 0.02059572 0
vt 0.35154104 0.020730654 0
vt 0.35154104 0.020730654 0
vt 0.20256332 0.020870935 0
vt 0.20256332 0.020870935 0
vt 0.09412552 0.02093 0
vt 0.09412552 0.02093 0
vt 0.15671046 0.021393673 0
vt 0.15671046 0.021393673 0
vt 0.46183237 0.02147261 0
vt 0.46183237 0.02147261 0
vt 0.4362153 0.021502873 0
vt 0.4362153 0.021502873 0
vt 0.082674965 0.021591574 0
vt 0.082674965 0.021591574 0
vt 0.8324961 0.02170261 0
vt 0.8324961 0.02170261 0
vt 0.16815625 0.021838324 0
vt 0.16815625 0.021838324 0
vt 0.07678828 0.021862844 0
vt 0.07678828 0.021862844 0
vt 0.09655672 0.022028562 0
vt 0.09655672 0.022028562 0
vt 0.40924528 0.022076402 0
vt 0.40924528 0.022076402 0
vt 0.08917304 0.022087153 0
vt 0.08917304 0.022087153 0
vt 0.07026481 0.02216105 0
vt 0.07026481 0.02216105 0
vt 0.20117727 0.022177985 0
vt 0.20117727 0.022177985 0
vt 0.15216596 0.02239121 0
vt 0.15216596 0.02239121 0
vt 0.16530727 0.022619464 0
vt 0.16530727 0.022619464 0
vt 0.09957664 0.022624778 0
vt 0.09957664 0.022624778 0
vt 0.3522353 0.02267512 0
vt 0.3522353 0.02267512 0
vt 0.14790791 0.023036836 0
vt 0.14790791 0.023036836 0
vt 0.13814609 0.02333794 0
vt 0.13814609 0.02333794 0
vt 0.14315446 0.023399757 0
vt 0.14315446 0.023399757 0
vt 0.16228355 0.023431452 0
vt 0.16228355 0.023431452 0
vt 0.09127814 0.023525897 0
vt 0.09127814 0.023525897 0
vt 0.46155822 0.02353453 0
vt 0.46155822 0.02353453 0
vt 0.43616864 0.023572883 0
vt 0.43616864 0.023572883 0
vt 0.077484176 0.023623895 0
vt 0.077484176 0.023623895 0
vt 0.38145164 0.02385269 0
vt 0.38145164 0.02385269 0
vt 0.0703617 0.024057169 0
vt 0.0703617 0.024057169 0
vt 0.54049456 0.024089465 0
vt 0.54049456 0.024089465 0
vt 0.40946266 0.024138587 0
vt 0.40946266 0.024138587 0
vt 0.1589801 0.024211021 0
vt 0.1589801 0.024211021 0
vt 0.5404775 0.024254242 0
vt 0.5404775 0.024254242 0
vt 0.20840628 0.024385119 0
vt 0.20840628 0.024385119 0
vt 0.085550025 0.024566405 0
vt 0.085550025 0.024566405 0
vt 0.094108015 0.024648143 0
vt 0.094108015 0.024648143 0
vt 0.4361438 0.024650525 0
vt 0.4361438 0.024650525 0
vt 0.17151703 0.024702983 0
vt 0.17151703 0.024702983 0
vt 0.48531267 0.024776587 0
vt 0.48531267 0.024776587 0
vt 0.061956745 0.024777567 0
vt 0.061956745 0.024777567 0
vt 0.32242787 0.024927191 0
vt 0.32242787 0.024927191 0
vt 0.40957606 0.025199756 0
vt 0.40957606 0.025199756 0
vt 0.5158119 0.025233645 0
vt 0.5158119 0.025233645 0
vt 0.09763617 0.025272366 0
vt 0.09763617 0.025272366 0
vt 0.15277006 0.025304588 0
vt 0.15277006 0.025304588 0
vt 0.16843371 0.025432281 0
vt 0.16843371 0.025432281 0
vt 0.20656018 0.02557026 0
vt 0.20656018 0.02557026 0
vt 0.46125588 0.025611231 0
vt 0.46125588 0.025611231 0
vt 0.1479446 0.025838958 0
vt 0.1479446 0.025838958 0
vt 0.38190493 0.025858007 0
vt 0.38190493 0.025858007 0
vt 0.07088882 0.025858112 0
vt 0.07088882 0.025858112 0
vt 0.13680372 0.025934706 0
vt 0.13680372 0.025934706 0
vt 0.088022284 0.026028693 0
vt 0.088022284 0.026028693 0
vt 0.14251949 0.026097095 0
vt 0.14251949 0.026097095 0
vt 0.16515796 0.026193108 0
vt 0.16515796 0.026193108 0
vt 0.46109226 0.026699362 0
vt 0.46109226 0.026699362 0
vt 0.061703622 0.026774628 0
vt 0.061703622 0.026774628 0
vt 0.161562 0.026917804 0
vt 0.161562 0.026917804 0
vt 0.081373185 0.026962684 0
vt 0.081373185 0.026962684 0
vt 0.4847096 0.027027052 0
vt 0.4847096 0.027027052 0
vt 0.3237189 0.027133353 0
vt 0.3237189 0.027133353 0
vt 0.091434546 0.027196657 0
vt 0.091434546 0.027196657 0
vt 0.43607923 0.027205868 0
vt 0.43607923 0.027205868 0
vt 0.1753359 0.027472822 0
vt 0.1753359 0.027472822 0
vt 0.5416987 0.027531253 0
vt 0.5416987 0.027531253 0
vt 0.40984064 0.027744597 0
vt 0.40984064 0.027744597 0
vt 0.09566027 0.027863441 0
vt 0.09566027 0.027863441 0
vt 0.38239238 0.02788555 0
vt 0.38239238 0.02788555 0
vt 0.5398435 0.028009396 0
vt 0.5398435 0.028009396 0
vt 0.15334776 0.028061612 0
vt 0.15334776 0.028061612 0
vt 0.5431932 0.02813302 0
vt 0.5431932 0.02813302 0
vt 0.17195329 0.028146112 0
vt 0.17195329 0.028146112 0
vt 0.13500139 0.02842063 0
vt 0.13500139 0.02842063 0
vt 0.0844673 0.028445018 0
vt 0.0844673 0.028445018 0
vt 0.14784263 0.028491488 0
vt 0.14784263 0.028491488 0
vt 0.062400468 0.028609192 0
vt 0.062400468 0.028609192 0
vt 0.04923371 0.028633792 0
vt 0.04923371 0.028633792 0
vt 0.14159124 0.028656578 0
vt 0.14159124 0.028656578 0
vt 0.16837154 0.02886559 0
vt 0.16837154 0.02886559 0
vt 0.38264075 0.028908512 0
vt 0.38264075 0.028908512 0
vt 0.67513263 0.02895116 0
vt 0.67513263 0.02895116 0
vt 0.46069473 0.029263139 0
vt 0.46069473 0.029263139 0
vt 0.07679954 0.029267693 0
vt 0.07679954 0.029267693 0
vt 0.48407963 0.029287545 0
vt 0.48407963 0.029287545 0
vt 0.32507938 0.029356152 0
vt 0.32507938 0.029356152 0
vt 0.5059763 0.029364564 0
vt 0.5059763 0.029364564 0
vt 0.21217133 0.029478118 0
vt 0.21217133 0.029478118 0
vt 0.16443162 0.029532589 0
vt 0.16443162 0.029532589 0
vt 0.08874807 0.029689513 0
vt 0.08874807 0.029689513 0
vt 0.43600506 0.029745743 0
vt 0.43600506 0.029745743 0
vt 0.53800744 0.029809529 0
vt 0.53800744 0.029809529 0
vt 0.5409263 0.029971749 0
vt 0.5409263 0.029971749 0
vt 0.32559282 0.030193951 0
vt 0.32559282 0.030193951 0
vt 0.1797599 0.030218717 0
vt 0.1797599 0.030218717 0
vt 0.5420331 0.030226242 0
vt 0.5420331 0.030226242 0
vt 0.4100729 0.030266829 0
vt 0.4100729 0.030266829 0
vt 0.53974557 0.030340692 0
vt 0.53974557 0.030340692 0
vt 0.093895905 0.030441646 0
vt 0.093895905 0.030441646 0
vt 0.48374715 0.03047108 0
vt 0.48374715 0.03047108 0
vt 0.048983067 0.030656364 0
vt 0.048983067 0.030656364 0
vt 0.15374884 0.030674258 0
vt 0.15374884 0.030674258 0
vt 0.080945574 0.030775461 0
vt 0.080945574 0.030775461 0
vt 0.17594817 0.030800648 0
vt 0.17594817 0.030800648 0
vt 0.1325249 0.030857718 0
vt 0.1325249 0.030857718 0
vt 0.21652913 0.030859929 0
vt 0.21652913 0.030859929 0
vt 0.14743942 0.030989725 0
vt 0.14743942 0.030989725 0
vt 0.1401925 0.031065844 0
vt 0.1401925 0.031065844 0
vt 0.3552853 0.031100003 0
vt 0.3552853 0.031100003 0
vt 0.5387368 0.031272203 0
vt 0.5387368 0.031272203 0
vt 0.38323855 0.031410493 0
vt 0.38323855 0.031410493 0
vt 0.07247747 0.031469245 0
vt 0.07247747 0.031469245 0
vt 0.17193748 0.03149311 0
vt 0.17193748 0.03149311 0
vt 0.53849345 0.03159644 0
vt 0.53849345 0.03159644 0
vt 0.46030173 0.031810857 0
vt 0.46030173 0.031810857 0
vt 0.32668623 0.031992566 0
vt 0.32668623 0.031992566 0
vt 0.5052771 0.03201797 0
vt 0.5052771 0.03201797 0
vt 0.16752276 0.032078806 0
vt 0.16752276 0.032078806 0
vt 0.08645305 0.032160334 0
vt 0.08645305 0.032160334 0
vt 0.8549752 0.032332692 0
vt 0.8549752 0.032332692 0
vt 0.53667176 0.032341916 0
vt 0.53667176 0.032341916 0
vt 0.052562952 0.03251295 0
vt 0.052562952 0.03251295 0
vt 0.53801984 0.032894477 0
vt 0.53801984 0.032894477 0
vt 0.35600197 0.033017434 0
vt 0.35600197 0.033017434 0
vt 0.07823473 0.033035617 0
vt 0.07823473 0.033035617 0
vt 0.18504447 0.033043724 0
vt 0.18504447 0.033043724 0
vt 0.092650466 0.033072747 0
vt 0.092650466 0.033072747 0
vt 0.1537469 0.033154495 0
vt 0.1537469 0.033154495 0
vt 0.48296362 0.033245366 0
vt 0.48296362 0.033245366 0
vt 0.13813335 0.033275016 0
vt 0.13813335 0.033275016 0
vt 0.14653993 0.033317402 0
vt 0.14653993 0.033317402 0
vt 0.12907915 0.033357963 0
vt 0.12907915 0.033357963 0
vt 0.18058674 0.033416413 0
vt 0.18058674 0.033416413 0
vt 0.06998782 0.03360601 0
vt 0.06998782 0.03360601 0
vt 0.32771817 0.03376934 0
vt 0.32771817 0.03376934 0
vt 0.38378912 0.03388544 0
vt 0.38378912 0.03388544 0
vt 0.5381018 0.03408182 0
vt 0.5381018 0.03408182 0
vt 0.17585535 0.034128167 0
vt 0.17585535 0.034128167 0
vt 0.53369766 0.0342456 0
vt 0.53369766 0.0342456 0
vt 0.53354996 0.034281686 0
vt 0.53354996 0.034281686 0
vt 0.5365008 0.034570128 0
vt 0.5365008 0.034570128 0
vt 0.17060034 0.034575287 0
vt 0.17060034 0.034575287 0
vt 0.50456846 0.034654457 0
vt 0.50456846 0.034654457 0
vt 0.08532577 0.03471712 0
vt 0.08532577 0.03471712 0
vt 0.5387012 0.03490791 0
vt 0.5387012 0.03490791 0
vt 0.3567433 0.034970265 0
vt 0.3567433 0.034970265 0
vt 0.13531016 0.035176046 0
vt 0.13531016 0.035176046 0
vt 0.07731582 0.035230823 0
vt 0.07731582 0.035230823 0
vt 0.5308282 0.03532352 0
vt 0.5308282 0.03532352 0
vt 0.14503455 0.035448335 0
vt 0.14503455 0.035448335 0
vt 0.15302633 0.035519805 0
vt 0.15302633 0.035519805 0
vt 0.09230047 0.035881154 0
vt 0.09230047 0.035881154 0
vt 0.3571064 0.035925843 0
vt 0.3571064 0.035925843 0
vt 0.4822033 0.035987757 0
vt 0.4822033 0.035987757 0
vt 0.5042004 0.036014777 0
vt 0.5042004 0.036014777 0
vt 0.18627095 0.036029812 0
vt 0.18627095 0.036029812 0
vt 0.5372937 0.03607633 0
vt 0.5372937 0.03607633 0
vt 0.12418695 0.036154978 0
vt 0.12418695 0.036154978 0
vt 0.19160731 0.03616361 0
vt 0.19160731 0.03616361 0
vt 0.5783767 0.036656573 0
vt 0.5783767 0.036656573 0
vt 0.13192302 0.03678825 0
vt 0.13192302 0.03678825 0
vt 0.18002865 0.036834374 0
vt 0.18002865 0.036834374 0
vt 0.17282361 0.03701299 0
vt 0.17282361 0.03701299 0
vt 0.5513923 0.037020173 0
vt 0.5513923 0.037020173 0
vt 0.14383633 0.03742324 0
vt 0.14383633 0.03742324 0
vt 0.5495007 0.037650917 0
vt 0.5495007 0.037650917 0
vt 0.1513753 0.037822336 0
vt 0.1513753 0.037822336 0
vt 0.57611877 0.037842575 0
vt 0.57611877 0.037842575 0
vt 0.08767491 0.037882946 0
vt 0.08767491 0.037882946 0
vt 0.5519626 0.038092405 0
vt 0.5519626 0.038092405 0
vt 0.35801646 0.038335223 0
vt 0.35801646 0.038335223 0
vt 0.5502193 0.038615156 0
vt 0.5502193 0.038615156 0
vt 0.55019337 0.038647905 0
vt 0.55019337 0.038647905 0
vt 0.5738634 0.039084986 0
vt 0.5738634 0.039084986 0
vt 0.09321368 0.039168205 0
vt 0.09321368 0.039168205 0
vt 0.50338215 0.039226178 0
vt 0.50338215 0.039226178 0
vt 0.57296354 0.039614186 0
vt 0.57296354 0.039614186 0
vt 0.5500645 0.03969938 0
vt 0.5500645 0.03969938 0
vt 0.11688957 0.039848495 0
vt 0.11688957 0.039848495 0
vt 0.02334081 0.039938398 0
vt 0.02334081 0.039938398 0
vt 0.55188745 0.040314797 0
vt 0.55188745 0.040314797 0
vt 0.5463461 0.040364522 0
vt 0.5463461 0.040364522 0
vt 0.5549608 0.04037125 0
vt 0.5549608 0.04037125 0
vt 0.55519325 0.040390722 0
vt 0.55519325 0.040390722 0
vt 0.5583056 0.0404675 0
vt 0.5583056 0.0404675 0
vt 0.5549962 0.04050372 0
vt 0.5549962 0.04050372 0
vt 0.54961115 0.040512916 0
vt 0.54961115 0.040512916 0
vt 0.555074 0.040584356 0
vt 0.555074 0.040584356 0
vt 0.5493928 0.04069637 0
vt 0.5493928 0.04069637 0
vt 0.35888937 0.040699743 0
vt 0.35888937 0.040699743 0
vt 0.57120013 0.040720012 0
vt 0.57120013 0.040720012 0
vt 0.09689889 0.04080602 0
vt 0.09689889 0.04080602 0
vt 0.547348 0.040905487 0
vt 0.547348 0.040905487 0
vt 0.037457246 0.040913716 0
vt 0.037457246 0.040913716 0
vt 0.5516258 0.04102164 0
vt 0.5516258 0.04102164 0
vt 0.5484292 0.04102225 0
vt 0.5484292 0.04102225 0
vt 0.55801266 0.041071214 0
vt 0.55801266 0.041071214 0
vt 0.049649075 0.041098595 0
vt 0.049649075 0.041098595 0
vt 0.29916283 0.0411241 0
vt 0.29916283 0.0411241 0
vt 0.11413113 0.0412275 0
vt 0.11413113 0.0412275 0
vt 0.6634249 0.04161847 0
vt 0.6634249 0.04161847 0
vt 0.33212346 0.041674312 0
vt 0.33212346 0.041674312 0
vt 0.5461974 0.04176921 0
vt 0.5461974 0.04176921 0
vt 0.5509489 0.041822612 0
vt 0.5509489 0.041822612 0
vt 0.06103464 0.041848484 0
vt 0.06103464 0.041848484 0
vt 0.55095226 0.041871756 0
vt 0.55095226 0.041871756 0
vt 0.5695248 0.041916516 0
vt 0.5695248 0.041916516 0
vt 0.12459762 0.042110562 0
vt 0.12459762 0.042110562 0
vt 0.54767066 0.04225282 0
vt 0.54767066 0.04225282 0
vt 0.54944426 0.04227666 0
vt 0.54944426 0.04227666 0
vt 0.07399058 0.04234426 0
vt 0.07399058 0.04234426 0
vt 0.50264585 0.042397957 0
vt 0.50264585 0.042397957 0
vt 0.15097128 0.04257644 0
vt 0.15097128 0.04257644 0
vt 0.085059755 0.042592943 0
vt 0.085059755 0.042592943 0
vt 0.22897705 0.04277264 0
vt 0.22897705 0.04277264 0
vt 0.16545898 0.04288017 0
vt 0.16545898 0.04288017 0
vt 0.21795478 0.042995553 0
vt 0.21795478 0.042995553 0
vt 0.30088127 0.043016836 0
vt 0.30088127 0.043016836 0
vt 0.13861482 0.043081954 0
vt 0.13861482 0.043081954 0
vt 0.20160949 0.043439433 0
vt 0.20160949 0.043439433 0
vt 0.33308506 0.043474764 0
vt 0.33308506 0.043474764 0
vt 0.17712474 0.043484986 0
vt 0.17712474 0.043484986 0
vt 0.18965673 0.043868557 0
vt 0.18965673 0.043868557 0
vt 0.87517107 0.04411282 0
vt 0.87517107 0.04411282 0
vt 0.52638227 0.044221364 0
vt 0.52638227 0.044221364 0
vt 0.5495015 0.0442503 0
vt 0.5495015 0.0442503 0
vt 0.54952264 0.044358805 0
vt 0.54952264 0.044358805 0
vt 0.30272555 0.04486357 0
vt 0.30272555 0.04486357 0
vt 0.3340354 0.04533242 0
vt 0.3340354 0.04533242 0
vt 0.3033745 0.045509677 0
vt 0.3033745 0.045509677 0
vt 0.5256621 0.045674097 0
vt 0.5256621 0.045674097 0
vt 0.33447522 0.04619974 0
vt 0.33447522 0.04619974 0
vt 0.54971886 0.046470407 0
vt 0.54971886 0.046470407 0
vt 0.3048491 0.047016732 0
vt 0.3048491 0.047016732 0
vt 0.524938 0.047169458 0
vt 0.524938 0.047169458 0
vt 0.52457666 0.047950257 0
vt 0.52457666 0.047950257 0
vt 0.33564588 0.048490055 0
vt 0.33564588 0.048490055 0
vt 0.30620652 0.048562795 0
vt 0.30620652 0.048562795 0
vt 0.52371645 0.049838513 0
vt 0.52371645 0.049838513 0
vt 0.33682886 0.0507067 0
vt 0.33682886 0.0507067 0
vt 0.522909 0.051734403 0
vt 0.522909 0.051734403 0
vt 0.31180987 0.05554762 0
vt 0.31180987 0.05554762 0
vt 0.31301048 0.057210654 0
vt 0.31301048 0.057210654 0
vt 0.55290425 0.0576023 0
vt 0.55290425 0.0576023 0
vt 0.89469934 0.0580514 0
vt 0.89469934 0.0580514 0
vt 0.31415865 0.05896878 0
vt 0.31415865 0.05896878 0
vt 0.5511448 0.05897059 0
vt 0.5511448 0.05897059 0
vt 0.31464976 0.05973571 0
vt 0.31464976 0.05973571 0
vt 0.5494352 0.0603992 0
vt 0.5494352 0.0603992 0
vt 0.6552812 0.060853727 0
vt 0.6552812 0.060853727 0
vt 0.27910253 0.06100567 0
vt 0.27910253 0.06100567 0
vt 0.54859316 0.06111883 0
vt 0.54859316 0.06111883 0
vt 0.31606707 0.06190167 0
vt 0.31606707 0.06190167 0
vt 0.28115064 0.06253354 0
vt 0.28115064 0.06253354 0
vt 0.5465159 0.062894545 0
vt 0.5465159 0.062894545 0
vt 0.28334725 0.063935675 0
vt 0.28334725 0.063935675 0
vt 0.31755134 0.063944384 0
vt 0.31755134 0.063944384 0
vt 0.28404713 0.06437659 0
vt 0.28404713 0.06437659 0
vt 0.54442513 0.064609565 0
vt 0.54442513 0.064609565 0
vt 0.28580478 0.06553429 0
vt 0.28580478 0.06553429 0
vt 0.59030235 0.06605697 0
vt 0.59030235 0.06605697 0
vt 0.28742373 0.06680359 0
vt 0.28742373 0.06680359 0
vt 0.5879932 0.06717903 0
vt 0.5879932 0.06717903 0
vt 0.5856074 0.06827094 0
vt 0.5856074 0.06827094 0
vt 0.5846711 0.06870173 0
vt 0.5846711 0.06870173 0
vt 0.5827301 0.06963913 0
vt 0.5827301 0.06963913 0
vt 0.5808404 0.07066827 0
vt 0.5808404 0.07066827 0
vt 0.2940732 0.07281598 0
vt 0.2940732 0.07281598 0
vt 0.29549453 0.07430039 0
vt 0.29549453 0.07430039 0
vt 0.9151102 0.07521772 0
vt 0.9151102 0.07521772 0
vt 0.57258236 0.075719535 0
vt 0.57258236 0.075719535 0
vt 0.29683515 0.07592002 0
vt 0.29683515 0.07592002 0
vt 0.29735237 0.076563075 0
vt 0.29735237 0.076563075 0
vt 0.57096857 0.077237606 0
vt 0.57096857 0.077237606 0
vt 0.29900715 0.07855895 0
vt 0.29900715 0.07855895 0
vt 0.56938833 0.07880948 0
vt 0.56938833 0.07880948 0
vt 0.5686334 0.07956669 0
vt 0.5686334 0.07956669 0
vt 0.30076408 0.08038231 0
vt 0.30076408 0.08038231 0
vt 0.5666857 0.081473514 0
vt 0.5666857 0.081473514 0
vt 0.56469834 0.083272025 0
vt 0.56469834 0.083272025 0
vt 0.26254308 0.08385508 0
vt 0.26254308 0.08385508 0
vt 0.26482 0.08500766 0
vt 0.26482 0.08500766 0
vt 0.26723176 0.08596229 0
vt 0.26723176 0.08596229 0
vt 0.2679059 0.08622203 0
vt 0.2679059 0.08622203 0
vt 0.26984093 0.08702365 0
vt 0.26984093 0.08702365 0
vt 0.27164897 0.088001534 0
vt 0.27164897 0.088001534 0
vt 0.60745853 0.09054235 0
vt 0.60745853 0.09054235 0
vt 0.6481783 0.09164947 0
vt 0.6481783 0.09164947 0
vt 0.6052423 0.091804944 0
vt 0.6052423 0.091804944 0
vt 0.27913517 0.09295146 0
vt 0.27913517 0.09295146 0
vt 0.602949 0.09297323 0
vt 0.602949 0.09297323 0
vt 0.60209674 0.0933964 0
vt 0.60209674 0.0933964 0
vt 0.28074497 0.09423183 0
vt 0.28074497 0.09423183 0
vt 0.6002371 0.09433219 0
vt 0.6002371 0.09433219 0
vt 0.5984331 0.09531968 0
vt 0.5984331 0.09531968 0
vt 0.28226137 0.09568077 0
vt 0.28226137 0.09568077 0
vt 0.93571806 0.095891 0
vt 0.93571806 0.095891 0
vt 0.28277478 0.09618907 0
vt 0.28277478 0.09618907 0
vt 0.28464684 0.09797453 0
vt 0.28464684 0.09797453 0
vt 0.2866368 0.099545926 0
vt 0.2866368 0.099545926 0
vt 0.5907063 0.09995831 0
vt 0.5907063 0.09995831 0
vt 0.58900076 0.10107517 0
vt 0.58900076 0.10107517 0
vt 0.5873263 0.10226901 0
vt 0.5873263 0.10226901 0
vt 0.5865666 0.1028214 0
vt 0.5865666 0.1028214 0
vt 0.58450913 0.104306154 0
vt 0.58450913 0.104306154 0
vt 0.5824229 0.1057122 0
vt 0.5824229 0.1057122 0
vt 0.24956983 0.108848654 0
vt 0.24956983 0.108848654 0
vt 0.25198734 0.10965208 0
vt 0.25198734 0.10965208 0
vt 0.25450104 0.110211834 0
vt 0.25450104 0.110211834 0
vt 0.25509796 0.11033745 0
vt 0.25509796 0.11033745 0
vt 0.25712192 0.11082076 0
vt 0.25712192 0.11082076 0
vt 0.25905418 0.11152142 0
vt 0.25905418 0.11152142 0
vt 0.2875832 0.11348283 0
vt 0.2875832 0.11348283 0
vt 0.29136032 0.11348283 0
vt 0.29136032 0.11348283 0
vt 0.29513747 0.11348283 0
vt 0.29513747 0.11348283 0
vt 0.29891458 0.11348283 0
vt 0.29891458 0.11348283 0
vt 0.3026917 0.11348283 0
vt 0.3026917 0.11348283 0
vt 0.30646884 0.11348283 0
vt 0.30646884 0.11348283 0
vt 0.31024593 0.11348283 0
vt 0.31024593 0.11348283 0
vt 0.31402308 0.11348283 0
vt 0.31402308 0.11348283 0
vt 0.31780016 0.11348283 0
vt 0.31780016 0.11348283 0
vt 0.32157734 0.11348283 0
vt 0.32157734 0.11348283 0
vt 0.32535446 0.11348283 0
vt 0.32535446 0.11348283 0
vt 0.32913157 0.11348283 0
vt 0.32913157 0.11348283 0
vt 0.3329087 0.11348283 0
vt 0.3329087 0.11348283 0
vt 0.33668584 0.11348283 0
vt 0.33668584 0.11348283 0
vt 0.34046295 0.11348283 0
vt 0.34046295 0.11348283 0
vt 0.34424007 0.11348283 0
vt 0.34424007 0.11348283 0
vt 0.3480172 0.11348283 0
vt 0.3480172 0.11348283 0
vt 0.35179433 0.11348283 0
vt 0.35179433 0.11348283 0
vt 0.35557145 0.11348283 0
vt 0.35557145 0.11348283 0
vt 0.35934857 0.11348283 0
vt 0.35934857 0.11348283 0
vt 0.3631257 0.11348283 0
vt 0.3631257 0.11348283 0
vt 0.36690283 0.11348283 0
vt 0.36690283 0.11348283 0
vt 0.37067994 0.11348283 0
vt 0.37067994 0.11348283 0
vt 0.37445706 0.11348283 0
vt 0.37445706 0.11348283 0
vt 0.3782342 0.11348283 0
vt 0.3782342 0.11348283 0
vt 0.3820113 0.11348283 0
vt 0.3820113 0.11348283 0
vt 0.38578844 0.11348283 0
vt 0.38578844 0.11348283 0
vt 0.3895656 0.11348283 0
vt 0.3895656 0.11348283 0
vt 0.39334267 0.11348283 0
vt 0.39334267 0.11348283 0
vt 0.39711982 0.11348283 0
vt 0.39711982 0.11348283 0
vt 0.40089697 0.11348283 0
vt 0.40089697 0.11348283 0
vt 0.40467405 0.11348283 0
vt 0.40467405 0.11348283 0
vt 0.4084512 0.11348283 0
vt 0.4084512 0.11348283 0
vt 0.4122283 0.11348283 0
vt 0.4122283 0.11348283 0
vt 0.41600543 0.11348283 0
vt 0.41600543 0.11348283 0
vt 0.41978258 0.11348283 0
vt 0.41978258 0.11348283 0
vt 0.42355967 0.11348283 0
vt 0.42355967 0.11348283 0
vt 0.4273368 0.11348283 0
vt 0.4273368 0.11348283 0
vt 0.43111396 0.11348283 0
vt 0.43111396 0.11348283 0
vt 0.43489105 0.11348283 0
vt 0.43489105 0.11348283 0
vt 0.4386682 0.11348283 0
vt 0.4386682 0.11348283 0
vt 0.44244534 0.11348283 0
vt 0.44244534 0.11348283 0
vt 0.44622242 0.11348283 0
vt 0.44622242 0.11348283 0
vt 0.44999957 0.11348283 0
vt 0.44999957 0.11348283 0
vt 0.45377672 0.11348283 0
vt 0.45377672 0.11348283 0
vt 0.4575538 0.11348283 0
vt 0.4575538 0.11348283 0
vt 0.46133095 0.11348283 0
vt 0.46133095 0.11348283 0
vt 0.46510804 0.11348283 0
vt 0.46510804 0.11348283 0
vt 0.26717076 0.11540667 0
vt 0.26717076 0.11540667 0
vt 0.26893756 0.11646683 0
vt 0.26893756 0.11646683 0
vt 0.62294436 0.11725335 0
vt 0.62294436 0.11725335 0
vt 0.27061272 0.117715366 0
vt 0.27061272 0.117715366 0
vt 0.27109605 0.118090585 0
vt 0.27109605 0.118090585 0
vt 0.6205843 0.11821676 0
vt 0.6205843 0.11821676 0
vt 0.6181652 0.11907731 0
vt 0.6181652 0.11907731 0
vt 0.6173228 0.11937106 0
vt 0.6173228 0.11937106 0
vt 0.27316496 0.11962861 0
vt 0.27316496 0.11962861 0
vt 0.95520025 0.11979448 0
vt 0.95520025 0.11979448 0
vt 0.6153694 0.120070465 0
vt 0.6153694 0.120070465 0
vt 0.6134684 0.1208427 0
vt 0.6134684 0.1208427 0
vt 0.27535063 0.120928034 0
vt 0.27535063 0.120928034 0
vt 0.60528904 0.12449175 0
vt 0.60528904 0.12449175 0
vt 0.60346967 0.1253969 0
vt 0.60346967 0.1253969 0
vt 0.60167736 0.12638094 0
vt 0.60167736 0.12638094 0
vt 0.6009118 0.12680958 0
vt 0.6009118 0.12680958 0
vt 0.5987036 0.12802278 0
vt 0.5987036 0.12802278 0
vt 0.2875832 0.12827659 0
vt 0.2875832 0.12827659 0
vt 0.29136032 0.12827659 0
vt 0.29136032 0.12827659 0
vt 0.29513747 0.12827659 0
vt 0.29513747 0.12827659 0
vt 0.29891458 0.12827659 0
vt 0.29891458 0.12827659 0
vt 0.3026917 0.12827659 0
vt 0.3026917 0.12827659 0
vt 0.30646884 0.12827659 0
vt 0.30646884 0.12827659 0
vt 0.31024593 0.12827659 0
vt 0.31024593 0.12827659 0
vt 0.31402308 0.12827659 0
vt 0.31402308 0.12827659 0
vt 0.31780016 0.12827659 0
vt 0.31780016 0.12827659 0
vt 0.32157734 0.12827659 0
vt 0.32157734 0.12827659 0
vt 0.32535446 0.12827659 0
vt 0.32535446 0.12827659 0
vt 0.32913157 0.12827659 0
vt 0.32913157 0.12827659 0
vt 0.3329087 0.12827659 0
vt 0.3329087 0.12827659 0
vt 0.33668584 0.12827659 0
vt 0.33668584 0.12827659 0
vt 0.34046295 0.12827659 0
vt 0.34046295 0.12827659 0
vt 0.34424007 0.12827659 0
vt 0.34424007 0.12827659 0
vt 0.3480172 0.12827659 0
vt 0.3480172 0.12827659 0
vt 0.35179433 0.12827659 0
vt 0.35179433 0.12827659 0
vt 0.35557145 0.12827659 0
vt 0.35557145 0.12827659 0
vt 0.35934857 0.12827659 0
vt 0.35934857 0.12827659 0
vt 0.3631257 0.12827659 0
vt 0.3631257 0.12827659 0
vt 0.36690283 0.12827659 0
vt 0.36690283 0.12827659 0
vt 0.37067994 0.12827659 0
vt 0.37067994 0.12827659 0
vt 0.37445706 0.12827659 0
vt 0.37445706 0.12827659 0
vt 0.3782342 0.12827659 0
vt 0.3782342 0.12827659 0
vt 0.3820113 0.12827659 0
vt 0.3820113 0.12827659 0
vt 0.38578844 0.12827659 0
vt 0.38578844 0.12827659 0
vt 0.3895656 0.12827659 0
vt 0.3895656 0.12827659 0
vt 0.39334267 0.12827659 0
vt 0.39334267 0.12827659 0
vt 0.39711982 0.12827659 0
vt 0.39711982 0.12827659 0
vt 0.40089697 0.12827659 0
vt 0.40089697 0.12827659 0
vt 0.40467405 0.12827659 0
vt 0.40467405 0.12827659 0
vt 0.4084512 0.12827659 0
vt 0.4084512 0.12827659 0
vt 0.4122283 0.12827659 0
vt 0.4122283 0.12827659 0
vt 0.41600543 0.12827659 0
vt 0.41600543 0.12827659 0
vt 0.41978258 0.12827659 0
vt 0.41978258 0.12827659 0
vt 0.42355967 0.12827659 0
vt 0.42355967 0.12827659 0
vt 0.4273368 0.12827659 0
vt 0.4273368 0.12827659 0
vt 0.43111396 0.12827659 0
vt 0.43111396 0.12827659 0
vt 0.43489105 0.12827659 0
vt 0.43489105 0.12827659 0
vt 0.4386682 0.12827659 0
vt 0.4386682 0.12827659 0
vt 0.44244534 0.12827659 0
vt 0.44244534 0.12827659 0
vt 0.44622242 0.12827659 0
vt 0.44622242 0.12827659 0
vt 0.44999957 0.12827659 0
vt 0.44999957 0.12827659 0
vt 0.45377672 0.12827659 0
vt 0.45377672 0.12827659 0
vt 0.4575538 0.12827659 0
vt 0.4575538 0.12827659 0
vt 0.46133095 0.12827659 0
vt 0.46133095 0.12827659 0
vt 0.46510804 0.12827659 0
vt 0.46510804 0.12827659 0
vt 0.5964662 0.12913647 0
vt 0.5964662 0.12913647 0
vt 0.642676 0.13167828 0
vt 0.642676 0.13167828 0
vt 0.23982649 0.13565001 0
vt 0.23982649 0.13565001 0
vt 0.24231708 0.13616315 0
vt 0.24231708 0.13616315 0
vt 0.24485756 0.13642782 0
vt 0.24485756 0.13642782 0
vt 0.245355 0.13647082 0
vt 0.245355 0.13647082 0
vt 0.24740824 0.1367084 0
vt 0.24740824 0.1367084 0
vt 0.2494145 0.1371665 0
vt 0.2494145 0.1371665 0
vt 0.2579131 0.13999203 0
vt 0.2579131 0.13999203 0
vt 0.2598113 0.14080983 0
vt 0.2598113 0.14080983 0
vt 0.26163152 0.14181475 0
vt 0.26163152 0.14181475 0
vt 0.26206526 0.14206757 0
vt 0.26206526 0.14206757 0
vt 0.2875832 0.14307031 0
vt 0.2875832 0.14307031 0
vt 0.29136032 0.14307031 0
vt 0.29136032 0.14307031 0
vt 0.29513747 0.14307031 0
vt 0.29513747 0.14307031 0
vt 0.29891458 0.14307031 0
vt 0.29891458 0.14307031 0
vt 0.3026917 0.14307031 0
vt 0.3026917 0.14307031 0
vt 0.30646884 0.14307031 0
vt 0.30646884 0.14307031 0
vt 0.31024593 0.14307031 0
vt 0.31024593 0.14307031 0
vt 0.31402308 0.14307031 0
vt 0.31402308 0.14307031 0
vt 0.31780016 0.14307031 0
vt 0.31780016 0.14307031 0
vt 0.32157734 0.14307031 0
vt 0.32157734 0.14307031 0
vt 0.32535446 0.14307031 0
vt 0.32535446 0.14307031 0
vt 0.32913157 0.14307031 0
vt 0.32913157 0.14307031 0
vt 0.3329087 0.14307031 0
vt 0.3329087 0.14307031 0
vt 0.33668584 0.14307031 0
vt 0.33668584 0.14307031 0
vt 0.34046295 0.14307031 0
vt 0.34046295 0.14307031 0
vt 0.34424007 0.14307031 0
vt 0.34424007 0.14307031 0
vt 0.3480172 0.14307031 0
vt 0.3480172 0.14307031 0
vt 0.35179433 0.14307031 0
vt 0.35179433 0.14307031 0
vt 0.35557145 0.14307031 0
vt 0.35557145 0.14307031 0
vt 0.35934857 0.14307031 0
vt 0.35934857 0.14307031 0
vt 0.3631257 0.14307031 0
vt 0.3631257 0.14307031 0
vt 0.36690283 0.14307031 0
vt 0.36690283 0.14307031 0
vt 0.37067994 0.14307031 0
vt 0.37067994 0.14307031 0
vt 0.37445706 0.14307031 0
vt 0.37445706 0.14307031 0
vt 0.3782342 0.14307031 0
vt 0.3782342 0.14307031 0
vt 0.3820113 0.14307031 0
vt 0.3820113 0.14307031 0
vt 0.38578844 0.14307031 0
vt 0.38578844 0.14307031 0
vt 0.3895656 0.14307031 0
vt 0.3895656 0.14307031 0
vt 0.39334267 0.14307031 0
vt 0.39334267 0.14307031 0
vt 0.39711982 0.14307031 0
vt 0.39711982 0.14307031 0
vt 0.40089697 0.14307031 0
vt 0.40089697 0.14307031 0
vt 0.40467405 0.14307031 0
vt 0.40467405 0.14307031 0
vt 0.4084512 0.14307031 0
vt 0.4084512 0.14307031 0
vt 0.4122283 0.14307031 0
vt 0.4122283 0.14307031 0
vt 0.41600543 0.14307031 0
vt 0.41600543 0.14307031 0
vt 0.41978258 0.14307031 0
vt 0.41978258 0.14307031 0
vt 0.42355967 0.14307031 0
vt 0.42355967 0.14307031 0
vt 0.4273368 0.14307031 0
vt 0.4273368 0.14307031 0
vt 0.43111396 0.14307031 0
vt 0.43111396 0.14307031 0
vt 0.43489105 0.14307031 0
vt 0.43489105 0.14307031 0
vt 0.4386682 0.14307031 0
vt 0.4386682 0.14307031 0
vt 0.44244534 0.14307031 0
vt 0.44244534 0.14307031 0
vt 0.44622242 0.14307031 0
vt 0.44622242 0.14307031 0
vt 0.44999957 0.14307031 0
vt 0.44999957 0.14307031 0
vt 0.45377672 0.14307031 0
vt 0.45377672 0.14307031 0
vt 0.4575538 0.14307031 0
vt 0.4575538 0.14307031 0
vt 0.46133095 0.14307031 0
vt 0.46133095 0.14307031 0
vt 0.46510804 0.14307031 0
vt 0.46510804 0.14307031 0
vt 0.26431328 0.14330508 0
vt 0.26431328 0.14330508 0
vt 0.26665708 0.1443126 0
vt 0.26665708 0.1443126 0
vt 0.9719266 0.14522277 0
vt 0.9719266 0.14522277 0
vt 0.6338127 0.14645308 0
vt 0.6338127 0.14645308 0
vt 0.6313124 0.14693394 0
vt 0.6313124 0.14693394 0
vt 0.62877774 0.14725378 0
vt 0.62877774 0.14725378 0
vt 0.627958 0.1473521 0
vt 0.627958 0.1473521 0
vt 0.6259142 0.14763199 0
vt 0.6259142 0.14763199 0
vt 0.62390953 0.1480508 0
vt 0.62390953 0.1480508 0
vt 0.61537236 0.1503775 0
vt 0.61537236 0.1503775 0
vt 0.61344343 0.15102193 0
vt 0.61344343 0.15102193 0
vt 0.61155486 0.1517908 0
vt 0.61155486 0.1517908 0
vt 0.61080503 0.15210782 0
vt 0.61080503 0.15210782 0
vt 0.6084781 0.15305533 0
vt 0.6084781 0.15305533 0
vt 0.6061061 0.15384512 0
vt 0.6061061 0.15384512 0
vt 0.2875832 0.15786406 0
vt 0.2875832 0.15786406 0
vt 0.29136032 0.15786406 0
vt 0.29136032 0.15786406 0
vt 0.29513747 0.15786406 0
vt 0.29513747 0.15786406 0
vt 0.29891458 0.15786406 0
vt 0.29891458 0.15786406 0
vt 0.3026917 0.15786406 0
vt 0.3026917 0.15786406 0
vt 0.30646884 0.15786406 0
vt 0.30646884 0.15786406 0
vt 0.31024593 0.15786406 0
vt 0.31024593 0.15786406 0
vt 0.31402308 0.15786406 0
vt 0.31402308 0.15786406 0
vt 0.31780016 0.15786406 0
vt 0.31780016 0.15786406 0
vt 0.32157734 0.15786406 0
vt 0.32157734 0.15786406 0
vt 0.32535446 0.15786406 0
vt 0.32535446 0.15786406 0
vt 0.32913157 0.15786406 0
vt 0.32913157 0.15786406 0
vt 0.3329087 0.15786406 0
vt 0.3329087 0.15786406 0
vt 0.33668584 0.15786406 0
vt 0.33668584 0.15786406 0
vt 0.34046295 0.15786406 0
vt 0.34046295 0.15786406 0
vt 0.34424007 0.15786406 0
vt 0.34424007 0.15786406 0
vt 0.3480172 0.15786406 0
vt 0.3480172 0.15786406 0
vt 0.35179433 0.15786406 0
vt 0.35179433 0.15786406 0
vt 0.35557145 0.15786406 0
vt 0.35557145 0.15786406 0
vt 0.35934857 0.15786406 0
vt 0.35934857 0.15786406 0
vt 0.3631257 0.15786406 0
vt 0.3631257 0.15786406 0
vt 0.36690283 0.15786406 0
vt 0.36690283 0.15786406 0
vt 0.37067994 0.15786406 0
vt 0.37067994 0.15786406 0
vt 0.37445706 0.15786406 0
vt 0.37445706 0.15786406 0
vt 0.3782342 0.15786406 0
vt 0.3782342 0.15786406 0
vt 0.3820113 0.15786406 0
vt 0.3820113 0.15786406 0
vt 0.38578844 0.15786406 0
vt 0.38578844 0.15786406 0
vt 0.3895656 0.15786406 0
vt 0.3895656 0.15786406 0
vt 0.39334267 0.15786406 0
vt 0.39334267 0.15786406 0
vt 0.39711982 0.15786406 0
vt 0.39711982 0.15786406 0
vt 0.40089697 0.15786406 0
vt 0.40089697 0.15786406 0
vt 0.40467405 0.15786406 0
vt 0.40467405 0.15786406 0
vt 0.4084512 0.15786406 0
vt 0.4084512 0.15786406 0
vt 0.4122283 0.15786406 0
vt 0.4122283 0.15786406 0
vt 0.41600543 0.15786406 0
vt 0.41600543 0.15786406 0
vt 0.41978258 0.15786406 0
vt 0.41978258 0.15786406 0
vt 0.42355967 0.15786406 0
vt 0.42355967 0.15786406 0
vt 0.4273368 0.15786406 0
vt 0.4273368 0.15786406 0
vt 0.43111396 0.15786406 0
vt 0.43111396 0.15786406 0
vt 0.43489105 0.15786406 0
vt 0.43489105 0.15786406 0
vt 0.4386682 0.15786406 0
vt 0.4386682 0.15786406 0
vt 0.44244534 0.15786406 0
vt 0.44244534 0.15786406 0
vt 0.44622242 0.15786406 0
vt 0.44622242 0.15786406 0
vt 0.44999957 0.15786406 0
vt 0.44999957 0.15786406 0
vt 0.45377672 0.15786406 0
vt 0.45377672 0.15786406 0
vt 0.4575538 0.15786406 0
vt 0.4575538 0.15786406 0
vt 0.46133095 0.15786406 0
vt 0.46133095 0.15786406 0
vt 0.46510804 0.15786406 0
vt 0.46510804 0.15786406 0
vt 0.23293294 0.16417384 0
vt 0.23293294 0.16417384 0
vt 0.23545837 0.16442291 0
vt 0.23545837 0.16442291 0
vt 0.23798673 0.16444403 0
vt 0.23798673 0.16444403 0
vt 0.24050173 0.16447279 0
vt 0.24050173 0.16447279 0
vt 0.23855205 0.16448045 0
vt 0.23855205 0.16448045 0
vt 0.2425398 0.16469413 0
vt 0.2425398 0.16469413 0
vt 0.25146648 0.1664341 0
vt 0.25146648 0.1664341 0
vt 0.25344095 0.16698502 0
vt 0.25344095 0.16698502 0
vt 0.2552564 0.16769777 0
vt 0.2552564 0.16769777 0
vt 0.25579673 0.16786622 0
vt 0.25579673 0.16786622 0
vt 0.25816166 0.1687482 0
vt 0.25816166 0.1687482 0
vt 0.2606007 0.16942164 0
vt 0.2606007 0.16942164 0
vt 0.9845452 0.1705633 0
vt 0.9845452 0.1705633 0
vt 0.2875832 0.17265779 0
vt 0.2875832 0.17265779 0
vt 0.29136032 0.17265779 0
vt 0.29136032 0.17265779 0
vt 0.29513747 0.17265779 0
vt 0.29513747 0.17265779 0
vt 0.29891458 0.17265779 0
vt 0.29891458 0.17265779 0
vt 0.3026917 0.17265779 0
vt 0.3026917 0.17265779 0
vt 0.30646884 0.17265779 0
vt 0.30646884 0.17265779 0
vt 0.31024593 0.17265779 0
vt 0.31024593 0.17265779 0
vt 0.31402308 0.17265779 0
vt 0.31402308 0.17265779 0
vt 0.31780016 0.17265779 0
vt 0.31780016 0.17265779 0
vt 0.32157734 0.17265779 0
vt 0.32157734 0.17265779 0
vt 0.32535446 0.17265779 0
vt 0.32535446 0.17265779 0
vt 0.32913157 0.17265779 0
vt 0.32913157 0.17265779 0
vt 0.3329087 0.17265779 0
vt 0.3329087 0.17265779 0
vt 0.33668584 0.17265779 0
vt 0.33668584 0.17265779 0
vt 0.34046295 0.17265779 0
vt 0.34046295 0.17265779 0
vt 0.34424007 0.17265779 0
vt 0.34424007 0.17265779 0
vt 0.3480172 0.17265779 0
vt 0.3480172 0.17265779 0
vt 0.35179433 0.17265779 0
vt 0.35179433 0.17265779 0
vt 0.35557145 0.17265779 0
vt 0.35557145 0.17265779 0
vt 0.35934857 0.17265779 0
vt 0.35934857 0.17265779 0
vt 0.3631257 0.17265779 0
vt 0.3631257 0.17265779 0
vt 0.36690283 0.17265779 0
vt 0.36690283 0.17265779 0
vt 0.37067994 0.17265779 0
vt 0.37067994 0.17265779 0
vt 0.37445706 0.17265779 0
vt 0.37445706 0.17265779 0
vt 0.3782342 0.17265779 0
vt 0.3782342 0.17265779 0
vt 0.3820113 0.17265779 0
vt 0.3820113 0.17265779 0
vt 0.38578844 0.17265779 0
vt 0.38578844 0.17265779 0
vt 0.3895656 0.17265779 0
vt 0.3895656 0.17265779 0
vt 0.39334267 0.17265779 0
vt 0.39334267 0.17265779 0
vt 0.39711982 0.17265779 0
vt 0.39711982 0.17265779 0
vt 0.40089697 0.17265779 0
vt 0.40089697 0.17265779 0
vt 0.40467405 0.17265779 0
vt 0.40467405 0.17265779 0
vt 0.4084512 0.17265779 0
vt 0.4084512 0.17265779 0
vt 0.4122283 0.17265779 0
vt 0.4122283 0.17265779 0
vt 0.41600543 0.17265779 0
vt 0.41600543 0.17265779 0
vt 0.41978258 0.17265779 0
vt 0.41978258 0.17265779 0
vt 0.42355967 0.17265779 0
vt 0.42355967 0.17265779 0
vt 0.4273368 0.17265779 0
vt 0.4273368 0.17265779 0
vt 0.43111396 0.17265779 0
vt 0.43111396 0.17265779 0
vt 0.43489105 0.17265779 0
vt 0.43489105 0.17265779 0
vt 0.4386682 0.17265779 0
vt 0.4386682 0.17265779 0
vt 0.44244534 0.17265779 0
vt 0.44244534 0.17265779 0
vt 0.44622242 0.17265779 0
vt 0.44622242 0.17265779 0
vt 0.44999957 0.17265779 0
vt 0.44999957 0.17265779 0
vt 0.45377672 0.17265779 0
vt 0.45377672 0.17265779 0
vt 0.4575538 0.17265779 0
vt 0.4575538 0.17265779 0
vt 0.46133095 0.17265779 0
vt 0.46133095 0.17265779 0
vt 0.46510804 0.17265779 0
vt 0.46510804 0.17265779 0
vt 0.63985604 0.17644337 0
vt 0.63985604 0.17644337 0
vt 0.6315407 0.17758414 0
vt 0.6315407 0.17758414 0
vt 0.62949723 0.1776281 0
vt 0.62949723 0.1776281 0
vt 0.63357466 0.17773326 0
vt 0.63357466 0.17773326 0
vt 0.63432586 0.17780602 0
vt 0.63432586 0.17780602 0
vt 0.6368421 0.17802949 0
vt 0.6368421 0.17802949 0
vt 0.6393816 0.17804278 0
vt 0.6393816 0.17804278 0
vt 0.62047946 0.17854254 0
vt 0.62047946 0.17854254 0
vt 0.61847633 0.1789011 0
vt 0.61847633 0.1789011 0
vt 0.6165201 0.17942746 0
vt 0.6165201 0.17942746 0
vt 0.6158012 0.17963469 0
vt 0.6158012 0.17963469 0
vt 0.61338913 0.18028317 0
vt 0.61338913 0.18028317 0
vt 0.61092174 0.18071969 0
vt 0.61092174 0.18071969 0
vt 0.2875832 0.18745151 0
vt 0.2875832 0.18745151 0
vt 0.29136032 0.18745151 0
vt 0.29136032 0.18745151 0
vt 0.29513747 0.18745151 0
vt 0.29513747 0.18745151 0
vt 0.29891458 0.18745151 0
vt 0.29891458 0.18745151 0
vt 0.3026917 0.18745151 0
vt 0.3026917 0.18745151 0
vt 0.30646884 0.18745151 0
vt 0.30646884 0.18745151 0
vt 0.31024593 0.18745151 0
vt 0.31024593 0.18745151 0
vt 0.31402308 0.18745151 0
vt 0.31402308 0.18745151 0
vt 0.31780016 0.18745151 0
vt 0.31780016 0.18745151 0
vt 0.32157734 0.18745151 0
vt 0.32157734 0.18745151 0
vt 0.32535446 0.18745151 0
vt 0.32535446 0.18745151 0
vt 0.32913157 0.18745151 0
vt 0.32913157 0.18745151 0
vt 0.3329087 0.18745151 0
vt 0.3329087 0.18745151 0
vt 0.33668584 0.18745151 0
vt 0.33668584 0.18745151 0
vt 0.34046295 0.18745151 0
vt 0.34046295 0.18745151 0
vt 0.34424007 0.18745151 0
vt 0.34424007 0.18745151 0
vt 0.3480172 0.18745151 0
vt 0.3480172 0.18745151 0
vt 0.35179433 0.18745151 0
vt 0.35179433 0.18745151 0
vt 0.35557145 0.18745151 0
vt 0.35557145 0.18745151 0
vt 0.35934857 0.18745151 0
vt 0.35934857 0.18745151 0
vt 0.3631257 0.18745151 0
vt 0.3631257 0.18745151 0
vt 0.36690283 0.18745151 0
vt 0.36690283 0.18745151 0
vt 0.37067994 0.18745151 0
vt 0.37067994 0.18745151 0
vt 0.37445706 0.18745151 0
vt 0.37445706 0.18745151 0
vt 0.3782342 0.18745151 0
vt 0.3782342 0.18745151 0
vt 0.3820113 0.18745151 0
vt 0.3820113 0.18745151 0
vt 0.38578844 0.18745151 0
vt 0.38578844 0.18745151 0
vt 0.3895656 0.18745151 0
vt 0.3895656 0.18745151 0
vt 0.39334267 0.18745151 0
vt 0.39334267 0.18745151 0
vt 0.39711982 0.18745151 0
vt 0.39711982 0.18745151 0
vt 0.40089697 0.18745151 0
vt 0.40089697 0.18745151 0
vt 0.40467405 0.18745151 0
vt 0.40467405 0.18745151 0
vt 0.4084512 0.18745151 0
vt 0.4084512 0.18745151 0
vt 0.4122283 0.18745151 0
vt 0.4122283 0.18745151 0
vt 0.41600543 0.18745151 0
vt 0.41600543 0.18745151 0
vt 0.41978258 0.18745151 0
vt 0.41978258 0.18745151 0
vt 0.42355967 0.18745151 0
vt 0.42355967 0.18745151 0
vt 0.4273368 0.18745151 0
vt 0.4273368 0.18745151 0
vt 0.43111396 0.18745151 0
vt 0.43111396 0.18745151 0
vt 0.43489105 0.18745151 0
vt 0.43489105 0.18745151 0
vt 0.4386682 0.18745151 0
vt 0.4386682 0.18745151 0
vt 0.44244534 0.18745151 0
vt 0.44244534 0.18745151 0
vt 0.44622242 0.18745151 0
vt 0.44622242 0.18745151 0
vt 0.44999957 0.18745151 0
vt 0.44999957 0.18745151 0
vt 0.45377672 0.18745151 0
vt 0.45377672 0.18745151 0
vt 0.4575538 0.18745151 0
vt 0.4575538 0.18745151 0
vt 0.46133095 0.18745151 0
vt 0.46133095 0.18745151 0
vt 0.46510804 0.18745151 0
vt 0.46510804 0.18745151 0
vt 0.23923604 0.19339003 0
vt 0.23923604 0.19339003 0
vt 0.23719394 0.19340765 0
vt 0.23719394 0.19340765 0
vt 0.23518166 0.1936036 0
vt 0.23518166 0.1936036 0
vt 0.23453431 0.19368367 0
vt 0.23453431 0.19368367 0
vt 0.23196371 0.1938738 0
vt 0.23196371 0.1938738 0
vt 0.22943306 0.1939306 0
vt 0.22943306 0.1939306 0
vt 0.24813384 0.1939834 0
vt 0.24813384 0.1939834 0
vt 0.25015888 0.19426358 0
vt 0.25015888 0.19426358 0
vt 0.2520844 0.19473027 0
vt 0.2520844 0.19473027 0
vt 0.25257424 0.19478256 0
vt 0.25257424 0.19478256 0
vt 0.2550168 0.19530572 0
vt 0.2550168 0.19530572 0
vt 0.2575178 0.19563499 0
vt 0.2575178 0.19563499 0
vt 0.99310726 0.19600974 0
vt 0.99310726 0.19600974 0
vt 0.2875832 0.20224527 0
vt 0.2875832 0.20224527 0
vt 0.29136032 0.20224527 0
vt 0.29136032 0.20224527 0
vt 0.29513747 0.20224527 0
vt 0.29513747 0.20224527 0
vt 0.29891458 0.20224527 0
vt 0.29891458 0.20224527 0
vt 0.3026917 0.20224527 0
vt 0.3026917 0.20224527 0
vt 0.30646884 0.20224527 0
vt 0.30646884 0.20224527 0
vt 0.31024593 0.20224527 0
vt 0.31024593 0.20224527 0
vt 0.31402308 0.20224527 0
vt 0.31402308 0.20224527 0
vt 0.31780016 0.20224527 0
vt 0.31780016 0.20224527 0
vt 0.32157734 0.20224527 0
vt 0.32157734 0.20224527 0
vt 0.32535446 0.20224527 0
vt 0.32535446 0.20224527 0
vt 0.32913157 0.20224527 0
vt 0.32913157 0.20224527 0
vt 0.3329087 0.20224527 0
vt 0.3329087 0.20224527 0
vt 0.33668584 0.20224527 0
vt 0.33668584 0.20224527 0
vt 0.34046295 0.20224527 0
vt 0.34046295 0.20224527 0
vt 0.34424007 0.20224527 0
vt 0.34424007 0.20224527 0
vt 0.3480172 0.20224527 0
vt 0.3480172 0.20224527 0
vt 0.35179433 0.20224527 0
vt 0.35179433 0.20224527 0
vt 0.35557145 0.20224527 0
vt 0.35557145 0.20224527 0
vt 0.35934857 0.20224527 0
vt 0.35934857 0.20224527 0
vt 0.3631257 0.20224527 0
vt 0.3631257 0.20224527 0
vt 0.36690283 0.20224527 0
vt 0.36690283 0.20224527 0
vt 0.37067994 0.20224527 0
vt 0.37067994 0.20224527 0
vt 0.37445706 0.20224527 0
vt 0.37445706 0.20224527 0
vt 0.3782342 0.20224527 0
vt 0.3782342 0.20224527 0
vt 0.3820113 0.20224527 0
vt 0.3820113 0.20224527 0
vt 0.38578844 0.20224527 0
vt 0.38578844 0.20224527 0
vt 0.3895656 0.20224527 0
vt 0.3895656 0.20224527 0
vt 0.39334267 0.20224527 0
vt 0.39334267 0.20224527 0
vt 0.39711982 0.20224527 0
vt 0.39711982 0.20224527 0
vt 0.40089697 0.20224527 0
vt 0.40089697 0.20224527 0
vt 0.40467405 0.20224527 0
vt 0.40467405 0.20224527 0
vt 0.4084512 0.20224527 0
vt 0.4084512 0.20224527 0
vt 0.4122283 0.20224527 0
vt 0.4122283 0.20224527 0
vt 0.41600543 0.20224527 0
vt 0.41600543 0.20224527 0
vt 0.41978258 0.20224527 0
vt 0.41978258 0.20224527 0
vt 0.42355967 0.20224527 0
vt 0.42355967 0.20224527 0
vt 0.4273368 0.20224527 0
vt 0.4273368 0.20224527 0
vt 0.43111396 0.20224527 0
vt 0.43111396 0.20224527 0
vt 0.43489105 0.20224527 0
vt 0.43489105 0.20224527 0
vt 0.4386682 0.20224527 0
vt 0.4386682 0.20224527 0
vt 0.44244534 0.20224527 0
vt 0.44244534 0.20224527 0
vt 0.44622242 0.20224527 0
vt 0.44622242 0.20224527 0
vt 0.44999957 0.20224527 0
vt 0.44999957 0.20224527 0
vt 0.45377672 0.20224527 0
vt 0.45377672 0.20224527 0
vt 0.4575538 0.20224527 0
vt 0.4575538 0.20224527 0
vt 0.46133095 0.20224527 0
vt 0.46133095 0.20224527 0
vt 0.46510804 0.20224527 0
vt 0.46510804 0.20224527 0
vt 0.6208217 0.20923592 0
vt 0.6208217 0.20923592 0
vt 0.6187766 0.20930018 0
vt 0.6187766 0.20930018 0
vt 0.616779 0.20953608 0
vt 0.616779 0.20953608 0
vt 0.616093 0.20963006 0
vt 0.616093 0.20963006 0
vt 0.62983096 0.20965295 0
vt 0.62983096 0.20965295 0
vt 0.63185793 0.20991156 0
vt 0.63185793 0.20991156 0
vt 0.6136278 0.20992093 0
vt 0.6136278 0.20992093 0
vt 0.61110497 0.20999464 0
vt 0.61110497 0.20999464 0
vt 0.6338163 0.2103556 0
vt 0.6338163 0.2103556 0
vt 0.63448733 0.21052475 0
vt 0.63448733 0.21052475 0
vt 0.6369005 0.21110862 0
vt 0.6369005 0.21110862 0
vt 0.6394001 0.21149154 0
vt 0.6394001 0.21149154 0
vt 0.81742734 0.21233822 0
vt 0.81742734 0.21233822 0
vt 0.2875832 0.21703902 0
vt 0.2875832 0.21703902 0
vt 0.29136032 0.21703902 0
vt 0.29136032 0.21703902 0
vt 0.29513747 0.21703902 0
vt 0.29513747 0.21703902 0
vt 0.29891458 0.21703902 0
vt 0.29891458 0.21703902 0
vt 0.3026917 0.21703902 0
vt 0.3026917 0.21703902 0
vt 0.30646884 0.21703902 0
vt 0.30646884 0.21703902 0
vt 0.31024593 0.21703902 0
vt 0.31024593 0.21703902 0
vt 0.31402308 0.21703902 0
vt 0.31402308 0.21703902 0
vt 0.31780016 0.21703902 0
vt 0.31780016 0.21703902 0
vt 0.32157734 0.21703902 0
vt 0.32157734 0.21703902 0
vt 0.32535446 0.21703902 0
vt 0.32535446 0.21703902 0
vt 0.32913157 0.21703902 0
vt 0.32913157 0.21703902 0
vt 0.3329087 0.21703902 0
vt 0.3329087 0.21703902 0
vt 0.33668584 0.21703902 0
vt 0.33668584 0.21703902 0
vt 0.34046295 0.21703902 0
vt 0.34046295 0.21703902 0
vt 0.34424007 0.21703902 0
vt 0.34424007 0.21703902 0
vt 0.3480172 0.21703902 0
vt 0.3480172 0.21703902 0
vt 0.35179433 0.21703902 0
vt 0.35179433 0.21703902 0
vt 0.35557145 0.21703902 0
vt 0.35557145 0.21703902 0
vt 0.35934857 0.21703902 0
vt 0.35934857 0.21703902 0
vt 0.3631257 0.21703902 0
vt 0.3631257 0.21703902 0
vt 0.36690283 0.21703902 0
vt 0.36690283 0.21703902 0
vt 0.37067994 0.21703902 0
vt 0.37067994 0.21703902 0
vt 0.37445706 0.21703902 0
vt 0.37445706 0.21703902 0
vt 0.3782342 0.21703902 0
vt 0.3782342 0.21703902 0
vt 0.3820113 0.21703902 0
vt 0.3820113 0.21703902 0
vt 0.38578844 0.21703902 0
vt 0.38578844 0.21703902 0
vt 0.3895656 0.21703902 0
vt 0.3895656 0.21703902 0
vt 0.39334267 0.21703902 0
vt 0.39334267 0.21703902 0
vt 0.39711982 0.21703902 0
vt 0.39711982 0.21703902 0
vt 0.40089697 0.21703902 0
vt 0.40089697 0.21703902 0
vt 0.40467405 0.21703902 0
vt 0.40467405 0.21703902 0
vt 0.4084512 0.21703902 0
vt 0.4084512 0.21703902 0
vt 0.4122283 0.21703902 0
vt 0.4122283 0.21703902 0
vt 0.41600543 0.21703902 0
vt 0.41600543 0.21703902 0
vt 0.41978258 0.21703902 0
vt 0.41978258 0.21703902 0
vt 0.42355967 0.21703902 0
vt 0.42355967 0.21703902 0
vt 0.4273368 0.21703902 0
vt 0.4273368 0.21703902 0
vt 0.43111396 0.21703902 0
vt 0.43111396 0.21703902 0
vt 0.43489105 0.21703902 0
vt 0.43489105 0.21703902 0
vt 0.4386682 0.21703902 0
vt 0.4386682 0.21703902 0
vt 0.44244534 0.21703902 0
vt 0.44244534 0.21703902 0
vt 0.44622242 0.21703902 0
vt 0.44622242 0.21703902 0
vt 0.44999957 0.21703902 0
vt 0.44999957 0.21703902 0
vt 0.45377672 0.21703902 0
vt 0.45377672 0.21703902 0
vt 0.4575538 0.21703902 0
vt 0.4575538 0.21703902 0
vt 0.46133095 0.21703902 0
vt 0.46133095 0.21703902 0
vt 0.46510804 0.21703902 0
vt 0.46510804 0.21703902 0
vt 0.63985604 0.2200536 0
vt 0.63985604 0.2200536 0
vt 0.998027 0.22194952 0
vt 0.998027 0.22194952 0
vt 0.25040644 0.22219184 0
vt 0.25040644 0.22219184 0
vt 0.24837036 0.2221989 0
vt 0.24837036 0.2221989 0
vt 0.25240013 0.22233376 0
vt 0.25240013 0.22233376 0
vt 0.2530339 0.22244404 0
vt 0.2530339 0.22244404 0
vt 0.25803116 0.22246805 0
vt 0.25803116 0.22246805 0
vt 0.2555248 0.2224874 0
vt 0.2555248 0.2224874 0
vt 0.23938519 0.22276938 0
vt 0.23938519 0.22276938 0
vt 0.237361 0.22304073 0
vt 0.237361 0.22304073 0
vt 0.2355647 0.2234501 0
vt 0.2355647 0.2234501 0
vt 0.23503828 0.22352459 0
vt 0.23503828 0.22352459 0
vt 0.232618 0.22405349 0
vt 0.232618 0.22405349 0
vt 0.23011729 0.22441065 0
vt 0.23011729 0.22441065 0
vt 0.2875832 0.23183277 0
vt 0.2875832 0.23183277 0
vt 0.29136032 0.23183277 0
vt 0.29136032 0.23183277 0
vt 0.29513747 0.23183277 0
vt 0.29513747 0.23183277 0
vt 0.29891458 0.23183277 0
vt 0.29891458 0.23183277 0
vt 0.3026917 0.23183277 0
vt 0.3026917 0.23183277 0
vt 0.30646884 0.23183277 0
vt 0.30646884 0.23183277 0
vt 0.31024593 0.23183277 0
vt 0.31024593 0.23183277 0
vt 0.31402308 0.23183277 0
vt 0.31402308 0.23183277 0
vt 0.31780016 0.23183277 0
vt 0.31780016 0.23183277 0
vt 0.32157734 0.23183277 0
vt 0.32157734 0.23183277 0
vt 0.32535446 0.23183277 0
vt 0.32535446 0.23183277 0
vt 0.32913157 0.23183277 0
vt 0.32913157 0.23183277 0
vt 0.3329087 0.23183277 0
vt 0.3329087 0.23183277 0
vt 0.33668584 0.23183277 0
vt 0.33668584 0.23183277 0
vt 0.34046295 0.23183277 0
vt 0.34046295 0.23183277 0
vt 0.34424007 0.23183277 0
vt 0.34424007 0.23183277 0
vt 0.3480172 0.23183277 0
vt 0.3480172 0.23183277 0
vt 0.35179433 0.23183277 0
vt 0.35179433 0.23183277 0
vt 0.35557145 0.23183277 0
vt 0.35557145 0.23183277 0
vt 0.35934857 0.23183277 0
vt 0.35934857 0.23183277 0
vt 0.3631257 0.23183277 0
vt 0.3631257 0.23183277 0
vt 0.36690283 0.23183277 0
vt 0.36690283 0.23183277 0
vt 0.37067994 0.23183277 0
vt 0.37067994 0.23183277 0
vt 0.37445706 0.23183277 0
vt 0.37445706 0.23183277 0
vt 0.3782342 0.23183277 0
vt 0.3782342 0.23183277 0
vt 0.3820113 0.23183277 0
vt 0.3820113 0.23183277 0
vt 0.38578844 0.23183277 0
vt 0.38578844 0.23183277 0
vt 0.3895656 0.23183277 0
vt 0.3895656 0.23183277 0
vt 0.39334267 0.23183277 0
vt 0.39334267 0.23183277 0
vt 0.39711982 0.23183277 0
vt 0.39711982 0.23183277 0
vt 0.40089697 0.23183277 0
vt 0.40089697 0.23183277 0
vt 0.40467405 0.23183277 0
vt 0.40467405 0.23183277 0
vt 0.4084512 0.23183277 0
vt 0.4084512 0.23183277 0
vt 0.4122283 0.23183277 0
vt 0.4122283 0.23183277 0
vt 0.41600543 0.23183277 0
vt 0.41600543 0.23183277 0
vt 0.41978258 0.23183277 0
vt 0.41978258 0.23183277 0
vt 0.42355967 0.23183277 0
vt 0.42355967 0.23183277 0
vt 0.4273368 0.23183277 0
vt 0.4273368 0.23183277 0
vt 0.43111396 0.23183277 0
vt 0.43111396 0.23183277 0
vt 0.43489105 0.23183277 0
vt 0.43489105 0.23183277 0
vt 0.4386682 0.23183277 0
vt 0.4386682 0.23183277 0
vt 0.44244534 0.23183277 0
vt 0.44244534 0.23183277 0
vt 0.44622242 0.23183277 0
vt 0.44622242 0.23183277 0
vt 0.44999957 0.23183277 0
vt 0.44999957 0.23183277 0
vt 0.45377672 0.23183277 0
vt 0.45377672 0.23183277 0
vt 0.4575538 0.23183277 0
vt 0.4575538 0.23183277 0
vt 0.46133095 0.23183277 0
vt 0.46133095 0.23183277 0
vt 0.46510804 0.23183277 0
vt 0.46510804 0.23183277 0
vt 0.6069719 0.24203059 0
vt 0.6069719 0.24203059 0
vt 0.60946876 0.24230698 0
vt 0.60946876 0.24230698 0
vt 0.61175966 0.2424178 0
vt 0.61175966 0.2424178 0
vt 0.61263794 0.24246134 0
vt 0.61263794 0.24246134 0
vt 0.614607 0.24255836 0
vt 0.614607 0.24255836 0
vt 0.6166311 0.24278437 0
vt 0.6166311 0.24278437 0
vt 0.625525 0.24427205 0
vt 0.625525 0.24427205 0
vt 0.6275089 0.24472325 0
vt 0.6275089 0.24472325 0
vt 0.62939316 0.24528998 0
vt 0.62939316 0.24528998 0
vt 0.6302337 0.24554673 0
vt 0.6302337 0.24554673 0
vt 0.6324228 0.24622734 0
vt 0.6324228 0.24622734 0
vt 0.2875832 0.24662647 0
vt 0.2875832 0.24662647 0
vt 0.29136032 0.24662647 0
vt 0.29136032 0.24662647 0
vt 0.29513747 0.24662647 0
vt 0.29513747 0.24662647 0
vt 0.29891458 0.24662647 0
vt 0.29891458 0.24662647 0
vt 0.3026917 0.24662647 0
vt 0.3026917 0.24662647 0
vt 0.30646884 0.24662647 0
vt 0.30646884 0.24662647 0
vt 0.31024593 0.24662647 0
vt 0.31024593 0.24662647 0
vt 0.31402308 0.24662647 0
vt 0.31402308 0.24662647 0
vt 0.31780016 0.24662647 0
vt 0.31780016 0.24662647 0
vt 0.32157734 0.24662647 0
vt 0.32157734 0.24662647 0
vt 0.32535446 0.24662647 0
vt 0.32535446 0.24662647 0
vt 0.32913157 0.24662647 0
vt 0.32913157 0.24662647 0
vt 0.3329087 0.24662647 0
vt 0.3329087 0.24662647 0
vt 0.33668584 0.24662647 0
vt 0.33668584 0.24662647 0
vt 0.34046295 0.24662647 0
vt 0.34046295 0.24662647 0
vt 0.34424007 0.24662647 0
vt 0.34424007 0.24662647 0
vt 0.3480172 0.24662647 0
vt 0.3480172 0.24662647 0
vt 0.35179433 0.24662647 0
vt 0.35179433 0.24662647 0
vt 0.35557145 0.24662647 0
vt 0.35557145 0.24662647 0
vt 0.35934857 0.24662647 0
vt 0.35934857 0.24662647 0
vt 0.3631257 0.24662647 0
vt 0.3631257 0.24662647 0
vt 0.36690283 0.24662647 0
vt 0.36690283 0.24662647 0
vt 0.37067994 0.24662647 0
vt 0.37067994 0.24662647 0
vt 0.37445706 0.24662647 0
vt 0.37445706 0.24662647 0
vt 0.3782342 0.24662647 0
vt 0.3782342 0.24662647 0
vt 0.3820113 0.24662647 0
vt 0.3820113 0.24662647 0
vt 0.38578844 0.24662647 0
vt 0.38578844 0.24662647 0
vt 0.3895656 0.24662647 0
vt 0.3895656 0.24662647 0
vt 0.39334267 0.24662647 0
vt 0.39334267 0.24662647 0
vt 0.39711982 0.24662647 0
vt 0.39711982 0.24662647 0
vt 0.40089697 0.24662647 0
vt 0.40089697 0.24662647 0
vt 0.40467405 0.24662647 0
vt 0.40467405 0.24662647 0
vt 0.4084512 0.24662647 0
vt 0.4084512 0.24662647 0
vt 0.4122283 0.24662647 0
vt 0.4122283 0.24662647 0
vt 0.41600543 0.24662647 0
vt 0.41600543 0.24662647 0
vt 0.41978258 0.24662647 0
vt 0.41978258 0.24662647 0
vt 0.42355967 0.24662647 0
vt 0.42355967 0.24662647 0
vt 0.4273368 0.24662647 0
vt 0.4273368 0.24662647 0
vt 0.43111396 0.24662647 0
vt 0.43111396 0.24662647 0
vt 0.43489105 0.24662647 0
vt 0.43489105 0.24662647 0
vt 0.4386682 0.24662647 0
vt 0.4386682 0.24662647 0
vt 0.44244534 0.24662647 0
vt 0.44244534 0.24662647 0
vt 0.44622242 0.24662647 0
vt 0.44622242 0.24662647 0
vt 0.44999957 0.24662647 0
vt 0.44999957 0.24662647 0
vt 0.45377672 0.24662647 0
vt 0.45377672 0.24662647 0
vt 0.4575538 0.24662647 0
vt 0.4575538 0.24662647 0
vt 0.46133095 0.24662647 0
vt 0.46133095 0.24662647 0
vt 0.46510804 0.24662647 0
vt 0.46510804 0.24662647 0
vt 0.63486505 0.24683279 0
vt 0.63486505 0.24683279 0
vt 0.9997719 0.24773346 0
vt 0.9997719 0.24773346 0
vt 0.26244378 0.2504252 0
vt 0.26244378 0.2504252 0
vt 0.25996715 0.25079224 0
vt 0.25996715 0.25079224 0
vt 0.25692004 0.25111264 0
vt 0.25692004 0.25111264 0
vt 0.2575687 0.25119582 0
vt 0.2575687 0.25119582 0
vt 0.25495255 0.25128832 0
vt 0.25495255 0.25128832 0
vt 0.25294486 0.25158054 0
vt 0.25294486 0.25158054 0
vt 0.24406025 0.2533172 0
vt 0.24406025 0.2533172 0
vt 0.2420936 0.2538104 0
vt 0.2420936 0.2538104 0
vt 0.23919258 0.25464332 0
vt 0.23919258 0.25464332 0
vt 0.24015751 0.2546513 0
vt 0.24015751 0.2546513 0
vt 0.23686942 0.25539404 0
vt 0.23686942 0.25539404 0
vt 0.23443338 0.25603232 0
vt 0.23443338 0.25603232 0
vt 0.64268816 0.2576368 0
vt 0.64268816 0.2576368 0
vt 0.2875832 0.26142025 0
vt 0.2875832 0.26142025 0
vt 0.29136032 0.26142025 0
vt 0.29136032 0.26142025 0
vt 0.29513747 0.26142025 0
vt 0.29513747 0.26142025 0
vt 0.29891458 0.26142025 0
vt 0.29891458 0.26142025 0
vt 0.3026917 0.26142025 0
vt 0.3026917 0.26142025 0
vt 0.30646884 0.26142025 0
vt 0.30646884 0.26142025 0
vt 0.31024593 0.26142025 0
vt 0.31024593 0.26142025 0
vt 0.31402308 0.26142025 0
vt 0.31402308 0.26142025 0
vt 0.31780016 0.26142025 0
vt 0.31780016 0.26142025 0
vt 0.32157734 0.26142025 0
vt 0.32157734 0.26142025 0
vt 0.32535446 0.26142025 0
vt 0.32535446 0.26142025 0
vt 0.32913157 0.26142025 0
vt 0.32913157 0.26142025 0
vt 0.3329087 0.26142025 0
vt 0.3329087 0.26142025 0
vt 0.33668584 0.26142025 0
vt 0.33668584 0.26142025 0
vt 0.34046295 0.26142025 0
vt 0.34046295 0.26142025 0
vt 0.34424007 0.26142025 0
vt 0.34424007 0.26142025 0
vt 0.3480172 0.26142025 0
vt 0.3480172 0.26142025 0
vt 0.35179433 0.26142025 0
vt 0.35179433 0.26142025 0
vt 0.35557145 0.26142025 0
vt 0.35557145 0.26142025 0
vt 0.35934857 0.26142025 0
vt 0.35934857 0.26142025 0
vt 0.3631257 0.26142025 0
vt 0.3631257 0.26142025 0
vt 0.36690283 0.26142025 0
vt 0.36690283 0.26142025 0
vt 0.37067994 0.26142025 0
vt 0.37067994 0.26142025 0
vt 0.37445706 0.26142025 0
vt 0.37445706 0.26142025 0
vt 0.3782342 0.26142025 0
vt 0.3782342 0.26142025 0
vt 0.3820113 0.26142025 0
vt 0.3820113 0.26142025 0
vt 0.38578844 0.26142025 0
vt 0.38578844 0.26142025 0
vt 0.3895656 0.26142025 0
vt 0.3895656 0.26142025 0
vt 0.39334267 0.26142025 0
vt 0.39334267 0.26142025 0
vt 0.39711982 0.26142025 0
vt 0.39711982 0.26142025 0
vt 0.40089697 0.26142025 0
vt 0.40089697 0.26142025 0
vt 0.40467405 0.26142025 0
vt 0.40467405 0.26142025 0
vt 0.4084512 0.26142025 0
vt 0.4084512 0.26142025 0
vt 0.4122283 0.26142025 0
vt 0.4122283 0.26142025 0
vt 0.41600543 0.26142025 0
vt 0.41600543 0.26142025 0
vt 0.41978258 0.26142025 0
vt 0.41978258 0.26142025 0
vt 0.42355967 0.26142025 0
vt 0.42355967 0.26142025 0
vt 0.4273368 0.26142025 0
vt 0.4273368 0.26142025 0
vt 0.43111396 0.26142025 0
vt 0.43111396 0.26142025 0
vt 0.43489105 0.26142025 0
vt 0.43489105 0.26142025 0
vt 0.4386682 0.26142025 0
vt 0.4386682 0.26142025 0
vt 0.44244534 0.26142025 0
vt 0.44244534 0.26142025 0
vt 0.44622242 0.26142025 0
vt 0.44622242 0.26142025 0
vt 0.44999957 0.26142025 0
vt 0.44999957 0.26142025 0
vt 0.45377672 0.26142025 0
vt 0.45377672 0.26142025 0
vt 0.4575538 0.26142025 0
vt 0.4575538 0.26142025 0
vt 0.46133095 0.26142025 0
vt 0.46133095 0.26142025 0
vt 0.46510804 0.26142025 0
vt 0.46510804 0.26142025 0
vt 0.99867326 0.2726035 0
vt 0.99867326 0.2726035 0
vt 0.2875832 0.276214 0
vt 0.2875832 0.276214 0
vt 0.29136032 0.276214 0
vt 0.29136032 0.276214 0
vt 0.29513747 0.276214 0
vt 0.29513747 0.276214 0
vt 0.29891458 0.276214 0
vt 0.29891458 0.276214 0
vt 0.3026917 0.276214 0
vt 0.3026917 0.276214 0
vt 0.30646884 0.276214 0
vt 0.30646884 0.276214 0
vt 0.31024593 0.276214 0
vt 0.31024593 0.276214 0
vt 0.31402308 0.276214 0
vt 0.31402308 0.276214 0
vt 0.31780016 0.276214 0
vt 0.31780016 0.276214 0
vt 0.32157734 0.276214 0
vt 0.32157734 0.276214 0
vt 0.32535446 0.276214 0
vt 0.32535446 0.276214 0
vt 0.32913157 0.276214 0
vt 0.32913157 0.276214 0
vt 0.3329087 0.276214 0
vt 0.3329087 0.276214 0
vt 0.33668584 0.276214 0
vt 0.33668584 0.276214 0
vt 0.34046295 0.276214 0
vt 0.34046295 0.276214 0
vt 0.34424007 0.276214 0
vt 0.34424007 0.276214 0
vt 0.3480172 0.276214 0
vt 0.3480172 0.276214 0
vt 0.35179433 0.276214 0
vt 0.35179433 0.276214 0
vt 0.35557145 0.276214 0
vt 0.35557145 0.276214 0
vt 0.35934857 0.276214 0
vt 0.35934857 0.276214 0
vt 0.3631257 0.276214 0
vt 0.3631257 0.276214 0
vt 0.36690283 0.276214 0
vt 0.36690283 0.276214 0
vt 0.37067994 0.276214 0
vt 0.37067994 0.276214 0
vt 0.37445706 0.276214 0
vt 0.37445706 0.276214 0
vt 0.3782342 0.276214 0
vt 0.3782342 0.276214 0
vt 0.3820113 0.276214 0
vt 0.3820113 0.276214 0
vt 0.38578844 0.276214 0
vt 0.38578844 0.276214 0
vt 0.3895656 0.276214 0
vt 0.3895656 0.276214 0
vt 0.39334267 0.276214 0
vt 0.39334267 0.276214 0
vt 0.39711982 0.276214 0
vt 0.39711982 0.276214 0
vt 0.40089697 0.276214 0
vt 0.40089697 0.276214 0
vt 0.40467405 0.276214 0
vt 0.40467405 0.276214 0
vt 0.4084512 0.276214 0
vt 0.4084512 0.276214 0
vt 0.4122283 0.276214 0
vt 0.4122283 0.276214 0
vt 0.41600543 0.276214 0
vt 0.41600543 0.276214 0
vt 0.41978258 0.276214 0
vt 0.41978258 0.276214 0
vt 0.42355967 0.276214 0
vt 0.42355967 0.276214 0
vt 0.4273368 0.276214 0
vt 0.4273368 0.276214 0
vt 0.43111396 0.276214 0
vt 0.43111396 0.276214 0
vt 0.43489105 0.276214 0
vt 0.43489105 0.276214 0
vt 0.4386682 0.276214 0
vt 0.4386682 0.276214 0
vt 0.44244534 0.276214 0
vt 0.44244534 0.276214 0
vt 0.44622242 0.276214 0
vt 0.44622242 0.276214 0
vt 0.44999957 0.276214 0
vt 0.44999957 0.276214 0
vt 0.45377672 0.276214 0
vt 0.45377672 0.276214 0
vt 0.4575538 0.276214 0
vt 0.4575538 0.276214 0
vt 0.46133095 0.276214 0
vt 0.46133095 0.276214 0
vt 0.46510804 0.276214 0
vt 0.46510804 0.276214 0
vt 0.5983021 0.2783569 0
vt 0.5983021 0.2783569 0
vt 0.6007365 0.27896938 0
vt 0.6007365 0.27896938 0
vt 0.60294116 0.2795238 0
vt 0.60294116 0.2795238 0
vt 0.60378456 0.27972746 0
vt 0.60378456 0.27972746 0
vt 0.27069393 0.27973273 0
vt 0.27069393 0.27973273 0
vt 0.6056725 0.28019908 0
vt 0.6056725 0.28019908 0
vt 0.26828235 0.28046066 0
vt 0.26828235 0.28046066 0
vt 0.60764354 0.2807013 0
vt 0.60764354 0.2807013 0
vt 0.2653467 0.2812961 0
vt 0.2653467 0.2812961 0
vt 0.26597804 0.2813232 0
vt 0.26597804 0.2813232 0
vt 0.2634489 0.28182396 0
vt 0.2634489 0.28182396 0
vt 0.26149416 0.28241003 0
vt 0.26149416 0.28241003 0
vt 0.61638653 0.28297877 0
vt 0.61638653 0.28297877 0
vt 0.61834794 0.28350693 0
vt 0.61834794 0.28350693 0
vt 0.6202213 0.28402305 0
vt 0.6202213 0.28402305 0
vt 0.621185 0.28427917 0
vt 0.621185 0.28427917 0
vt 0.623291 0.28485477 0
vt 0.623291 0.28485477 0
vt 0.2529369 0.28511995 0
vt 0.2529369 0.28511995 0
vt 0.62570757 0.28551733 0
vt 0.62570757 0.28551733 0
vt 0.25101015 0.28577042 0
vt 0.25101015 0.28577042 0
vt 0.24916922 0.28644916 0
vt 0.24916922 0.28644916 0
vt 0.2486719 0.28687513 0
vt 0.2486719 0.28687513 0
vt 0.24636394 0.28748575 0
vt 0.24636394 0.28748575 0
vt 0.24399851 0.28832096 0
vt 0.24399851 0.28832096 0
vt 0.6486078 0.28971547 0
vt 0.6486078 0.28971547 0
vt 0.2875832 0.2910077 0
vt 0.2875832 0.2910077 0
vt 0.29136032 0.2910077 0
vt 0.29136032 0.2910077 0
vt 0.29513747 0.2910077 0
vt 0.29513747 0.2910077 0
vt 0.29891458 0.2910077 0
vt 0.29891458 0.2910077 0
vt 0.3026917 0.2910077 0
vt 0.3026917 0.2910077 0
vt 0.30646884 0.2910077 0
vt 0.30646884 0.2910077 0
vt 0.31024593 0.2910077 0
vt 0.31024593 0.2910077 0
vt 0.31402308 0.2910077 0
vt 0.31402308 0.2910077 0
vt 0.31780016 0.2910077 0
vt 0.31780016 0.2910077 0
vt 0.32157734 0.2910077 0
vt 0.32157734 0.2910077 0
vt 0.32535446 0.2910077 0
vt 0.32535446 0.2910077 0
vt 0.32913157 0.2910077 0
vt 0.32913157 0.2910077 0
vt 0.3329087 0.2910077 0
vt 0.3329087 0.2910077 0
vt 0.33668584 0.2910077 0
vt 0.33668584 0.2910077 0
vt 0.34046295 0.2910077 0
vt 0.34046295 0.2910077 0
vt 0.34424007 0.2910077 0
vt 0.34424007 0.2910077 0
vt 0.3480172 0.2910077 0
vt 0.3480172 0.2910077 0
vt 0.35179433 0.2910077 0
vt 0.35179433 0.2910077 0
vt 0.35557145 0.2910077 0
vt 0.35557145 0.2910077 0
vt 0.35934857 0.2910077 0
vt 0.35934857 0.2910077 0
vt 0.3631257 0.2910077 0
vt 0.3631257 0.2910077 0
vt 0.36690283 0.2910077 0
vt 0.36690283 0.2910077 0
vt 0.37067994 0.2910077 0
vt 0.37067994 0.2910077 0
vt 0.37445706 0.2910077 0
vt 0.37445706 0.2910077 0
vt 0.3782342 0.2910077 0
vt 0.3782342 0.2910077 0
vt 0.3820113 0.2910077 0
vt 0.3820113 0.2910077 0
vt 0.38578844 0.2910077 0
vt 0.38578844 0.2910077 0
vt 0.3895656 0.2910077 0
vt 0.3895656 0.2910077 0
vt 0.39334267 0.2910077 0
vt 0.39334267 0.2910077 0
vt 0.39711982 0.2910077 0
vt 0.39711982 0.2910077 0
vt 0.40089697 0.2910077 0
vt 0.40089697 0.2910077 0
vt 0.40467405 0.2910077 0
vt 0.40467405 0.2910077 0
vt 0.4084512 0.2910077 0
vt 0.4084512 0.2910077 0
vt 0.4122283 0.2910077 0
vt 0.4122283 0.2910077 0
vt 0.41600543 0.2910077 0
vt 0.41600543 0.2910077 0
vt 0.41978258 0.2910077 0
vt 0.41978258 0.2910077 0
vt 0.42355967 0.2910077 0
vt 0.42355967 0.2910077 0
vt 0.4273368 0.2910077 0
vt 0.4273368 0.2910077 0
vt 0.43111396 0.2910077 0
vt 0.43111396 0.2910077 0
vt 0.43489105 0.2910077 0
vt 0.43489105 0.2910077 0
vt 0.4386682 0.2910077 0
vt 0.4386682 0.2910077 0
vt 0.44244534 0.2910077 0
vt 0.44244534 0.2910077 0
vt 0.44622242 0.2910077 0
vt 0.44622242 0.2910077 0
vt 0.44999957 0.2910077 0
vt 0.44999957 0.2910077 0
vt 0.45377672 0.2910077 0
vt 0.45377672 0.2910077 0
vt 0.4575538 0.2910077 0
vt 0.4575538 0.2910077 0
vt 0.46133095 0.2910077 0
vt 0.46133095 0.2910077 0
vt 0.46510804 0.2910077 0
vt 0.46510804 0.2910077 0
vt 0.9944644 0.29639944 0
vt 0.9944644 0.29639944 0
vt 0.28217438 0.30841514 0
vt 0.28217438 0.30841514 0
vt 0.27989912 0.3094764 0
vt 0.27989912 0.3094764 0
vt 0.27719843 0.31079045 0
vt 0.27719843 0.31079045 0
vt 0.27783582 0.3107973 0
vt 0.27783582 0.3107973 0
vt 0.27543917 0.31166014 0
vt 0.27543917 0.31166014 0
vt 0.2735967 0.3125199 0
vt 0.2735967 0.3125199 0
vt 0.26533648 0.31615305 0
vt 0.26533648 0.31615305 0
vt 0.26345772 0.31693363 0
vt 0.26345772 0.31693363 0
vt 0.26162463 0.31764242 0
vt 0.26162463 0.31764242 0
vt 0.6579243 0.31782475 0
vt 0.6579243 0.31782475 0
vt 0.2612227 0.31811464 0
vt 0.2612227 0.31811464 0
vt 0.25889397 0.31870887 0
vt 0.25889397 0.31870887 0
vt 0.98681325 0.31900012 0
vt 0.98681325 0.31900012 0
vt 0.5852914 0.31949726 0
vt 0.5852914 0.31949726 0
vt 0.2565679 0.3196661 0
vt 0.2565679 0.3196661 0
vt 0.5876114 0.32043093 0
vt 0.5876114 0.32043093 0
vt 0.5895721 0.32144818 0
vt 0.5895721 0.32144818 0
vt 0.5904982 0.32187274 0
vt 0.5904982 0.32187274 0
vt 0.5922422 0.32274935 0
vt 0.5922422 0.32274935 0
vt 0.5941216 0.32350639 0
vt 0.5941216 0.32350639 0
vt 0.60266393 0.32629454 0
vt 0.60266393 0.32629454 0
vt 0.60463655 0.32679456 0
vt 0.60463655 0.32679456 0
vt 0.6070266 0.32727227 0
vt 0.6070266 0.32727227 0
vt 0.60805637 0.32748932 0
vt 0.60805637 0.32748932 0
vt 0.61044854 0.32789385 0
vt 0.61044854 0.32789385 0
vt 0.6128844 0.32852122 0
vt 0.6128844 0.32852122 0
vt 0.2957124 0.33435374 0
vt 0.2957124 0.33435374 0
vt 0.29359034 0.3357191 0
vt 0.29359034 0.3357191 0
vt 0.291786 0.33742723 0
vt 0.291786 0.33742723 0
vt 0.29116523 0.33745554 0
vt 0.29116523 0.33745554 0
vt 0.28956646 0.33862817 0
vt 0.28956646 0.33862817 0
vt 0.28784698 0.33972996 0
vt 0.28784698 0.33972996 0
vt 0.97572553 0.33984327 0
vt 0.97572553 0.33984327 0
vt 0.6710014 0.3421926 0
vt 0.6710014 0.3421926 0
vt 0.27992707 0.3442323 0
vt 0.27992707 0.3442323 0
vt 0.27809617 0.34513658 0
vt 0.27809617 0.34513658 0
vt 0.2762601 0.34589237 0
vt 0.2762601 0.34589237 0
vt 0.27590162 0.3464108 0
vt 0.27590162 0.3464108 0
vt 0.27350527 0.34704232 0
vt 0.27350527 0.34704232 0
vt 0.2712283 0.348126 0
vt 0.2712283 0.348126 0
vt 0.40912533 0.3485873 0
vt 0.45102143 0.3485873 0
vt 0.45102143 0.3485873 0
vt 0.45736545 0.34880045 0
vt 0.45736545 0.34880045 0
vt 0.44927657 0.34913513 0
vt 0.44927657 0.34913513 0
vt 0.45910728 0.34946266 0
vt 0.45910728 0.34946266 0
vt 0.42130494 0.34949163 0
vt 0.44797242 0.35044116 0
vt 0.44797242 0.35044116 0
vt 0.4604082 0.3508527 0
vt 0.4604082 0.3508527 0
vt 0.44738144 0.3522341 0
vt 0.44738144 0.3522341 0
vt 0.46099514 0.35268012 0
vt 0.46099514 0.35268012 0
vt 0.43209463 0.35441375 0
vt 0.39007294 0.3554582 0
vt 0.31016046 0.35685924 0
vt 0.31016046 0.35685924 0
vt 0.96121866 0.3583903 0
vt 0.96121866 0.3583903 0
vt 0.3082249 0.3584735 0
vt 0.3082249 0.3584735 0
vt 0.40897882 0.3585995 0
vt 0.40897882 0.3585995 0
vt 0.41810584 0.35903326 0
vt 0.41810584 0.35903326 0
vt 0.38467592 0.35985076 0
vt 0.30669376 0.36048815 0
vt 0.30669376 0.36048815 0
vt 0.30592662 0.36079693 0
vt 0.30592662 0.36079693 0
vt 0.5695624 0.3608075 0
vt 0.5695624 0.3608075 0
vt 0.4402532 0.36205304 0
vt 0.57175636 0.36206377 0
vt 0.57175636 0.36206377 0
vt 0.304561 0.36209834 0
vt 0.304561 0.36209834 0
vt 0.5793494 0.3623464 0
vt 0.5793494 0.3623464 0
vt 0.4263515 0.36262313 0
vt 0.4263515 0.36262313 0
vt 0.6881033 0.3629283 0
vt 0.6881033 0.3629283 0
vt 0.30299544 0.36341122 0
vt 0.30299544 0.36341122 0
vt 0.57346874 0.3635454 0
vt 0.57346874 0.3635454 0
vt 0.39505345 0.3641481 0
vt 0.39505345 0.3641481 0
vt 0.5744077 0.3642154 0
vt 0.5744077 0.3642154 0
vt 0.5759854 0.36549434 0
vt 0.5759854 0.36549434 0
vt 0.5877634 0.36562112 0
vt 0.5877634 0.36562112 0
vt 0.38018435 0.3661213 0
vt 0.41546196 0.3664145 0
vt 0.41546196 0.3664145 0
vt 0.40861708 0.36649853 0
vt 0.40861708 0.36649853 0
vt 0.39135158 0.3674146 0
vt 0.39135158 0.3674146 0
vt 0.581868 0.3681386 0
vt 0.581868 0.3681386 0
vt 0.5784556 0.36832473 0
vt 0.5784556 0.36832473 0
vt 0.43256456 0.3685021 0
vt 0.43256456 0.3685021 0
vt 0.29562825 0.36863536 0
vt 0.29562825 0.36863536 0
vt 0.42186612 0.36899778 0
vt 0.42186612 0.36899778 0
vt 0.29385847 0.36966264 0
vt 0.29385847 0.36966264 0
vt 0.58813566 0.37029478 0
vt 0.58813566 0.37029478 0
vt 0.5901933 0.37044296 0
vt 0.5901933 0.37044296 0
vt 0.29213855 0.37049305 0
vt 0.29213855 0.37049305 0
vt 0.5758905 0.37056023 0
vt 0.5758905 0.37056023 0
vt 0.5913525 0.37059307 0
vt 0.5913525 0.37059307 0
vt 0.58418703 0.37061 0
vt 0.58418703 0.37061 0
vt 0.5936453 0.3706885 0
vt 0.5936453 0.3706885 0
vt 0.39903712 0.37104785 0
vt 0.39903712 0.37104785 0
vt 0.29158694 0.37111628 0
vt 0.29158694 0.37111628 0
vt 0.5961244 0.3712638 0
vt 0.5961244 0.3712638 0
vt 0.28915542 0.37182117 0
vt 0.28915542 0.37182117 0
vt 0.38842702 0.37194923 0
vt 0.38842702 0.37194923 0
vt 0.44556117 0.37233773 0
vt 0.37787294 0.37256098 0
vt 0.41353738 0.37300575 0
vt 0.41353738 0.37300575 0
vt 0.2869475 0.37305602 0
vt 0.2869475 0.37305602 0
vt 0.39663988 0.37341964 0
vt 0.39663988 0.37341964 0
vt 0.40879422 0.37355956 0
vt 0.40879422 0.37355956 0
vt 0.42664856 0.37367737 0
vt 0.42664856 0.37367737 0
vt 0.5842395 0.37394515 0
vt 0.5842395 0.37394515 0
vt 0.94302094 0.37463695 0
vt 0.94302094 0.37463695 0
vt 0.4182924 0.37474126 0
vt 0.4182924 0.37474126 0
vt 0.32486433 0.37597463 0
vt 0.32486433 0.37597463 0
vt 0.43641353 0.3763055 0
vt 0.43641353 0.3763055 0
vt 0.3867885 0.37644556 0
vt 0.3867885 0.37644556 0
vt 0.3949799 0.3765719 0
vt 0.3949799 0.3765719 0
vt 0.40339667 0.37699792 0
vt 0.40339667 0.37699792 0
vt 0.3231046 0.37780985 0
vt 0.3231046 0.37780985 0
vt 0.42117906 0.37822923 0
vt 0.42117906 0.37822923 0
vt 0.40237427 0.37833297 0
vt 0.40237427 0.37833297 0
vt 0.4124496 0.37911958 0
vt 0.4124496 0.37911958 0
vt 0.4142695 0.3795436 0
vt 0.4142695 0.3795436 0
vt 0.42921144 0.3796136 0
vt 0.42921144 0.3796136 0
vt 0.4108401 0.37970588 0
vt 0.4108401 0.37970588 0
vt 0.3940184 0.3797463 0
vt 0.3940184 0.3797463 0
vt 0.32158935 0.37981957 0
vt 0.32158935 0.37981957 0
vt 0.40159285 0.37995932 0
vt 0.40159285 0.37995932 0
vt 0.32135168 0.38029182 0
vt 0.32135168 0.38029182 0
vt 0.7090498 0.3809762 0
vt 0.7090498 0.3809762 0
vt 0.4156164 0.38101277 0
vt 0.4156164 0.38101277 0
vt 0.40086943 0.3815855 0
vt 0.40086943 0.3815855 0
vt 0.44738144 0.38164946 0
vt 0.44738144 0.38164946 0
vt 0.4090609 0.38174137 0
vt 0.4090609 0.38174137 0
vt 0.32012856 0.38178396 0
vt 0.32012856 0.38178396 0
vt 0.46099544 0.38209817 0
vt 0.46099544 0.38209817 0
vt 0.42252713 0.38237765 0
vt 0.42252713 0.38237765 0
vt 0.40865934 0.38244617 0
vt 0.40865934 0.38244617 0
vt 0.41558474 0.3828591 0
vt 0.41558474 0.3828591 0
vt 0.4080423 0.38315174 0
vt 0.4080423 0.38315174 0
vt 0.318716 0.3832789 0
vt 0.318716 0.3832789 0
vt 0.44796777 0.38338524 0
vt 0.44796777 0.38338524 0
vt 0.46040386 0.38379762 0
vt 0.46040386 0.38379762 0
vt 0.407516 0.38382784 0
vt 0.407516 0.38382784 0
vt 0.44926602 0.38470635 0
vt 0.44926602 0.38470635 0
vt 0.45909786 0.38503343 0
vt 0.45909786 0.38503343 0
vt 0.45100445 0.3853378 0
vt 0.45100445 0.3853378 0
vt 0.41415745 0.38543722 0
vt 0.41415745 0.38543722 0
vt 0.4573499 0.38555026 0
vt 0.4573499 0.38555026 0
vt 0.4510635 0.3860062 0
vt 0.4510635 0.3860062 0
vt 0.46129537 0.38600627 0
vt 0.46129537 0.38600627 0
vt 0.4515894 0.38601464 0
vt 0.4515894 0.38601464 0
vt 0.4578544 0.3860749 0
vt 0.4578544 0.3860749 0
vt 0.40747482 0.38624278 0
vt 0.40747482 0.38624278 0
vt 0.44929332 0.38653344 0
vt 0.44929332 0.38653344 0
vt 0.4532758 0.38659644 0
vt 0.4532758 0.38659644 0
vt 0.41447234 0.3867305 0
vt 0.41447234 0.3867305 0
vt 0.4627117 0.38735664 0
vt 0.4627117 0.38735664 0
vt 0.45627284 0.38747838 0
vt 0.45627284 0.38747838 0
vt 0.40788567 0.3875879 0
vt 0.40788567 0.3875879 0
vt 0.40110528 0.38760453 0
vt 0.40110528 0.38760453 0
vt 0.41415757 0.38770938 0
vt 0.41415757 0.38770938 0
vt 0.4479735 0.38774478 0
vt 0.4479735 0.38774478 0
vt 0.4545337 0.3878504 0
vt 0.4545337 0.3878504 0
vt 0.42187762 0.38825426 0
vt 0.42187762 0.38825426 0
vt 0.9211427 0.38860476 0
vt 0.9211427 0.38860476 0
vt 0.4085704 0.38887957 0
vt 0.4085704 0.38887957 0
vt 0.414047 0.38888425 0
vt 0.414047 0.38888425 0
vt 0.31185699 0.38918558 0
vt 0.31185699 0.38918558 0
vt 0.46335477 0.38919425 0
vt 0.46335477 0.38919425 0
vt 0.4555651 0.38933197 0
vt 0.4555651 0.38933197 0
vt 0.44738144 0.3893868 0
vt 0.44738144 0.3893868 0
vt 0.45510185 0.38951352 0
vt 0.45510185 0.38951352 0
vt 0.39457345 0.38952243 0
vt 0.39457345 0.38952243 0
vt 0.41007042 0.38953522 0
vt 0.41007042 0.38953522 0
vt 0.41160852 0.38962886 0
vt 0.41160852 0.38962886 0
vt 0.42160165 0.3898424 0
vt 0.42160165 0.3898424 0
vt 0.4291842 0.38993612 0
vt 0.4291842 0.38993612 0
vt 0.31016195 0.390347 0
vt 0.31016195 0.390347 0
vt 0.38715285 0.3907977 0
vt 0.38715285 0.3907977 0
vt 0.4370221 0.39110014 0
vt 0.4370221 0.39110014 0
vt 0.40261078 0.39115313 0
vt 0.40261078 0.39115313 0
vt 0.30834484 0.39127448 0
vt 0.30834484 0.39127448 0
vt 0.42056626 0.39151537 0
vt 0.42056626 0.39151537 0
vt 0.38781363 0.39182004 0
vt 0.38781363 0.39182004 0
vt 0.30803758 0.391826 0
vt 0.30803758 0.391826 0
vt 0.4469254 0.39243203 0
vt 0.30562848 0.39269134 0
vt 0.30562848 0.39269134 0
vt 0.37787294 0.39290282 0
vt 0.41939288 0.39301983 0
vt 0.41939288 0.39301983 0
vt 0.42811275 0.39313713 0
vt 0.42811275 0.39313713 0
vt 0.34089506 0.39318407 0
vt 0.34089506 0.39318407 0
vt 0.3035211 0.39410502 0
vt 0.3035211 0.39410502 0
vt 0.40584213 0.39422175 0
vt 0.40584213 0.39422175 0
vt 0.39728248 0.39510572 0
vt 0.39728248 0.39510572 0
vt 0.33935302 0.39521474 0
vt 0.33935302 0.39521474 0
vt 0.43554485 0.39574432 0
vt 0.43554485 0.39574432 0
vt 0.40937805 0.3958274 0
vt 0.40937805 0.3958274 0
vt 0.4131828 0.39599472 0
vt 0.4131828 0.39599472 0
vt 0.4260834 0.3961026 0
vt 0.4260834 0.3961026 0
vt 0.5528626 0.39677134 0
vt 0.5528626 0.39677134 0
vt 0.73315704 0.3968712 0
vt 0.73315704 0.3968712 0
vt 0.3380962 0.39743495 0
vt 0.3380962 0.39743495 0
vt 0.33787617 0.3978547 0
vt 0.33787617 0.3978547 0
vt 0.55491096 0.39834937 0
vt 0.55491096 0.39834937 0
vt 0.4237458 0.39846513 0
vt 0.4237458 0.39846513 0
vt 0.44496238 0.3990182 0
vt 0.39125264 0.39954692 0
vt 0.39125264 0.39954692 0
vt 0.40190035 0.39964646 0
vt 0.40190035 0.39964646 0
vt 0.3368605 0.3996537 0
vt 0.3368605 0.3996537 0
vt 0.8970073 0.3998803 0
vt 0.8970073 0.3998803 0
vt 0.5621837 0.4000653 0
vt 0.5621837 0.4000653 0
vt 0.4326988 0.4002433 0
vt 0.4326988 0.4002433 0
vt 0.5566348 0.40037453 0
vt 0.5566348 0.40037453 0
vt 0.5572594 0.4011754 0
vt 0.5572594 0.4011754 0
vt 0.33561498 0.40129742 0
vt 0.33561498 0.40129742 0
vt 0.4079162 0.40225723 0
vt 0.4079162 0.40225723 0
vt 0.46335477 0.40247712 0
vt 0.46335477 0.40247712 0
vt 0.41442168 0.40248412 0
vt 0.41442168 0.40248412 0
vt 0.45555776 0.40260252 0
vt 0.45555776 0.40260252 0
vt 0.5586577 0.40282443 0
vt 0.5586577 0.40282443 0
vt 0.5621529 0.40345952 0
vt 0.5621529 0.40345952 0
vt 0.44738263 0.40346983 0
vt 0.44738263 0.40346983 0
vt 0.45510185 0.40360418 0
vt 0.45510185 0.40360418 0
vt 0.42936158 0.4037226 0
vt 0.42936158 0.4037226 0
vt 0.57033116 0.40417185 0
vt 0.57033116 0.40417185 0
vt 0.46271122 0.404341 0
vt 0.46271122 0.404341 0
vt 0.3831361 0.4043804 0
vt 0.45627576 0.40443856 0
vt 0.45627576 0.40443856 0
vt 0.44797355 0.4051326 0
vt 0.44797355 0.4051326 0
vt 0.45453584 0.4052475 0
vt 0.45453584 0.4052475 0
vt 0.44111723 0.40554625 0
vt 0.4612913 0.40574414 0
vt 0.4612913 0.40574414 0
vt 0.4578762 0.4057935 0
vt 0.4578762 0.4057935 0
vt 0.39775115 0.40580586 0
vt 0.39775115 0.40580586 0
vt 0.5642473 0.40616843 0
vt 0.5642473 0.40616843 0
vt 0.5677092 0.40631294 0
vt 0.5677092 0.40631294 0
vt 0.44928867 0.40638873 0
vt 0.44928867 0.40638873 0
vt 0.45328075 0.40645805 0
vt 0.45328075 0.40645805 0
vt 0.45105183 0.4069756 0
vt 0.45105183 0.4069756 0
vt 0.45159882 0.40698457 0
vt 0.45159882 0.40698457 0
vt 0.32933313 0.40780842 0
vt 0.32933313 0.40780842 0
vt 0.5580621 0.40797094 0
vt 0.5580621 0.40797094 0
vt 0.8723073 0.40807176 0
vt 0.8723073 0.40807176 0
vt 0.75817674 0.40865704 0
vt 0.75817674 0.40865704 0
vt 0.5704062 0.408848 0
vt 0.5704062 0.408848 0
vt 0.57360566 0.4089467 0
vt 0.57360566 0.4089467 0
vt 0.5725782 0.40895241 0
vt 0.5725782 0.40895241 0
vt 0.57629776 0.4090022 0
vt 0.57629776 0.4090022 0
vt 0.32772723 0.4090981 0
vt 0.32772723 0.4090981 0
vt 0.40657133 0.40945962 0
vt 0.40657133 0.40945962 0
vt 0.5788211 0.40957266 0
vt 0.5788211 0.40957266 0
vt 0.4159708 0.40971753 0
vt 0.4159708 0.40971753 0
vt 0.3595245 0.40990812 0
vt 0.3595245 0.40990812 0
vt 0.3259461 0.41014585 0
vt 0.3259461 0.41014585 0
vt 0.43637282 0.4103201 0
vt 0.32552946 0.41037282 0
vt 0.32552946 0.41037282 0
vt 0.3233231 0.4116557 0
vt 0.3233231 0.4116557 0
vt 0.35822856 0.41212326 0
vt 0.35822856 0.41212326 0
vt 0.56604725 0.4123317 0
vt 0.56604725 0.4123317 0
vt 0.3213214 0.41322416 0
vt 0.3213214 0.41322416 0
vt 0.84841186 0.41331512 0
vt 0.84841186 0.41331512 0
vt 0.39234138 0.41351166 0
vt 0.35727647 0.4145477 0
vt 0.35727647 0.4145477 0
vt 0.7819763 0.41459215 0
vt 0.7819763 0.41459215 0
vt 0.3570669 0.41513443 0
vt 0.3570669 0.41513443 0
vt 0.82614046 0.41591576 0
vt 0.82614046 0.41591576 0
vt 0.8044392 0.4163399 0
vt 0.8044392 0.4163399 0
vt 0.35629457 0.41709667 0
vt 0.35629457 0.41709667 0
vt 0.40489775 0.41863775 0
vt 0.41816795 0.41886446 0
vt 0.3552428 0.41888523 0
vt 0.3552428 0.41888523 0
vt 0.5376667 0.42359838 0
vt 0.5376667 0.42359838 0
vt 0.778836 0.4252033 0
vt 0.778836 0.4252033 0
vt 0.5394401 0.42544344 0
vt 0.5394401 0.42544344 0
vt 0.8005372 0.42562717 0
vt 0.8005372 0.42562717 0
vt 0.38057318 0.42594907 0
vt 0.38057318 0.42594907 0
vt 0.3495929 0.42595223 0
vt 0.3495929 0.42595223 0
vt 0.75637317 0.42695132 0
vt 0.75637317 0.42695132 0
vt 0.34807637 0.42735237 0
vt 0.34807637 0.42735237 0
vt 0.5408619 0.427763 0
vt 0.5408619 0.427763 0
vt 0.8228086 0.4282275 0
vt 0.8228086 0.4282275 0
vt 0.37953433 0.42832905 0
vt 0.37953433 0.42832905 0
vt 0.34631765 0.42849344 0
vt 0.34631765 0.42849344 0
vt 0.3457851 0.42881057 0
vt 0.3457851 0.42881057 0
vt 0.54145044 0.42881998 0
vt 0.54145044 0.42881998 0
vt 0.3435939 0.43019578 0
vt 0.3435939 0.43019578 0
vt 0.5425952 0.43070638 0
vt 0.5425952 0.43070638 0
vt 0.37891784 0.4309384 0
vt 0.37891784 0.4309384 0
vt 0.37876108 0.43172863 0
vt 0.37876108 0.43172863 0
vt 0.34168562 0.43188876 0
vt 0.34168562 0.43188876 0
vt 0.5439982 0.43223646 0
vt 0.5439982 0.43223646 0
vt 0.7325738 0.43288675 0
vt 0.7325738 0.43288675 0
vt 0.846704 0.43347046 0
vt 0.846704 0.43347046 0
vt 0.37826443 0.43384007 0
vt 0.37826443 0.43384007 0
vt 0.37742898 0.43576097 0
vt 0.37742898 0.43576097 0
vt 0.55113506 0.43765777 0
vt 0.55113506 0.43765777 0
vt 0.5530235 0.4385226 0
vt 0.5530235 0.4385226 0
vt 0.5552207 0.4389175 0
vt 0.5552207 0.4389175 0
vt 0.5564511 0.43906072 0
vt 0.5564511 0.43906072 0
vt 0.52472895 0.43916765 0
vt 0.52472895 0.43916765 0
vt 0.5592408 0.43940666 0
vt 0.5592408 0.43940666 0
vt 0.56173545 0.44021872 0
vt 0.56173545 0.44021872 0
vt 0.4030129 0.44041127 0
vt 0.4030129 0.44041127 0
vt 0.52612287 0.4411728 0
vt 0.52612287 0.4411728 0
vt 0.87140405 0.44166142 0
vt 0.87140405 0.44166142 0
vt 0.40233085 0.44292718 0
vt 0.40233085 0.44292718 0
vt 0.37252286 0.44329086 0
vt 0.37252286 0.44329086 0
vt 0.5273082 0.44350109 0
vt 0.5273082 0.44350109 0
vt 0.70755434 0.44467282 0
vt 0.70755434 0.44467282 0
vt 0.5278735 0.44467795 0
vt 0.5278735 0.44467795 0
vt 0.37109542 0.44479224 0
vt 0.37109542 0.44479224 0
vt 0.40211648 0.4456701 0
vt 0.40211648 0.4456701 0
vt 0.3693427 0.44601724 0
vt 0.3693427 0.44601724 0
vt 0.36867043 0.4464424 0
vt 0.36867043 0.4464424 0
vt 0.5288393 0.44656646 0
vt 0.5288393 0.44656646 0
vt 0.40207243 0.44668442 0
vt 0.40207243 0.44668442 0
vt 0.5103615 0.44788998 0
vt 0.5103615 0.44788998 0
vt 0.36647093 0.44791928 0
vt 0.36647093 0.44791928 0
vt 0.5299719 0.44820452 0
vt 0.5299719 0.44820452 0
vt 0.40189737 0.44890317 0
vt 0.40189737 0.44890317 0
vt 0.3646429 0.44971734 0
vt 0.3646429 0.44971734 0
vt 0.5114593 0.45012328 0
vt 0.5114593 0.45012328 0
vt 0.4013426 0.45092505 0
vt 0.4013426 0.45092505 0
vt 0.4254781 0.45112398 0
vt 0.4254781 0.45112398 0
vt 0.512619 0.45253545 0
vt 0.512619 0.45253545 0
vt 0.8955396 0.45293653 0
vt 0.8955396 0.45293653 0
vt 0.43516833 0.45344698 0
vt 0.43516833 0.45344698 0
vt 0.5132397 0.4538183 0
vt 0.5132397 0.4538183 0
vt 0.42528117 0.45383716 0
vt 0.42528117 0.45383716 0
vt 0.49081197 0.4541219 0
vt 0.49081197 0.4541219 0
vt 0.53560466 0.45478594 0
vt 0.53560466 0.45478594 0
vt 0.4376866 0.45500115 0
vt 0.4376866 0.45500115 0
vt 0.5142091 0.4557676 0
vt 0.5142091 0.4557676 0
vt 0.5371625 0.45610723 0
vt 0.5371625 0.45610723 0
vt 0.4916155 0.45657846 0
vt 0.4916155 0.45657846 0
vt 0.4256329 0.4568068 0
vt 0.4256329 0.4568068 0
vt 0.43504378 0.45689192 0
vt 0.43504378 0.45689192 0
vt 0.5390433 0.45728138 0
vt 0.5390433 0.45728138 0
vt 0.51515746 0.4575667 0
vt 0.51515746 0.4575667 0
vt 0.44740278 0.45757222 0
vt 0.44740278 0.45757222 0
vt 0.46871665 0.45769492 0
vt 0.46871665 0.45769492 0
vt 0.54024607 0.45795995 0
vt 0.54024607 0.45795995 0
vt 0.42584753 0.45810962 0
vt 0.42584753 0.45810962 0
vt 0.43718648 0.45859948 0
vt 0.43718648 0.45859948 0
vt 0.39727542 0.45892262 0
vt 0.39727542 0.45892262 0
vt 0.4925609 0.4591727 0
vt 0.4925609 0.4591727 0
vt 0.5426915 0.45931774 0
vt 0.5426915 0.45931774 0
vt 0.43545362 0.46010503 0
vt 0.43545362 0.46010503 0
vt 0.44739118 0.4601291 0
vt 0.44739118 0.4601291 0
vt 0.46912774 0.4602282 0
vt 0.46912774 0.4602282 0
vt 0.4261793 0.46052215 0
vt 0.4261793 0.46052215 0
vt 0.39597937 0.4605405 0
vt 0.39597937 0.4605405 0
vt 0.68344736 0.46056807 0
vt 0.68344736 0.46056807 0
vt 0.49308482 0.4605698 0
vt 0.49308482 0.4605698 0
vt 0.42179736 0.46070057 0
vt 0.42179736 0.46070057 0
vt 0.5448232 0.4608318 0
vt 0.5448232 0.4608318 0
vt 0.4375044 0.4610746 0
vt 0.4375044 0.4610746 0
vt 0.4357009 0.4615021 0
vt 0.4357009 0.4615021 0
vt 0.39429596 0.4619139 0
vt 0.39429596 0.4619139 0
vt 0.43770653 0.46230027 0
vt 0.43770653 0.46230027 0
vt 0.3934918 0.4625012 0
vt 0.3934918 0.4625012 0
vt 0.4938674 0.46266708 0
vt 0.4938674 0.46266708 0
vt 0.4476848 0.46284428 0
vt 0.4476848 0.46284428 0
vt 0.4697167 0.46289855 0
vt 0.4697167 0.46289855 0
vt 0.43604743 0.46390775 0
vt 0.43604743 0.46390775 0
vt 0.39133802 0.46415114 0
vt 0.39133802 0.46415114 0
vt 0.4478951 0.464181 0
vt 0.4478951 0.464181 0
vt 0.43042204 0.46422616 0
vt 0.43042204 0.46422616 0
vt 0.470043 0.46429855 0
vt 0.470043 0.46429855 0
vt 0.43804464 0.4644991 0
vt 0.43804464 0.4644991 0
vt 0.4269993 0.46453592 0
vt 0.4269993 0.46453592 0
vt 0.49455246 0.464646 0
vt 0.49455246 0.464646 0
vt 0.5194152 0.46527505 0
vt 0.5194152 0.46527505 0
vt 0.43604463 0.466052 0
vt 0.43604463 0.466052 0
vt 0.38962734 0.4660857 0
vt 0.38962734 0.4660857 0
vt 0.44824788 0.4663957 0
vt 0.44824788 0.4663957 0
vt 0.47053027 0.46645772 0
vt 0.47053027 0.46645772 0
vt 0.4380081 0.46657723 0
vt 0.4380081 0.46657723 0
vt 0.917418 0.46690387 0
vt 0.917418 0.46690387 0
vt 0.42467496 0.46692157 0
vt 0.42467496 0.46692157 0
vt 0.52048177 0.46706516 0
vt 0.52048177 0.46706516 0
vt 0.4437683 0.46765536 0
vt 0.4437683 0.46765536 0
vt 0.43571806 0.46779084 0
vt 0.43571806 0.46779084 0
vt 0.43767816 0.4683111 0
vt 0.43767816 0.4683111 0
vt 0.45295882 0.46849424 0
vt 0.45295882 0.46849424 0
vt 0.4709102 0.46849427 0
vt 0.4709102 0.46849427 0
vt 0.52166516 0.46897435 0
vt 0.52166516 0.46897435 0
vt 0.4187129 0.46922746 0
vt 0.4187129 0.46922746 0
vt 0.44676834 0.4695275 0
vt 0.44676834 0.4695275 0
vt 0.5224485 0.47022066 0
vt 0.5224485 0.47022066 0
vt 0.42522836 0.470485 0
vt 0.42522836 0.470485 0
vt 0.5239192 0.4725978 0
vt 0.5239192 0.4725978 0
vt 0.4479809 0.472648 0
vt 0.4479809 0.472648 0
vt 0.42805094 0.47302374 0
vt 0.42805094 0.47302374 0
vt 0.4220705 0.47302824 0
vt 0.4220705 0.47302824 0
vt 0.49727798 0.47319248 0
vt 0.49727798 0.47319248 0
vt 0.43448338 0.47327775 0
vt 0.43448338 0.47327775 0
vt 0.43657815 0.47375923 0
vt 0.43657815 0.47375923 0
vt 0.42037913 0.4745337 0
vt 0.42037913 0.4745337 0
vt 0.5252384 0.47485787 0
vt 0.5252384 0.47485787 0
vt 0.43415368 0.47507825 0
vt 0.43415368 0.47507825 0
vt 0.49785492 0.4751974 0
vt 0.49785492 0.4751974 0
vt 0.41942608 0.47530162 0
vt 0.41942608 0.47530162 0
vt 0.4362794 0.47554228 0
vt 0.4362794 0.47554228 0
vt 0.44612995 0.47555023 0
vt 0.44612995 0.47555023 0
vt 0.442601 0.4764948 0
vt 0.442601 0.4764948 0
vt 0.4333228 0.47712675 0
vt 0.4333228 0.47712675 0
vt 0.41732362 0.47713473 0
vt 0.41732362 0.47713473 0
vt 0.45263043 0.47716838 0
vt 0.45263043 0.47716838 0
vt 0.47208068 0.47731388 0
vt 0.47208068 0.47731388 0
vt 0.49839666 0.47735405 0
vt 0.49839666 0.47735405 0
vt 0.43549508 0.4776122 0
vt 0.43549508 0.4776122 0
vt 0.6625011 0.47861612 0
vt 0.6625011 0.47861612 0
vt 0.49874312 0.47879553 0
vt 0.49874312 0.47879553 0
vt 0.43203515 0.479059 0
vt 0.43203515 0.479059 0
vt 0.44722113 0.47910914 0
vt 0.44722113 0.47910914 0
vt 0.41573605 0.4791922 0
vt 0.41573605 0.4791922 0
vt 0.4722579 0.47937942 0
vt 0.4722579 0.47937942 0
vt 0.43434516 0.4796225 0
vt 0.43434516 0.4796225 0
vt 0.43125674 0.4801067 0
vt 0.43125674 0.4801067 0
vt 0.43364912 0.48075455 0
vt 0.43364912 0.48075455 0
vt 0.446618 0.48125684 0
vt 0.446618 0.48125684 0
vt 0.4993746 0.48147023 0
vt 0.4993746 0.48147023 0
vt 0.47227177 0.4815777 0
vt 0.47227177 0.4815777 0
vt 0.4296393 0.4824008 0
vt 0.4296393 0.4824008 0
vt 0.44626403 0.482552 0
vt 0.44626403 0.482552 0
vt 0.4722622 0.48300618 0
vt 0.4722622 0.48300618 0
vt 0.93561596 0.48315006 0
vt 0.93561596 0.48315006 0
vt 0.43222257 0.48316756 0
vt 0.43222257 0.48316756 0
vt 0.5000233 0.48397413 0
vt 0.5000233 0.48397413 0
vt 0.42836273 0.4846642 0
vt 0.42836273 0.4846642 0
vt 0.44564304 0.4852036 0
vt 0.44564304 0.4852036 0
vt 0.4313508 0.4855989 0
vt 0.4313508 0.4855989 0
vt 0.47225925 0.48573226 0
vt 0.47225925 0.48573226 0
vt 0.44535527 0.48775688 0
vt 0.44535527 0.48775688 0
vt 0.47240832 0.48830536 0
vt 0.47240832 0.48830536 0
vt 0.4804412 0.48876137 0
vt 0.4804412 0.48876137 0
vt 0.49159947 0.48879078 0
vt 0.49159947 0.48879078 0
vt 0.49381065 0.48922423 0
vt 0.49381065 0.48922423 0
vt 0.5046092 0.49014398 0
vt 0.5046092 0.49014398 0
vt 0.45509008 0.4930838 0
vt 0.45509008 0.4930838 0
vt 0.5265253 0.49636275 0
vt 0.5265253 0.49636275 0
vt 0.4811803 0.49645898 0
vt 0.4811803 0.49645898 0
vt 0.49132624 0.49691403 0
vt 0.49132624 0.49691403 0
vt 0.49309853 0.49732795 0
vt 0.49309853 0.49732795 0
vt 0.50305414 0.4978323 0
vt 0.50305414 0.4978323 0
vt 0.6453994 0.49935186 0
vt 0.6453994 0.49935186 0
vt 0.4288894 0.5006228 0
vt 0.4288894 0.5006228 0
vt 0.45676872 0.5006643 0
vt 0.45676872 0.5006643 0
vt 0.95012313 0.50169677 0
vt 0.95012313 0.50169677 0
vt 0.52372843 0.5036112 0
vt 0.52372843 0.5036112 0
vt 0.5480706 0.50639904 0
vt 0.5480706 0.50639904 0
vt 0.43127662 0.50802225 0
vt 0.43127662 0.50802225 0
vt 0.40374678 0.50999045 0
vt 0.40374678 0.50999045 0
vt 0.5441717 0.5131592 0
vt 0.5441717 0.5131592 0
vt 0.40671352 0.5171787 0
vt 0.40671352 0.5171787 0
vt 0.5667062 0.51876134 0
vt 0.5667062 0.51876134 0
vt 0.38056403 0.5206382 0
vt 0.38056403 0.5206382 0
vt 0.96121126 0.5225396 0
vt 0.96121126 0.5225396 0
vt 0.6323226 0.52371967 0
vt 0.6323226 0.52371967 0
vt 0.5615128 0.5245797 0
vt 0.5615128 0.5245797 0
vt 0.38410786 0.52755636 0
vt 0.38410786 0.52755636 0
vt 0.35963148 0.53253573 0
vt 0.35963148 0.53253573 0
vt 0.57976854 0.53321815 0
vt 0.57976854 0.53321815 0
vt 0.57314694 0.5371921 0
vt 0.57314694 0.5371921 0
vt 0.36377823 0.5391064 0
vt 0.36377823 0.5391064 0
vt 0.96886283 0.54514 0
vt 0.96886283 0.54514 0
vt 0.42384493 0.5464115 0
vt 0.42384493 0.5464115 0
vt 0.5279477 0.5464115 0
vt 0.5279477 0.5464115 0
vt 0.39983374 0.5465181 0
vt 0.39983374 0.5465181 0
vt 0.5039365 0.5465181 0
vt 0.5039365 0.5465181 0
vt 0.33938068 0.5466313 0
vt 0.33938068 0.5466313 0
vt 0.6230063 0.5518289 0
vt 0.6230063 0.5518289 0
vt 0.3847924 0.5527868 0
vt 0.3847924 0.5527868 0
vt 0.48889518 0.5527868 0
vt 0.48889518 0.5527868 0
vt 0.3440908 0.5528176 0
vt 0.3440908 0.5528176 0
vt 0.58864844 0.55403996 0
vt 0.58864844 0.55403996 0
vt 0.44595414 0.55577815 0
vt 0.44595414 0.55577815 0
vt 0.55005693 0.55577815 0
vt 0.55005693 0.55577815 0
vt 0.58131325 0.55633557 0
vt 0.58131325 0.55633557 0
vt 0.40302485 0.5615168 0
vt 0.40302485 0.5615168 0
vt 0.50712764 0.5615169 0
vt 0.50712764 0.5615169 0
vt 0.42057794 0.56268305 0
vt 0.42057794 0.56268305 0
vt 0.52468073 0.5626831 0
vt 0.52468073 0.5626831 0
vt 0.31829572 0.5640083 0
vt 0.31829572 0.5640083 0
vt 0.39253575 0.5647434 0
vt 0.39253575 0.5647434 0
vt 0.49663854 0.5647434 0
vt 0.49663854 0.5647434 0
vt 0.3721621 0.5649423 0
vt 0.3721621 0.5649423 0
vt 0.47626495 0.5649423 0
vt 0.47626495 0.5649423 0
vt 0.45741004 0.567367 0
vt 0.45741004 0.567367 0
vt 0.5615128 0.5673671 0
vt 0.5615128 0.5673671 0
vt 0.43722075 0.5683827 0
vt 0.43722075 0.5683827 0
vt 0.5413236 0.56838274 0
vt 0.5413236 0.56838274 0
vt 0.9730723 0.56893575 0
vt 0.9730723 0.56893575 0
vt 0.3235224 0.56976444 0
vt 0.3235224 0.56976444 0
vt 0.40372247 0.5705676 0
vt 0.40372247 0.5705676 0
vt 0.5078253 0.5705676 0
vt 0.5078253 0.5705676 0
vt 0.39631248 0.5707081 0
vt 0.39631248 0.5707081 0
vt 0.50041527 0.57070816 0
vt 0.50041527 0.57070816 0
vt 0.41859126 0.57257783 0
vt 0.41859126 0.57257783 0
vt 0.52269405 0.57257783 0
vt 0.52269405 0.57257783 0
vt 0.38474816 0.5738871 0
vt 0.38474816 0.5738871 0
vt 0.48885095 0.5738871 0
vt 0.48885095 0.5738871 0
vt 0.4456516 0.575408 0
vt 0.4456516 0.575408 0
vt 0.5497544 0.575408 0
vt 0.5497544 0.575408 0
vt 0.4330836 0.57646275 0
vt 0.4330836 0.57646275 0
vt 0.53718644 0.57646275 0
vt 0.53718644 0.57646275 0
vt 0.39274853 0.57821643 0
vt 0.39274853 0.57821643 0
vt 0.49685133 0.57821643 0
vt 0.49685133 0.57821643 0
vt 0.43986517 0.57945263 0
vt 0.43986517 0.57945263 0
vt 0.54396796 0.57945263 0
vt 0.54396796 0.57945263 0
vt 0.40171486 0.58032024 0
vt 0.40171486 0.58032024 0
vt 0.5058177 0.58032024 0
vt 0.5058177 0.58032024 0
vt 0.41651034 0.582942 0
vt 0.41651034 0.582942 0
vt 0.52061313 0.582942 0
vt 0.52061313 0.582942 0
vt 0.46436936 0.5834557 0
vt 0.46436936 0.5834557 0
vt 0.5684722 0.5834557 0
vt 0.5684722 0.5834557 0
vt 0.6170868 0.5839075 0
vt 0.6170868 0.5839075 0
vt 0.29698676 0.58497036 0
vt 0.29698676 0.58497036 0
vt 0.59612083 0.5857128 0
vt 0.59612083 0.5857128 0
vt 0.43117112 0.58623445 0
vt 0.43117112 0.58623445 0
vt 0.5352739 0.58623445 0
vt 0.5352739 0.58623445 0
vt 0.44930607 0.5868491 0
vt 0.44930607 0.5868491 0
vt 0.5534089 0.5868491 0
vt 0.5534089 0.5868491 0
vt 0.5884518 0.58705914 0
vt 0.5884518 0.58705914 0
vt 0.4402547 0.5877547 0
vt 0.4402547 0.5877547 0
vt 0.5443575 0.5877547 0
vt 0.5443575 0.5877547 0
vt 0.3620329 0.5891501 0
vt 0.3620329 0.5891501 0
vt 0.46613574 0.5891501 0
vt 0.46613574 0.5891501 0
vt 0.30272642 0.59021115 0
vt 0.30272642 0.59021115 0
vt 0.37773806 0.592929 0
vt 0.37773806 0.592929 0
vt 0.48184085 0.592929 0
vt 0.48184085 0.592929 0
vt 0.9741714 0.5938057 0
vt 0.9741714 0.5938057 0
vt 0.38773715 0.5948656 0
vt 0.38773715 0.5948656 0
vt 0.49183995 0.5948656 0
vt 0.49183995 0.5948656 0
vt 0.39773113 0.59672856 0
vt 0.39773113 0.59672856 0
vt 0.5018339 0.59672856 0
vt 0.5018339 0.59672856 0
vt 0.4131139 0.5998583 0
vt 0.4131139 0.5998583 0
vt 0.5172167 0.5998583 0
vt 0.5172167 0.5998583 0
vt 0.4285125 0.60290885 0
vt 0.4285125 0.60290885 0
vt 0.5326153 0.60290885 0
vt 0.5326153 0.60290885 0
vt 0.4384511 0.60504794 0
vt 0.4384511 0.60504794 0
vt 0.54255384 0.60504794 0
vt 0.54255384 0.60504794 0
vt 0.44842273 0.6071211 0
vt 0.44842273 0.6071211 0
vt 0.5525255 0.6071211 0
vt 0.5525255 0.6071211 0
vt 0.27682215 0.60927105 0
vt 0.27682215 0.60927105 0
vt 0.46436936 0.6096972 0
vt 0.46436936 0.6096972 0
vt 0.5684722 0.6096972 0
vt 0.5684722 0.6096972 0
vt 0.38611877 0.6117208 0
vt 0.38611877 0.6117208 0
vt 0.49022156 0.6117208 0
vt 0.49022156 0.6117208 0
vt 0.37640303 0.6123378 0
vt 0.37640303 0.6123378 0
vt 0.48050582 0.6123378 0
vt 0.48050582 0.6123378 0
vt 0.39538002 0.61266625 0
vt 0.39538002 0.61266625 0
vt 0.49948287 0.61266625 0
vt 0.49948287 0.61266625 0
vt 0.28301603 0.6138899 0
vt 0.28301603 0.6138899 0
vt 0.3603087 0.6143352 0
vt 0.3603087 0.6143352 0
vt 0.46441156 0.6143352 0
vt 0.46441156 0.6143352 0
vt 0.40993738 0.6156791 0
vt 0.40993738 0.6156791 0
vt 0.5140402 0.6156791 0
vt 0.5140402 0.6156791 0
vt 0.4245295 0.6185189 0
vt 0.4245295 0.6185189 0
vt 0.5286322 0.6185189 0
vt 0.5286322 0.6185189 0
vt 0.38615257 0.61911774 0
vt 0.38615257 0.61911774 0
vt 0.49025542 0.61911774 0
vt 0.49025542 0.61911774 0
vt 0.9724272 0.6195895 0
vt 0.9724272 0.6195895 0
vt 0.39473116 0.62011313 0
vt 0.39473116 0.62011313 0
vt 0.49883395 0.62011313 0
vt 0.49883395 0.62011313 0
vt 0.43343788 0.6212216 0
vt 0.43343788 0.6212216 0
vt 0.53754073 0.6212216 0
vt 0.53754073 0.6212216 0
vt 0.48188877 0.6214528 0
vt 0.48188877 0.6214528 0
vt 0.37778598 0.62145287 0
vt 0.37778598 0.62145287 0
vt 0.6142549 0.6214905 0
vt 0.6142549 0.6214905 0
vt 0.40836912 0.6234897 0
vt 0.40836912 0.6234897 0
vt 0.512472 0.6234897 0
vt 0.512472 0.6234897 0
vt 0.3956554 0.6248996 0
vt 0.3956554 0.6248996 0
vt 0.49975818 0.6248996 0
vt 0.49975818 0.6248996 0
vt 0.44216257 0.625541 0
vt 0.44216257 0.625541 0
vt 0.54626536 0.62554103 0
vt 0.54626536 0.62554103 0
vt 0.42225355 0.6256391 0
vt 0.42225355 0.6256391 0
vt 0.52635634 0.6256391 0
vt 0.52635634 0.6256391 0
vt 0.60171807 0.62631994 0
vt 0.60171807 0.62631994 0
vt 0.593955 0.6270396 0
vt 0.593955 0.6270396 0
vt 0.37885898 0.6273588 0
vt 0.37885898 0.6273588 0
vt 0.48296183 0.6273588 0
vt 0.48296183 0.6273588 0
vt 0.36478955 0.62753296 0
vt 0.36478955 0.62753296 0
vt 0.46889234 0.62753296 0
vt 0.46889234 0.62753296 0
vt 0.38758224 0.62789357 0
vt 0.38758224 0.62789357 0
vt 0.49168503 0.62789357 0
vt 0.49168503 0.62789357 0
vt 0.43055153 0.6280321 0
vt 0.43055153 0.6280321 0
vt 0.5346543 0.62803215 0
vt 0.5346543 0.62803215 0
vt 0.79182696 0.62920564 0
vt 0.79182696 0.62920564 0
vt 0.41955334 0.6296979 0
vt 0.41955334 0.6296979 0
vt 0.5236562 0.6296979 0
vt 0.5236562 0.6296979 0
vt 0.40691894 0.63071287 0
vt 0.40691894 0.63071287 0
vt 0.5110217 0.63071287 0
vt 0.5110217 0.63071287 0
vt 0.43736833 0.6334158 0
vt 0.43736833 0.6334158 0
vt 0.5414711 0.6334158 0
vt 0.5414711 0.6334158 0
vt 0.4562385 0.63359594 0
vt 0.4562385 0.63359594 0
vt 0.5603413 0.63359594 0
vt 0.5603413 0.63359594 0
vt 0.25937694 0.6351837 0
vt 0.25937694 0.6351837 0
vt 0.4258452 0.635576 0
vt 0.4258452 0.635576 0
vt 0.529948 0.635576 0
vt 0.529948 0.635576 0
vt 0.43409878 0.63844985 0
vt 0.43409878 0.63844985 0
vt 0.5382016 0.63844985 0
vt 0.5382016 0.63844985 0
vt 0.37306648 0.6386427 0
vt 0.37306648 0.6386427 0
vt 0.47716933 0.6386427 0
vt 0.47716933 0.6386427 0
vt 0.26606965 0.639129 0
vt 0.26606965 0.639129 0
vt 0.44701058 0.64404136 0
vt 0.44701058 0.64404136 0
vt 0.55111337 0.64404136 0
vt 0.55111337 0.64404136 0
vt 0.9675082 0.64552927 0
vt 0.9675082 0.64552927 0
vt 0.4350868 0.65109515 0
vt 0.4350868 0.65109515 0
vt 0.5391895 0.65109515 0
vt 0.5391895 0.65109515 0
vt 0.40241605 0.6531395 0
vt 0.40241605 0.6531395 0
vt 0.5065189 0.6531395 0
vt 0.5065189 0.6531395 0
vt 0.00022799286 0.6608566 0
vt 0.00022799286 0.6608566 0
vt 0.2460069 0.6612531 0
vt 0.2460069 0.6612531 0
vt 0.017281773 0.6613009 0
vt 0.017281773 0.6613009 0
vt 0.113044605 0.6613642 0
vt 0.113044605 0.6613642 0
vt 0.15496255 0.6614466 0
vt 0.15496255 0.6614466 0
vt 0.12975013 0.66148037 0
vt 0.12975013 0.66148037 0
vt 0.14256175 0.66158664 0
vt 0.14256175 0.66158664 0
vt 0.10228065 0.66159505 0
vt 0.10228065 0.66159505 0
vt 0.06461731 0.6616495 0
vt 0.06461731 0.6616495 0
vt 0.08227622 0.66169983 0
vt 0.08227622 0.66169983 0
vt 0.030154083 0.66170454 0
vt 0.030154083 0.66170454 0
vt 0.052133158 0.6617744 0
vt 0.052133158 0.6617744 0
vt 0.041754674 0.6618059 0
vt 0.041754674 0.6618059 0
vt 0.17908107 0.6621864 0
vt 0.17908107 0.6621864 0
vt 0.1899367 0.662391 0
vt 0.1899367 0.662391 0
vt 0.20191824 0.6631888 0
vt 0.20191824 0.6631888 0
vt 0.2532236 0.6643181 0
vt 0.2532236 0.6643181 0
vt 0.21795446 0.6649947 0
vt 0.21795446 0.6649947 0
vt 0.6142549 0.6651005 0
vt 0.6142549 0.6651005 0
vt 0.22897705 0.6654723 0
vt 0.22897705 0.6654723 0
vt 0.11158261 0.6692359 0
vt 0.11158261 0.6692359 0
vt 0.16871063 0.66965145 0
vt 0.16871063 0.66965145 0
vt 0.11986388 0.66995096 0
vt 0.11986388 0.66995096 0
vt 0.18044636 0.67045575 0
vt 0.18044636 0.67045575 0
vt 0.1324732 0.670714 0
vt 0.1324732 0.670714 0
vt 0.9589469 0.67097586 0
vt 0.9589469 0.67097586 0
vt 0.12784754 0.671105 0
vt 0.12784754 0.671105 0
vt 0.18339984 0.6711832 0
vt 0.18339984 0.6711832 0
vt 0.15918967 0.6713767 0
vt 0.15918967 0.6713767 0
vt 0.6044976 0.67159694 0
vt 0.6044976 0.67159694 0
vt 0.5967492 0.6718078 0
vt 0.5967492 0.6718078 0
vt 0.07106039 0.6728494 0
vt 0.07106039 0.6728494 0
vt 0.050165895 0.6731868 0
vt 0.050165895 0.6731868 0
vt 0.06433031 0.67326266 0
vt 0.06433031 0.67326266 0
vt 0.05686981 0.673287 0
vt 0.05686981 0.673287 0
vt 0.028449299 0.6748674 0
vt 0.028449299 0.6748674 0
vt 0.03871554 0.6750975 0
vt 0.03871554 0.6750975 0
vt 0.033274442 0.67515427 0
vt 0.033274442 0.67515427 0
vt 0.11622549 0.67517775 0
vt 0.11622549 0.67517775 0
vt 0.16815127 0.67559665 0
vt 0.16815127 0.67559665 0
vt 0.122110896 0.67564964 0
vt 0.122110896 0.67564964 0
vt 0.17362925 0.6757966 0
vt 0.17362925 0.6757966 0
vt 0.16210765 0.6758684 0
vt 0.16210765 0.6758684 0
vt 0.12793235 0.67606837 0
vt 0.12793235 0.67606837 0
vt 0.13361259 0.6760982 0
vt 0.13361259 0.6760982 0
vt 0.15596902 0.67614114 0
vt 0.15596902 0.67614114 0
vt 0.21133466 0.6769158 0
vt 0.21133466 0.6769158 0
vt 0.21237318 0.6784131 0
vt 0.21237318 0.6784131 0
vt 0.07631749 0.67853445 0
vt 0.07631749 0.67853445 0
vt 0.07252977 0.67922765 0
vt 0.07252977 0.67922765 0
vt 0.06884576 0.679946 0
vt 0.06884576 0.679946 0
vt 0.06543349 0.680703 0
vt 0.06543349 0.680703 0
vt 0.119795635 0.68139213 0
vt 0.119795635 0.68139213 0
vt 0.16633987 0.68145096 0
vt 0.16633987 0.68145096 0
vt 0.16187827 0.6816748 0
vt 0.16187827 0.6816748 0
vt 0.124471255 0.6817526 0
vt 0.124471255 0.6817526 0
vt 0.15732439 0.6818946 0
vt 0.15732439 0.6818946 0
vt 0.15277122 0.681962 0
vt 0.15277122 0.681962 0
vt 0.12911889 0.6820041 0
vt 0.12911889 0.6820041 0
vt 0.1337881 0.6820311 0
vt 0.1337881 0.6820311 0
vt 0.20072459 0.68236464 0
vt 0.20072459 0.68236464 0
vt 0.05769814 0.6835147 0
vt 0.05769814 0.6835147 0
vt 0.20168003 0.68393624 0
vt 0.20168003 0.68393624 0
vt 0.082324915 0.684347 0
vt 0.082324915 0.684347 0
vt 0.05584847 0.68484235 0
vt 0.05584847 0.68484235 0
vt 0.07960746 0.6850404 0
vt 0.07960746 0.6850404 0
vt 0.077002205 0.68582135 0
vt 0.077002205 0.68582135 0
vt 0.05448058 0.6863282 0
vt 0.05448058 0.6863282 0
vt 0.07458048 0.68661755 0
vt 0.07458048 0.68661755 0
vt 0.1935475 0.6870975 0
vt 0.1935475 0.6870975 0
vt 0.23692565 0.68764776 0
vt 0.23692565 0.68764776 0
vt 0.16094422 0.6882531 0
vt 0.16094422 0.6882531 0
vt 0.12285088 0.6883194 0
vt 0.12285088 0.6883194 0
vt 0.19479892 0.6884582 0
vt 0.19479892 0.6884582 0
vt 0.15739632 0.68858093 0
vt 0.15739632 0.68858093 0
vt 0.12657784 0.6886782 0
vt 0.12657784 0.6886782 0
vt 0.15383135 0.68881154 0
vt 0.15383135 0.68881154 0
vt 0.15028895 0.68882245 0
vt 0.15028895 0.68882245 0
vt 0.13394308 0.6888974 0
vt 0.13394308 0.6888974 0
vt 0.13025516 0.6889095 0
vt 0.13025516 0.6889095 0
vt 0.068402894 0.6895523 0
vt 0.068402894 0.6895523 0
vt 0.24442956 0.68965536 0
vt 0.24442956 0.68965536 0
vt 0.066914015 0.6907931 0
vt 0.066914015 0.6907931 0
vt 0.08755264 0.6908047 0
vt 0.08755264 0.6908047 0
vt 0.37293738 0.69134694 0
vt 0.37293738 0.69134694 0
vt 0.39760998 0.69134694 0
vt 0.39760998 0.69134694 0
vt 0.4776402 0.69134694 0
vt 0.4776402 0.69134694 0
vt 0.49064893 0.69134694 0
vt 0.49064893 0.69134694 0
vt 0.38527372 0.69134706 0
vt 0.38527372 0.69134706 0
vt 0.48414463 0.69134706 0
vt 0.48414463 0.69134706 0
vt 0.08524677 0.6914405 0
vt 0.08524677 0.6914405 0
vt 0.083019234 0.6920704 0
vt 0.083019234 0.6920704 0
vt 0.06563787 0.6921671 0
vt 0.06563787 0.6921671 0
vt 0.18873145 0.69227755 0
vt 0.18873145 0.69227755 0
vt 0.08091744 0.6927386 0
vt 0.08091744 0.6927386 0
vt 0.19036956 0.6932832 0
vt 0.19036956 0.6932832 0
vt 0.47153124 0.69362944 0
vt 0.47153124 0.69362944 0
vt 0.49649358 0.6937133 0
vt 0.49649358 0.6937133 0
vt 0.07461691 0.69552815 0
vt 0.07461691 0.69552815 0
vt 0.4654222 0.69591165 0
vt 0.4654222 0.69591165 0
vt 0.50233823 0.6960797 0
vt 0.50233823 0.6960797 0
vt 0.9463291 0.6963166 0
vt 0.9463291 0.6963166 0
vt 0.40889123 0.6963224 0
vt 0.40889123 0.6963224 0
vt 0.15700401 0.6964129 0
vt 0.15700401 0.6964129 0
vt 0.12552421 0.69644314 0
vt 0.12552421 0.69644314 0
vt 0.073041975 0.69653255 0
vt 0.073041975 0.69653255 0
vt 0.36058748 0.69669175 0
vt 0.36058748 0.69669175 0
vt 0.15419766 0.69677556 0
vt 0.15419766 0.69677556 0
vt 0.12846558 0.69683623 0
vt 0.12846558 0.69683623 0
vt 0.14856666 0.69698524 0
vt 0.14856666 0.69698524 0
vt 0.15137854 0.6970066 0
vt 0.15137854 0.6970066 0
vt 0.13427322 0.69704777 0
vt 0.13427322 0.69704777 0
vt 0.1313647 0.69707817 0
vt 0.1313647 0.69707817 0
vt 0.07154201 0.6976288 0
vt 0.07154201 0.6976288 0
vt 0.5008801 0.6979673 0
vt 0.5008801 0.6979673 0
vt 0.0917623 0.6984986 0
vt 0.0917623 0.6984986 0
vt 0.18580127 0.6985705 0
vt 0.18580127 0.6985705 0
vt 0.089672714 0.6990007 0
vt 0.089672714 0.6990007 0
vt 0.1876034 0.6990282 0
vt 0.1876034 0.6990282 0
vt 0.4997963 0.6993705 0
vt 0.4997963 0.6993705 0
vt 0.087628774 0.6995201 0
vt 0.087628774 0.6995201 0
vt 0.4607105 0.700036 0
vt 0.4607105 0.700036 0
vt 0.08567014 0.7000544 0
vt 0.08567014 0.7000544 0
vt 0.50610435 0.7011369 0
vt 0.50610435 0.7011369 0
vt 0.42017245 0.7012976 0
vt 0.42017245 0.7012976 0
vt 0.4977544 0.7020141 0
vt 0.4977544 0.7020141 0
vt 0.3482375 0.70203644 0
vt 0.3482375 0.70203644 0
vt 0.07848208 0.7025961 0
vt 0.07848208 0.7025961 0
vt 0.07678395 0.70331395 0
vt 0.07678395 0.70331395 0
vt 0.0750813 0.7040554 0
vt 0.0750813 0.7040554 0
vt 0.45599872 0.70416003 0
vt 0.45599872 0.70416003 0
vt 0.495133 0.7054078 0
vt 0.495133 0.7054078 0
vt 0.5098705 0.706194 0
vt 0.5098705 0.706194 0
vt 0.15440173 0.7062951 0
vt 0.15440173 0.7062951 0
vt 0.12788132 0.70635176 0
vt 0.12788132 0.70635176 0
vt 0.15215595 0.7066533 0
vt 0.15215595 0.7066533 0
vt 0.1302131 0.70674026 0
vt 0.1302131 0.70674026 0
vt 0.18472858 0.7068217 0
vt 0.18472858 0.7068217 0
vt 0.18657716 0.7068312 0
vt 0.18657716 0.7068312 0
vt 0.14759181 0.70683676 0
vt 0.14759181 0.70683676 0
vt 0.1498812 0.70687103 0
vt 0.1498812 0.70687103 0
vt 0.13485833 0.7069193 0
vt 0.13485833 0.7069193 0
vt 0.13252778 0.7069669 0
vt 0.13252778 0.7069669 0
vt 0.09492473 0.7083088 0
vt 0.09492473 0.7083088 0
vt 0.09297081 0.70872265 0
vt 0.09297081 0.70872265 0
vt 0.091036856 0.7091365 0
vt 0.091036856 0.7091365 0
vt 0.4919749 0.70949644 0
vt 0.4919749 0.70949644 0
vt 0.089154825 0.70955944 0
vt 0.089154825 0.70955944 0
vt 0.45319873 0.70976096 0
vt 0.45319873 0.70976096 0
vt 0.61707467 0.70986545 0
vt 0.61707467 0.70986545 0
vt 0.42934635 0.7112617 0
vt 0.42934635 0.7112617 0
vt 0.08055095 0.71176535 0
vt 0.08055095 0.71176535 0
vt 0.07876595 0.7122066 0
vt 0.07876595 0.7122066 0
vt 0.5115138 0.7124874 0
vt 0.5115138 0.7124874 0
vt 0.33780015 0.71259606 0
vt 0.33780015 0.71259606 0
vt 0.07695979 0.712621 0
vt 0.07695979 0.712621 0
vt 0.48852226 0.71396637 0
vt 0.48852226 0.71396637 0
vt 0.38390353 0.71442133 0
vt 0.38390353 0.71442133 0
vt 0.23162118 0.7144712 0
vt 0.23162118 0.7144712 0
vt 0.39258817 0.7150035 0
vt 0.39258817 0.7150035 0
vt 0.45039862 0.7153618 0
vt 0.45039862 0.7153618 0
vt 0.5967037 0.7154873 0
vt 0.5967037 0.7154873 0
vt 0.23926005 0.7155274 0
vt 0.23926005 0.7155274 0
vt 0.37511066 0.71560705 0
vt 0.37511066 0.71560705 0
vt 0.6044976 0.71578497 0
vt 0.6044976 0.71578497 0
vt 0.4007804 0.7179204 0
vt 0.4007804 0.7179204 0
vt 0.1529998 0.71844083 0
vt 0.1529998 0.71844083 0
vt 0.18737195 0.7184418 0
vt 0.18737195 0.7184418 0
vt 0.18553884 0.718659 0
vt 0.18553884 0.718659 0
vt 0.4848586 0.71870947 0
vt 0.4848586 0.71870947 0
vt 0.15113357 0.7187284 0
vt 0.15113357 0.7187284 0
vt 0.13013971 0.7187393 0
vt 0.13013971 0.7187393 0
vt 0.51315707 0.7187807 0
vt 0.51315707 0.7187807 0
vt 0.3665514 0.718841 0
vt 0.3665514 0.718841 0
vt 0.14730856 0.71886104 0
vt 0.14730856 0.71886104 0
vt 0.1492307 0.7188963 0
vt 0.1492307 0.7188963 0
vt 0.13203578 0.71900123 0
vt 0.13203578 0.71900123 0
vt 0.13584593 0.71903217 0
vt 0.13584593 0.71903217 0
vt 0.13393268 0.7191279 0
vt 0.13393268 0.7191279 0
vt 0.4385202 0.72122556 0
vt 0.4385202 0.72122556 0
vt 0.9296037 0.72174525 0
vt 0.9296037 0.72174525 0
vt 0.09704306 0.7217815 0
vt 0.09704306 0.7217815 0
vt 0.44973376 0.72184926 0
vt 0.44973376 0.72184926 0
vt 0.095193595 0.7221469 0
vt 0.095193595 0.7221469 0
vt 0.093344405 0.72250235 0
vt 0.093344405 0.72250235 0
vt 0.40836224 0.72252387 0
vt 0.40836224 0.72252387 0
vt 0.09152053 0.7228608 0
vt 0.09152053 0.7228608 0
vt 0.32736275 0.7231556 0
vt 0.32736275 0.7231556 0
vt 0.48111293 0.72355866 0
vt 0.48111293 0.72355866 0
vt 0.35848182 0.7236252 0
vt 0.35848182 0.7236252 0
vt 0.08130269 0.7247857 0
vt 0.08130269 0.7247857 0
vt 0.07949229 0.7250611 0
vt 0.07949229 0.7250611 0
vt 0.5124922 0.7252682 0
vt 0.5124922 0.7252682 0
vt 0.07767079 0.7252954 0
vt 0.07767079 0.7252954 0
vt 0.44906878 0.72833663 0
vt 0.44906878 0.72833663 0
vt 0.4773673 0.72840786 0
vt 0.4773673 0.72840786 0
vt 0.41491383 0.72896737 0
vt 0.41491383 0.72896737 0
vt 0.35140276 0.73022103 0
vt 0.35140276 0.73022103 0
vt 0.51182723 0.73175555 0
vt 0.51182723 0.73175555 0
vt 0.47370362 0.7331512 0
vt 0.47370362 0.7331512 0
vt 0.14726387 0.7335815 0
vt 0.14726387 0.7335815 0
vt 0.14878021 0.73358226 0
vt 0.14878021 0.73358226 0
vt 0.15028897 0.7335964 0
vt 0.15028897 0.7335964 0
vt 0.15177654 0.73362994 0
vt 0.15177654 0.73362994 0
vt 0.13759816 0.73399246 0
vt 0.13759816 0.73399246 0
vt 0.13611747 0.7340482 0
vt 0.13611747 0.7340482 0
vt 0.13466491 0.73412055 0
vt 0.13466491 0.73412055 0
vt 0.1332229 0.73421687 0
vt 0.1332229 0.73421687 0
vt 0.4507121 0.7346301 0
vt 0.4507121 0.7346301 0
vt 0.44376752 0.7352521 0
vt 0.44376752 0.7352521 0
vt 0.38806945 0.73628145 0
vt 0.38806945 0.73628145 0
vt 0.42038125 0.7366783 0
vt 0.42038125 0.7366783 0
vt 0.38256046 0.7370535 0
vt 0.38256046 0.7370535 0
vt 0.50902724 0.7373565 0
vt 0.50902724 0.7373565 0
vt 0.18944953 0.73744875 0
vt 0.18944953 0.73744875 0
vt 0.32102984 0.7374763 0
vt 0.32102984 0.7374763 0
vt 0.18757874 0.7375007 0
vt 0.18757874 0.7375007 0
vt 0.470251 0.73762107 0
vt 0.470251 0.73762107 0
vt 0.37705138 0.73782533 0
vt 0.37705138 0.73782533 0
vt 0.34541127 0.73802274 0
vt 0.34541127 0.73802274 0
vt 0.3928223 0.7390968 0
vt 0.3928223 0.7390968 0
vt 0.37239292 0.7406027 0
vt 0.37239292 0.7406027 0
vt 0.45235533 0.74092335 0
vt 0.45235533 0.74092335 0
vt 0.22943299 0.74113554 0
vt 0.22943299 0.74113554 0
vt 0.2372724 0.7412829 0
vt 0.2372724 0.7412829 0
vt 0.098891556 0.74168956 0
vt 0.098891556 0.74168956 0
vt 0.46709293 0.74170965 0
vt 0.46709293 0.74170965 0
vt 0.39757505 0.741912 0
vt 0.39757505 0.741912 0
vt 0.09718663 0.74210626 0
vt 0.09718663 0.74210626 0
vt 0.095480464 0.74251765 0
vt 0.095480464 0.74251765 0
vt 0.09379049 0.74291086 0
vt 0.09379049 0.74291086 0
vt 0.50622714 0.7429573 0
vt 0.50622714 0.7429573 0
vt 0.3677344 0.7433798 0
vt 0.3677344 0.7433798 0
vt 0.14904122 0.74438804 0
vt 0.14904122 0.74438804 0
vt 0.15073664 0.7444519 0
vt 0.15073664 0.7444519 0
vt 0.14735006 0.74452585 0
vt 0.14735006 0.74452585 0
vt 0.15240549 0.74461585 0
vt 0.15240549 0.74461585 0
vt 0.13725993 0.7448762 0
vt 0.13725993 0.7448762 0
vt 0.13892227 0.7449136 0
vt 0.13892227 0.7449136 0
vt 0.1356484 0.7450565 0
vt 0.1356484 0.7450565 0
vt 0.46447152 0.74510336 0
vt 0.46447152 0.74510336 0
vt 0.08283299 0.74513096 0
vt 0.08283299 0.74513096 0
vt 0.1340684 0.7453725 0
vt 0.1340684 0.7453725 0
vt 0.081046015 0.7454029 0
vt 0.081046015 0.7454029 0
vt 0.9101224 0.7456493 0
vt 0.9101224 0.7456493 0
vt 0.07921374 0.74565554 0
vt 0.07921374 0.74565554 0
vt 0.42417747 0.7456996 0
vt 0.42417747 0.7456996 0
vt 0.45612153 0.7459807 0
vt 0.45612153 0.7459807 0
vt 0.4007523 0.74635607 0
vt 0.4007523 0.74635607 0
vt 0.34111083 0.74699783 0
vt 0.34111083 0.74699783 0
vt 0.50151545 0.7470816 0
vt 0.50151545 0.7470816 0
vt 0.36473355 0.7475447 0
vt 0.36473355 0.7475447 0
vt 0.4624296 0.74774694 0
vt 0.4624296 0.74774694 0
vt 0.18587737 0.74801743 0
vt 0.18587737 0.74801743 0
vt 0.1877897 0.7480378 0
vt 0.1877897 0.7480378 0
vt 0.15450889 0.749074 0
vt 0.15450889 0.749074 0
vt 0.15211082 0.7490898 0
vt 0.15211082 0.7490898 0
vt 0.46134576 0.7491501 0
vt 0.46134576 0.7491501 0
vt 0.1495782 0.7492277 0
vt 0.1495782 0.7492277 0
vt 0.147084 0.74925876 0
vt 0.147084 0.74925876 0
vt 0.44901472 0.7492783 0
vt 0.44901472 0.7492783 0
vt 0.13987243 0.74979496 0
vt 0.13987243 0.74979496 0
vt 0.13734847 0.7498184 0
vt 0.13734847 0.7498184 0
vt 0.1348924 0.7498348 0
vt 0.1348924 0.7498348 0
vt 0.6225767 0.7498942 0
vt 0.6225767 0.7498942 0
vt 0.13258085 0.7500375 0
vt 0.13258085 0.7500375 0
vt 0.4039295 0.75079995 0
vt 0.4039295 0.75079995 0
vt 0.4598877 0.7510379 0
vt 0.4598877 0.7510379 0
vt 0.49680364 0.7512057 0
vt 0.49680364 0.7512057 0
vt 0.36173266 0.7517094 0
vt 0.36173266 0.7517094 0
vt 0.31469685 0.75179666 0
vt 0.31469685 0.75179666 0
vt 0.18317258 0.7519745 0
vt 0.18317258 0.7519745 0
vt 0.10135249 0.75216204 0
vt 0.10135249 0.75216204 0
vt 0.18516056 0.7522377 0
vt 0.18516056 0.7522377 0
vt 0.09946665 0.7524083 0
vt 0.09946665 0.7524083 0
vt 0.09760209 0.75273854 0
vt 0.09760209 0.75273854 0
vt 0.59381765 0.75315416 0
vt 0.59381765 0.75315416 0
vt 0.095805325 0.75325286 0
vt 0.095805325 0.75325286 0
vt 0.46573237 0.7534042 0
vt 0.46573237 0.7534042 0
vt 0.4906947 0.7534881 0
vt 0.4906947 0.7534881 0
vt 0.6015316 0.75415266 0
vt 0.6015316 0.75415266 0
vt 0.4264861 0.7554155 0
vt 0.4264861 0.7554155 0
vt 0.08683013 0.75547457 0
vt 0.08683013 0.75547457 0
vt 0.47157693 0.7557704 0
vt 0.47157693 0.7557704 0
vt 0.48458564 0.7557704 0
vt 0.48458564 0.7557704 0
vt 0.47808135 0.7557705 0
vt 0.47808135 0.7557705 0
vt 0.4776402 0.75582445 0
vt 0.4776402 0.75582445 0
vt 0.49064893 0.75582445 0
vt 0.49064893 0.75582445 0
vt 0.48414463 0.75582457 0
vt 0.48414463 0.75582457 0
vt 0.104388505 0.7558439 0
vt 0.104388505 0.7558439 0
vt 0.08506539 0.7559577 0
vt 0.08506539 0.7559577 0
vt 0.40495938 0.7559734 0
vt 0.40495938 0.7559734 0
vt 0.360845 0.75636214 0
vt 0.360845 0.75636214 0
vt 0.10178287 0.75656164 0
vt 0.10178287 0.75656164 0
vt 0.33819795 0.75660264 0
vt 0.33819795 0.75660264 0
vt 0.0834033 0.7567081 0
vt 0.0834033 0.7567081 0
vt 0.09907328 0.75732523 0
vt 0.09907328 0.75732523 0
vt 0.09646182 0.75792646 0
vt 0.09646182 0.75792646 0
vt 0.47153124 0.7581069 0
vt 0.47153124 0.7581069 0
vt 0.49649358 0.7581909 0
vt 0.49649358 0.7581909 0
vt 0.08932515 0.7598754 0
vt 0.08932515 0.7598754 0
vt 0.4654222 0.76038915 0
vt 0.4654222 0.76038915 0
vt 0.08731469 0.76050204 0
vt 0.08731469 0.76050204 0
vt 0.50233823 0.76055723 0
vt 0.50233823 0.76055723 0
vt 0.35995728 0.76101464 0
vt 0.35995728 0.76101464 0
vt 0.40598917 0.76114655 0
vt 0.40598917 0.76114655 0
vt 0.085700154 0.7614711 0
vt 0.085700154 0.7614711 0
vt 0.0636047 0.761927 0
vt 0.0636047 0.761927 0
vt 0.5008802 0.7624448 0
vt 0.5008802 0.7624448 0
vt 0.49979627 0.76384807 0
vt 0.49979627 0.76384807 0
vt 0.4607105 0.7645135 0
vt 0.4607105 0.7645135 0
vt 0.44894886 0.7650242 0
vt 0.44894886 0.7650242 0
vt 0.42678982 0.76554245 0
vt 0.42678982 0.76554245 0
vt 0.50610435 0.76561445 0
vt 0.50610435 0.76561445 0
vt 0.06475676 0.7656379 0
vt 0.06475676 0.7656379 0
vt 0.35898235 0.7658631 0
vt 0.35898235 0.7658631 0
vt 0.4050182 0.76606196 0
vt 0.4050182 0.76606196 0
vt 0.23815005 0.76615745 0
vt 0.23815005 0.76615745 0
vt 0.88951546 0.76632315 0
vt 0.88951546 0.76632315 0
vt 0.49775437 0.7664917 0
vt 0.49775437 0.7664917 0
vt 0.33703762 0.76660186 0
vt 0.33703762 0.76660186 0
vt 0.23048976 0.76697457 0
vt 0.23048976 0.76697457 0
vt 0.31472147 0.7673396 0
vt 0.31472147 0.7673396 0
vt 0.45599872 0.7686376 0
vt 0.45599872 0.7686376 0
vt 0.49513298 0.7698854 0
vt 0.49513298 0.7698854 0
vt 0.5098705 0.7706715 0
vt 0.5098705 0.7706715 0
vt 0.35800737 0.77071136 0
vt 0.35800737 0.77071136 0
vt 0.4040472 0.7709772 0
vt 0.4040472 0.7709772 0
vt 0.041006558 0.7732987 0
vt 0.041006558 0.7732987 0
vt 0.49197486 0.773974 0
vt 0.49197486 0.773974 0
vt 0.45319873 0.7742385 0
vt 0.45319873 0.7742385 0
vt 0.42554352 0.77566427 0
vt 0.42554352 0.77566427 0
vt 0.3589723 0.77583975 0
vt 0.3589723 0.77583975 0
vt 0.40284762 0.7758451 0
vt 0.40284762 0.7758451 0
vt 0.33736306 0.77660507 0
vt 0.33736306 0.77660507 0
vt 0.5115138 0.77696496 0
vt 0.5115138 0.77696496 0
vt 0.48852226 0.77844393 0
vt 0.48852226 0.77844393 0
vt 0.022003377 0.7786193 0
vt 0.022003377 0.7786193 0
vt 0.45039862 0.7798393 0
vt 0.45039862 0.7798393 0
vt 0.6296793 0.7806899 0
vt 0.6296793 0.7806899 0
vt 0.40164798 0.7807127 0
vt 0.40164798 0.7807127 0
vt 0.44888288 0.7807699 0
vt 0.44888288 0.7807699 0
vt 0.3599372 0.78096783 0
vt 0.3599372 0.78096783 0
vt 0.31474602 0.7828823 0
vt 0.31474602 0.7828823 0
vt 0.4848586 0.78318703 0
vt 0.4848586 0.78318703 0
vt 0.51315707 0.7832582 0
vt 0.51315707 0.7832582 0
vt 0.8691054 0.7834901 0
vt 0.8691054 0.7834901 0
vt 0.39865407 0.7848556 0
vt 0.39865407 0.7848556 0
vt 0.58783126 0.78529537 0
vt 0.58783126 0.78529537 0
vt 0.4224556 0.7853672 0
vt 0.4224556 0.7853672 0
vt 0.36302528 0.7853926 0
vt 0.36302528 0.7853926 0
vt 0.339634 0.7862176 0
vt 0.339634 0.7862176 0
vt 0.44973376 0.7863269 0
vt 0.44973376 0.7863269 0
vt 0.595307 0.78719974 0
vt 0.595307 0.78719974 0
vt 0.48111293 0.7880363 0
vt 0.48111293 0.7880363 0
vt 0.39566007 0.78899825 0
vt 0.39566007 0.78899825 0
vt 0.08806151 0.78934693 0
vt 0.08806151 0.78934693 0
vt 0.5124922 0.7897458 0
vt 0.5124922 0.7897458 0
vt 0.3661133 0.7898171 0
vt 0.3661133 0.7898171 0
vt 0.24219085 0.790014 0
vt 0.24219085 0.790014 0
vt 0.020036884 0.7908623 0
vt 0.020036884 0.7908623 0
vt 0.3910035 0.791652 0
vt 0.3910035 0.791652 0
vt 0.2345791 0.7919385 0
vt 0.2345791 0.7919385 0
vt 0.370765 0.792785 0
vt 0.370765 0.792785 0
vt 0.44906878 0.7928142 0
vt 0.44906878 0.7928142 0
vt 0.4773673 0.7928855 0
vt 0.4773673 0.7928855 0
vt 0.38634685 0.7943055 0
vt 0.38634685 0.7943055 0
vt 0.41798034 0.7944004 0
vt 0.41798034 0.7944004 0
vt 0.38088176 0.7950292 0
vt 0.38088176 0.7950292 0
vt 0.4424104 0.79505676 0
vt 0.4424104 0.79505676 0
vt 0.34335703 0.7951583 0
vt 0.34335703 0.7951583 0
vt 0.3754166 0.7957527 0
vt 0.3754166 0.7957527 0
vt 0.51182723 0.7962331 0
vt 0.51182723 0.7962331 0
vt 0.3199326 0.7967637 0
vt 0.3199326 0.7967637 0
vt 0.8495778 0.7974295 0
vt 0.8495778 0.7974295 0
vt 0.47370362 0.79762864 0
vt 0.47370362 0.79762864 0
vt 0.4507121 0.7991077 0
vt 0.4507121 0.7991077 0
vt 0.6378229 0.7999252 0
vt 0.6378229 0.7999252 0
vt 0.10161396 0.8012297 0
vt 0.10161396 0.8012297 0
vt 0.11036236 0.8015025 0
vt 0.11036236 0.8015025 0
vt 0.50902724 0.80183405 0
vt 0.50902724 0.80183405 0
vt 0.47025102 0.8020986 0
vt 0.47025102 0.8020986 0
vt 0.411902 0.8021887 0
vt 0.411902 0.8021887 0
vt 0.34872276 0.80282545 0
vt 0.34872276 0.80282545 0
vt 0.45235533 0.8054009 0
vt 0.45235533 0.8054009 0
vt 0.46709293 0.80618715 0
vt 0.46709293 0.80618715 0
vt 0.50622714 0.8074348 0
vt 0.50622714 0.8074348 0
vt 0.40478757 0.8087247 0
vt 0.40478757 0.8087247 0
vt 0.82938254 0.8092104 0
vt 0.82938254 0.8092104 0
vt 0.055277444 0.8092505 0
vt 0.35516825 0.80927163 0
vt 0.35516825 0.80927163 0
vt 0.43593788 0.80934346 0
vt 0.43593788 0.80934346 0
vt 0.46447152 0.8095809 0
vt 0.46447152 0.8095809 0
vt 0.05284069 0.8096401 0
vt 0.056410395 0.81038487 0
vt 0.45612153 0.8104581 0
vt 0.45612153 0.8104581 0
vt 0.32511914 0.8106448 0
vt 0.32511914 0.8106448 0
vt 0.50151545 0.8115591 0
vt 0.50151545 0.8115591 0
vt 0.056075316 0.81172395 0
vt 0.46242958 0.8122245 0
vt 0.46242958 0.8122245 0
vt 0.049070355 0.8123523 0
vt 0.6495305 0.8125925 0
vt 0.6495305 0.8125925 0
vt 0.0056862915 0.8126331 0
vt 0.0056862915 0.8126331 0
vt 0.2496672 0.8126941 0
vt 0.2496672 0.8126941 0
vt 0.39671296 0.81340915 0
vt 0.39671296 0.81340915 0
vt 0.5784506 0.8134405 0
vt 0.5784506 0.8134405 0
vt 0.46134573 0.81362766 0
vt 0.46134573 0.81362766 0
vt 0.05422384 0.81382686 0
vt 0.3626603 0.8139527 0
vt 0.3626603 0.8139527 0
vt 0.05256486 0.81436485 0
vt 0.045836657 0.81488997 0
vt 0.050923556 0.8154831 0
vt 0.4598877 0.81551534 0
vt 0.4598877 0.81551534 0
vt 0.49680364 0.8156832 0
vt 0.49680364 0.8156832 0
vt 0.24259876 0.8157156 0
vt 0.24259876 0.8157156 0
vt 0.041264877 0.81599146 0
vt 0.5856038 0.8164678 0
vt 0.5856038 0.8164678 0
vt 0.38816783 0.8165372 0
vt 0.38816783 0.8165372 0
vt 0.37077877 0.8169702 0
vt 0.37077877 0.8169702 0
vt 0.048537508 0.8170159 0
vt 0.37941068 0.8176374 0
vt 0.37941068 0.8176374 0
vt 0.46573237 0.8178817 0
vt 0.46573237 0.8178817 0
vt 0.4906947 0.8179656 0
vt 0.4906947 0.8179656 0
vt 0.10021376 0.81799704 0
vt 0.10021376 0.81799704 0
vt 0.047433022 0.8182232 0
vt 0.041193224 0.8188153 0
vt 0.046105333 0.81948555 0
vt 0.42540896 0.8198351 0
vt 0.42540896 0.8198351 0
vt 0.806904 0.81984144 0
vt 0.806904 0.81984144 0
vt 0.04213615 0.81987834 0
vt 0.043466505 0.8200065 0
vt 0.1020695 0.82013744 0
vt 0.1020695 0.82013744 0
vt 0.47157693 0.82024795 0
vt 0.47157693 0.82024795 0
vt 0.48458564 0.82024795 0
vt 0.48458564 0.82024795 0
vt 0.47808135 0.820248 0
vt 0.47808135 0.820248 0
vt 0.0002279791 0.8202568 0
vt 0.0002279791 0.8202568 0
vt 0.33415034 0.8205635 0
vt 0.33415034 0.8205635 0
vt 0.66691226 0.8240329 0
vt 0.66691226 0.8240329 0
vt 0.09612653 0.826765 0
vt 0.09612653 0.826765 0
vt 0.7824996 0.8293068 0
vt 0.7824996 0.8293068 0
vt 0.41487998 0.8303265 0
vt 0.41487998 0.8303265 0
vt 0.3431815 0.83048195 0
vt 0.3431815 0.83048195 0
vt 0.6873601 0.83360326 0
vt 0.6873601 0.83360326 0
vt 0.260597 0.833636 0
vt 0.260597 0.833636 0
vt 0.35439906 0.8355361 0
vt 0.35439906 0.8355361 0
vt 0.40254 0.8355556 0
vt 0.40254 0.8355556 0
vt 0.7572224 0.8370429 0
vt 0.7572224 0.8370429 0
vt 0.565308 0.83781797 0
vt 0.565308 0.83781797 0
vt 0.2539816 0.8378974 0
vt 0.2539816 0.8378974 0
vt 0.08854638 0.8387713 0
vt 0.08854638 0.8387713 0
vt 0.7080379 0.83939856 0
vt 0.7080379 0.83939856 0
vt 0.71800864 0.839884 0
vt 0.71800864 0.839884 0
vt 0.08374508 0.84033984 0
vt 0.08374508 0.84033984 0
vt 0.36561653 0.84058994 0
vt 0.36561653 0.84058994 0
vt 0.37790826 0.84068733 0
vt 0.37790826 0.84068733 0
vt 0.88077813 0.8406996 0
vt 0.88077813 0.8406996 0
vt 0.76916176 0.840707 0
vt 0.76916176 0.840707 0
vt 0.8528461 0.840707 0
vt 0.8528461 0.840707 0
vt 0.7222887 0.8407483 0
vt 0.7222887 0.8407483 0
vt 0.39019996 0.8407844 0
vt 0.39019996 0.8407844 0
vt 0.96469885 0.84096694 0
vt 0.96469885 0.84096694 0
vt 0.7329343 0.84131825 0
vt 0.7329343 0.84131825 0
vt 0.5717973 0.8420969 0
vt 0.5717973 0.8420969 0
vt 0.88119876 0.8426679 0
vt 0.88119876 0.8426679 0
vt 0.76957804 0.8426735 0
vt 0.76957804 0.8426735 0
vt 0.8524197 0.8426807 0
vt 0.8524197 0.8426807 0
vt 0.964265 0.8429403 0
vt 0.964265 0.8429403 0
vt 0.012092664 0.8459303 0
vt 0.012092664 0.8459303 0
vt 0.0766136 0.8464973 0
vt 0.0766136 0.8464973 0
vt 0.07257204 0.8485083 0
vt 0.07257204 0.8485083 0
vt 0.5988397 0.8498621 0
vt 0.5988397 0.8498621 0
vt 0.67720014 0.85129476 0
vt 0.67720014 0.85129476 0
vt 0.27495077 0.8523075 0
vt 0.27495077 0.8523075 0
vt 0.066830896 0.8534838 0
vt 0.066830896 0.8534838 0
vt 0.7828677 0.85571545 0
vt 0.7828677 0.85571545 0
vt 0.9509422 0.855896 0
vt 0.9509422 0.855896 0
vt 0.8391709 0.85602695 0
vt 0.8391709 0.85602695 0
vt 0.89443177 0.8560616 0
vt 0.89443177 0.8560616 0
vt 0.06294961 0.8571544 0
vt 0.06294961 0.8571544 0
vt 0.2692853 0.857626 0
vt 0.2692853 0.857626 0
vt 0.54814243 0.85854465 0
vt 0.54814243 0.85854465 0
vt 0.75505835 0.86172557 0
vt 0.75505835 0.86172557 0
vt 0.86676484 0.86196303 0
vt 0.86676484 0.86196303 0
vt 0.8666881 0.86200726 0
vt 0.8666881 0.86200726 0
vt 0.97839195 0.86227345 0
vt 0.97839195 0.86227345 0
vt 0.80120176 0.86246306 0
vt 0.80120176 0.86246306 0
vt 0.8210916 0.8625552 0
vt 0.8210916 0.8625552 0
vt 0.9130311 0.8627041 0
vt 0.9130311 0.8627041 0
vt 0.93265074 0.8627119 0
vt 0.93265074 0.8627119 0
vt 0.094201885 0.8628572 0
vt 0.094201885 0.8628572 0
vt 0.55374146 0.8639519 0
vt 0.55374146 0.8639519 0
vt 0.054352902 0.86399776 0
vt 0.054352902 0.86399776 0
vt 0.57354414 0.8659595 0
vt 0.57354414 0.8659595 0
vt 0.77763623 0.86603826 0
vt 0.77763623 0.86603826 0
vt 0.84405726 0.8661853 0
vt 0.84405726 0.8661853 0
vt 0.88938135 0.8663578 0
vt 0.88938135 0.8663578 0
vt 0.95572776 0.8664611 0
vt 0.95572776 0.8664611 0
vt 0.70095235 0.86656165 0
vt 0.70095235 0.86656165 0
vt 0.053582747 0.86714625 0
vt 0.053582747 0.86714625 0
vt 0.0148124555 0.86747175 0
vt 0.0148124555 0.86747175 0
vt 0.60473335 0.8677414 0
vt 0.60473335 0.8677414 0
vt 0.6705264 0.8680686 0
vt 0.6705264 0.8680686 0
vt 0.09345351 0.8685695 0
vt 0.09345351 0.8685695 0
vt 0.29301736 0.8687135 0
vt 0.29301736 0.8687135 0
vt 0.59535 0.87049085 0
vt 0.59535 0.87049085 0
vt 0.9118232 0.8709033 0
vt 0.9118232 0.8709033 0
vt 0.09888367 0.87094086 0
vt 0.09888367 0.87094086 0
vt 0.6798961 0.87099934 0
vt 0.6798961 0.87099934 0
vt 0.8223452 0.8710444 0
vt 0.8223452 0.8710444 0
vt 0.80020934 0.87104744 0
vt 0.80020934 0.87104744 0
vt 0.9341416 0.8711108 0
vt 0.9341416 0.8711108 0
vt 0.039786495 0.8712091 0
vt 0.039786495 0.8712091 0
vt 0.10990099 0.8720741 0
vt 0.10990099 0.8720741 0
vt 0.029271487 0.87243104 0
vt 0.029271487 0.87243104 0
vt 0.08949114 0.87435395 0
vt 0.08949114 0.87435395 0
vt 0.2883147 0.87489414 0
vt 0.2883147 0.87489414 0
vt 0.030655093 0.87567055 0
vt 0.030655093 0.87567055 0
vt 0.09888815 0.8763566 0
vt 0.09888815 0.8763566 0
vt 0.5271173 0.8765599 0
vt 0.5271173 0.8765599 0
vt 0.076391526 0.87690204 0
vt 0.076391526 0.87690204 0
vt 0.08281789 0.87716645 0
vt 0.08281789 0.87716645 0
vt 0.014159274 0.87884897 0
vt 0.014159274 0.87884897 0
vt 0.09553206 0.88234013 0
vt 0.09553206 0.88234013 0
vt 0.5318245 0.8827609 0
vt 0.5318245 0.8827609 0
vt 0.3147931 0.8828802 0
vt 0.3147931 0.8828802 0
vt 0.110362366 0.8833413 0
vt 0.110362366 0.8833413 0
vt 0.08348256 0.88370943 0
vt 0.08348256 0.88370943 0
vt 0.088936545 0.88475007 0
vt 0.088936545 0.88475007 0
vt 0.3110206 0.88967204 0
vt 0.3110206 0.88967204 0
vt 0.5029048 0.8923784 0
vt 0.5029048 0.8923784 0
vt 0.10401425 0.89315706 0
vt 0.10401425 0.89315706 0
vt 0.338863 0.8943675 0
vt 0.338863 0.8943675 0
vt 0.08227236 0.8948035 0
vt 0.08227236 0.8948035 0
vt 0.09319175 0.89750755 0
vt 0.09319175 0.89750755 0
vt 0.50671625 0.899152 0
vt 0.50671625 0.899152 0
vt 0.33595243 0.9015691 0
vt 0.33595243 0.9015691 0
vt 0.3635331 0.90276575 0
vt 0.3635331 0.90276575 0
vt 0.4777893 0.9040503 0
vt 0.4777893 0.9040503 0
vt 0.38742667 0.9081922 0
vt 0.38742667 0.9081922 0
vt 0.45393983 0.90987486 0
vt 0.45393983 0.90987486 0
vt 0.3614327 0.91019005 0
vt 0.3614327 0.91019005 0
vt 0.40971372 0.91094804 0
vt 0.40971372 0.91094804 0
vt 0.4804502 0.9113439 0
vt 0.4804502 0.9113439 0
vt 0.4314444 0.91150945 0
vt 0.4314444 0.91150945 0
vt 0.38607007 0.9158448 0
vt 0.38607007 0.9158448 0
vt 0.45525685 0.9175447 0
vt 0.45525685 0.9175447 0
vt 0.409144 0.91876614 0
vt 0.409144 0.91876614 0
vt 0.4316947 0.91930103 0
vt 0.4316947 0.91930103 0
vt 0.7989257 0.955158 0
vt 0.7989257 0.955158 0
vt 0.82112426 0.9553745 0
vt 0.82112426 0.9553745 0
vt 0.9105903 0.95551836 0
vt 0.9105903 0.95551836 0
vt 0.9329539 0.9555743 0
vt 0.9329539 0.9555743 0
vt 0.8888962 0.9600117 0
vt 0.8888962 0.9600117 0
vt 0.7771909 0.9601655 0
vt 0.7771909 0.9601655 0
vt 0.594528 0.96019197 0
vt 0.594528 0.96019197 0
vt 0.8437947 0.96021485 0
vt 0.8437947 0.96021485 0
vt 0.9554555 0.960245 0
vt 0.9554555 0.960245 0
vt 0.6791227 0.96086884 0
vt 0.6791227 0.96086884 0
vt 0.6039024 0.9630756 0
vt 0.6039024 0.9630756 0
vt 0.6697288 0.96366507 0
vt 0.6697288 0.96366507 0
vt 0.91210574 0.9637319 0
vt 0.91210574 0.9637319 0
vt 0.8201622 0.963786 0
vt 0.8201622 0.963786 0
vt 0.8002628 0.96381927 0
vt 0.8002628 0.96381927 0
vt 0.9316817 0.9639524 0
vt 0.9316817 0.9639524 0
vt 0.86706525 0.964628 0
vt 0.86706525 0.964628 0
vt 0.75537676 0.9646923 0
vt 0.75537676 0.9646923 0
vt 0.57352406 0.96482027 0
vt 0.57352406 0.96482027 0
vt 0.86555034 0.9649445 0
vt 0.86555034 0.9649445 0
vt 0.9772379 0.96497834 0
vt 0.9772379 0.96497834 0
vt 0.70095235 0.96521187 0
vt 0.70095235 0.96521187 0
vt 0.8384553 0.97035587 0
vt 0.8384553 0.97035587 0
vt 0.89380807 0.9704387 0
vt 0.89380807 0.9704387 0
vt 0.7822479 0.9705324 0
vt 0.7822479 0.9705324 0
vt 0.9502272 0.97071886 0
vt 0.9502272 0.97071886 0
vt 0.67635685 0.98050797 0
vt 0.67635685 0.98050797 0
vt 0.59791833 0.9808949 0
vt 0.59791833 0.9808949 0
vt 0.76911783 0.98354995 0
vt 0.76911783 0.98354995 0
vt 0.88073385 0.98377943 0
vt 0.88073385 0.98377943 0
vt 0.85151196 0.98378646 0
vt 0.85151196 0.98378646 0
vt 0.963338 0.9837866 0
vt 0.963338 0.9837866 0
vt 0.76869255 0.9854839 0
vt 0.76869255 0.9854839 0
vt 0.8519258 0.98571503 0
vt 0.8519258 0.98571503 0
vt 0.8803031 0.98571503 0
vt 0.8803031 0.98571503 0
vt 0.96375805 0.98571503 0
vt 0.96375805 0.98571503 0
# 4818 texture coords

usemtl Material
s 1
f 161/1011/3295 17/1761/3215 6/1249/3243
f 53/2778/3258 17/1761/3215 56/2865/3269
f 126/435/3293 17/1761/3215 129/217/2451
f 8/2848/3256 17/1761/3215 94/2706/3195
f 6/1249/3243 17/1761/3215 15/1395/4040
f 58/2537/3232 17/1761/3215 62/2575/3229
f 129/217/2451 17/1761/3215 132/73/2454
f 94/2706/3195 17/1761/3215 9/2599/3283
f 15/1395/4040 17/1761/3215 168/1639/2478
f 62/2575/3229 17/1761/3215 1/2670/3299
f 132/73/2454 17/1761/3215 12/19/3191
f 9/2599/3283 17/1761/3215 99/2539/3249
f 64/2103/2467 16/1861/3192 17/1761/3215
f 64/2103/2467 17/1761/3215 7/2227/3284
f 575/2678/2498 650/2806/346 624/2823/5455 569/2657/4763
f 99/2539/3249 17/1761/3215 10/2491/2460
f 16/1861/3192 168/1639/2478 17/1761/3215
f 7/2227/3284 17/1761/3215 70/2471/3219
f 137/1/4027 17/1761/3215 140/39/4033
f 10/2491/2460 17/1761/3215 104/2373/3294
f 70/2471/3219 17/1761/3215 73/2497/2461
f 140/39/4033 17/1761/3215 143/137/4033
f 104/2373/3294 17/1761/3215 107/2129/3246
f 73/2497/2461 17/1761/3215 58/2537/3232
f 143/137/4033 17/1761/3215 146/289/4036
f 107/2129/3246 17/1761/3215 110/1859/3266
f 56/2865/3269 17/1761/3215 76/2929/3268
f 146/289/4036 17/1761/3215 5/511/4030
f 110/1859/3266 17/1761/3215 113/1493/3194
f 76/2929/3268 17/1761/3215 79/2964/3232
f 5/511/4030 17/1761/3215 13/719/4037
f 113/1493/3194 17/1761/3215 116/1127/3245
f 79/2964/3232 17/1761/3215 82/2973/2483
f 13/719/4037 17/1761/3215 153/761/3196
f 116/1127/3245 17/1761/3215 119/847/2475
f 82/2973/2483 17/1761/3215 2/2975/4036
f 153/761/3196 17/1761/3215 14/811/2477
f 119/847/2475 17/1761/3215 4/771/3199
f 2/2975/4036 17/1761/3215 87/2969/3193
f 14/811/2477 17/1761/3215 158/865/2474
f 4/771/3199 17/1761/3215 11/673/3248
f 87/2969/3193 17/1761/3215 3/2931/3280
f 158/865/2474 17/1761/3215 161/1011/3295
f 1/2670/3299 17/1761/3215 53/2778/3258
f 11/673/3248 17/1761/3215 126/435/3293
f 3/2931/3280 17/1761/3215 8/2848/3256
f 421/747/90 425/541/87 291/675/458 289/755/451
f 440/111/3719 443/139/772 309/283/469 306/249/4166
f 578/2776/1378 629/2720/1366 632/2694/5796 580/2802/4417
f 172/227/352 413/239/5435 424/459/3164 181/443/1030
f 72/817/2816 69/867/5096 301/863/695 304/815/5100
f 553/3187/4879 606/3175/2625 372/3141/4851 556/3169/504
f 170/1389/3645 409/1387/2813 294/1145/686 65/1147/3641
f 366/3211/1857 363/3183/3386 496/3231/4525 499/3259/3777
f 412/311/2183 416/177/2905 282/329/463 280/489/3404
f 363/3183/3386 360/3117/4125 493/3185/2954 496/3231/4525
f 59/767/3636 72/817/2816 304/815/5100 288/763/5798
f 360/3117/4125 357/3077/4132 490/3101/2938 493/3185/2954
f 419/119/3725 440/111/3719 306/249/4166 285/261/467
f 357/3077/4132 354/3021/2586 487/3031/2927 490/3101/2938
f 658/2620/2840 660/2595/1135 348/2511/3390 482/2513/3750 668/2611/2195
f 187/837/1756 433/839/2423 430/891/5444 185/889/1754
f 665/2885/3391 664/2927/1873 354/3021/2586 356/3013/1203
f 274/1621/3168 276/1375/4005 541/1379/3171 537/1619/2432
f 348/2511/3390 345/2339/4875 479/2349/5195 482/2513/3750
f 274/1621/3168 537/1619/2432 534/1879/4751 272/1881/3167
f 345/2339/4875 342/1993/4877 476/1995/5192 479/2349/5195
f 272/1881/3167 534/1879/4751 531/2123/1027 270/2121/1745
f 342/1993/4877 339/1737/4144 473/1745/2191 476/1995/5192
f 270/2121/1745 531/2123/1027 528/2365/1028 268/2367/2420
f 339/1737/4144 336/1507/1146 470/1497/88 473/1745/2191
f 174/101/5459 415/117/3161 413/239/5435 172/227/352
f 268/2367/2420 528/2365/1028 525/2489/5457 265/2493/1741
f 267/4027/3213 49/3619/3228 33/3869/3217
f 35/3091/3281 49/3619/3228 21/3049/3231
f 27/4464/3214 49/3619/3228 45/4525/2489
f 41/3057/3265 49/3619/3228 207/3145/3230
f 33/3869/3217 49/3619/3228 48/3717/2491
f 179/3339/4030 49/3619/3228 36/3295/3216
f 45/4525/2489 49/3619/3228 28/4535/4029
f 207/3145/3230 49/3619/3228 210/3265/3282
f 48/3717/2491 49/3619/3228 34/3657/3190
f 36/3295/3216 49/3619/3228 18/3197/3255
f 28/4535/4029 49/3619/3228 46/4551/3257
f 210/3265/3282 49/3619/3228 24/3333/3234
f 19/3505/2492 277/3567/3218 49/3619/3228
f 19/3505/2492 49/3619/3228 37/3427/3280
f 46/3309/3805 544/3305/165 549/3297/164 244/3303/3806
f 24/3333/3234 49/3619/3228 215/3359/2452
f 277/3567/3218 34/3657/3190 49/3619/3228
f 37/3427/3280 49/3619/3228 20/3373/3213
f 29/4573/3197 49/3619/3228 247/4543/3233
f 215/3359/2452 49/3619/3228 25/3385/3244
f 20/3373/3213 49/3619/3228 38/3357/2459
f 247/4543/3233 49/3619/3228 30/4529/4037
f 25/3385/3244 49/3619/3228 42/3475/3296
f 38/3357/2459 49/3619/3228 179/3339/4030
f 30/4529/4037 49/3619/3228 252/4509/3198
f 42/3475/3296 49/3619/3228 222/3581/3297
f 21/3049/3231 49/3619/3228 191/3025/3242
f 252/4509/3198 49/3619/3228 31/4443/3247
f 222/3581/3297 49/3619/3228 225/3703/3254
f 191/3025/3242 49/3619/3228 22/3001/2490
f 31/4443/3247 49/3619/3228 257/4415/3242
f 225/3703/3254 49/3619/3228 26/3965/3242
f 22/3001/2490 49/3619/3228 39/2989/4033
f 257/4415/3242 49/3619/3228 32/4359/3250
f 26/3965/3242 49/3619/3228 43/4195/2462
f 39/2989/4033 49/3619/3228 23/2985/4036
f 32/4359/3250 49/3619/3228 47/4303/2484
f 43/4195/2462 49/3619/3228 232/4345/3270
f 23/2985/4036 49/3619/3228 40/2995/3267
f 47/4303/2484 49/3619/3228 264/4155/2453
f 232/4345/3270 49/3619/3228 44/4421/3259
f 40/2995/3267 49/3619/3228 202/3023/3285
f 264/4155/2453 49/3619/3228 267/4027/3213
f 18/3197/3255 49/3619/3228 35/3091/3281
f 44/4421/3259 49/3619/3228 27/4464/3214
f 202/3023/3285 49/3619/3228 41/3057/3265
f 336/1507/1146 333/1263/1892 467/1261/5181 470/1497/88
f 427/1139/2199 431/895/100 297/993/1879 295/1141/3392
f 265/2493/1741 525/2489/5457 522/2545/4012 262/2547/4738
f 333/1263/1892 330/1019/1894 464/1015/83 467/1261/5181
f 167/1633/5797 407/1631/4392 409/1387/2813 170/1389/3645
f 262/2547/4738 522/2545/4012 519/2636/3177 260/2648/5434
f 330/1019/1894 327/873/3405 461/861/3731 464/1015/83
f 167/1633/5797 165/1869/1368 404/1867/3630 407/1631/4392
f 260/2648/5434 519/2636/3177 516/2812/3178 258/2818/4736
f 327/873/3405 324/813/5598 458/805/76 461/861/3731
f 165/1869/1368 163/2111/4406 401/2109/1355 404/1867/3630
f 258/2818/4736 516/2812/3178 513/2951/350 255/2954/3159
f 324/813/5598 321/759/2643 455/685/3756 458/805/76
f 163/2111/4406 160/2343/3650 398/2341/4384 401/2109/1355
f 255/2954/3159 513/2951/350 510/3005/1031 253/3007/5433
f 452/141/4732 455/685/1743 728/641/2411 726/265/1006
f 160/2343/3650 157/2479/4410 395/2477/1354 398/2341/4384
f 253/3007/5433 510/3005/1031 507/3065/2442 250/3067/2418
f 449/113/1730 452/141/4732 726/265/1006 727/237/1730
f 157/2479/4410 155/2529/4411 392/2531/2803 395/2477/1354
f 250/3067/2418 507/3065/2442 504/3157/4016 248/3161/1739
f 315/445/4202 312/351/3411 446/175/1465 449/113/4497
f 155/2529/4411 152/2584/3652 389/2586/3622 392/2531/2803
f 248/3161/1739 504/3157/4016 503/3237/4761 245/3245/3995
f 443/139/772 446/175/1465 312/351/3411 309/283/469
f 152/2584/3652 150/2700/3653 386/2704/3621 389/2586/3622
f 245/3245/3995 503/3237/4761 560/3269/356 551/3279/1740
f 61/735/5788 59/767/3636 288/763/5798 292/729/1370
f 148/2850/2827 145/2967/2828 380/2971/4381 383/2852/2089
f 243/3291/2421 501/3283/3182 498/3287/4019 241/3293/5439
f 145/2967/2828 142/3015/3655 377/3017/5777 380/2971/4381
f 241/3293/5439 498/3287/4019 495/3261/353 239/3267/3165
f 434/843/2194 437/795/2193 303/807/1887 300/851/1884
f 142/3015/3655 139/3063/2832 374/3071/5775 377/3017/5777
f 50/577/1359 61/735/5788 292/729/1370 279/563/5801
f 437/795/2193 421/747/90 289/755/451 303/807/1887
f 150/2700/3653 148/2850/2827 383/2852/2089 386/2704/3621
f 425/541/87 412/311/2183 280/489/3404 291/675/458
f 427/1139/2199 295/1141/3392 410/1383/5568 540/1381/792
f 192/45/2443 439/55/3157 418/63/1012 176/49/1763
f 178/727/4757 422/731/1018 436/787/1747 189/783/348
f 376/3029/4105 373/3085/416 505/3129/815 508/3053/2948
f 75/347/4387 55/357/5087 286/335/5803 307/325/4413
f 176/49/1763 418/63/1012 415/117/3161 174/101/5459
f 379/2981/5536 376/3029/4105 508/3053/2948 511/2993/3768
f 78/385/3624 75/347/4387 307/325/4413 310/369/5104
f 276/1375/4005 183/1133/3170 428/1135/4007 541/1379/3171
f 514/2925/5219 382/2875/4107 379/2981/5536 511/2993/3768
f 81/471/2805 78/385/3624 310/369/5104 313/441/4415
f 189/783/348 436/787/1747 433/839/2423 187/837/1756
f 84/581/2092 81/471/2805 313/441/4415 316/557/1374
f 194/67/3184 442/81/1011 439/55/3157 192/45/2443
f 514/2925/5219 517/2784/5217 385/2728/1111 382/2875/4107
f 185/889/1754 430/891/5444 428/1135/4007 183/1133/3170
f 517/2784/5217 520/2626/1505 388/2601/421 385/2728/1111
f 181/443/1030 424/459/3164 422/731/1018 178/727/4757
f 520/2626/1505 523/2541/122 391/2535/1846 388/2601/421
f 91/825/2807 89/775/1357 322/769/706 325/823/5802
f 196/97/5461 445/109/5429 442/81/1011 194/67/3184
f 523/2541/122 526/2485/2937 394/2483/5547 391/2535/1846
f 93/879/680 91/825/2807 325/823/5802 328/877/701
f 198/47/1039 448/57/5432 445/109/5429 196/97/5461
f 526/2485/2937 529/2359/5209 397/2347/4849 394/2483/5547
f 96/1025/4391 93/879/680 328/877/701 331/1023/4407
f 200/77/2444 451/93/2415 448/57/5432 198/47/1039
f 529/2359/5209 532/2117/799 400/2115/4858 397/2347/4849
f 98/1269/1361 96/1025/4391 331/1023/4407 334/1267/696
f 203/619/4023 454/625/3156 451/93/2415 200/77/2444
f 532/2117/799 535/1875/112 403/1865/2583 400/2115/4858
f 101/1513/2098 98/1269/1361 334/1267/696 337/1511/3646
f 205/799/4020 457/801/4734 454/625/3156 203/619/4023
f 535/1875/112 538/1615/108 406/1627/4864 403/1865/2583
f 103/1743/5790 101/1513/2098 337/1511/3646 340/1741/4400
f 208/853/3180 460/855/3160 457/801/4734 205/799/4020
f 106/1987/4397 103/1743/5790 340/1741/4400 343/1989/3640
f 211/1005/4015 463/1007/3162 460/855/3160 208/853/3180
f 540/1381/792 410/1383/5568 406/1627/4864 538/1615/108
f 109/2329/687 106/1987/4397 343/1989/3640 346/2331/2818
f 213/1255/1757 466/1257/4739 463/1007/3162 211/1005/4015
f 112/2505/688 109/2329/687 346/2331/2818 349/2507/5095
f 216/1501/3176 469/1499/1017 466/1257/4739 213/1255/1757
f 115/2603/692 112/2505/688 349/2507/5095 351/2607/2814
f 218/1755/4753 472/1753/1020 469/1499/1017 216/1501/3176
f 118/2871/3642 115/2603/692 351/2607/2814 353/2873/2097
f 220/2001/4749 475/1999/3166 472/1753/1020 218/1755/4753
f 121/2999/5102 118/2871/3642 353/2873/2097 355/3009/5787
f 223/2355/5447 478/2353/1748 475/1999/3166 220/2001/4749
f 123/3055/2106 121/2999/5102 355/3009/5787 358/3059/2095
f 226/2519/4744 481/2517/4001 478/2353/1748 223/2355/5447
f 125/3089/709 123/3055/2106 358/3059/2095 361/3095/5785
f 55/357/5087 52/433/5784 283/409/2105 286/335/5803
f 228/2640/1752 484/2634/5442 481/2517/4001 226/2519/4744
f 128/3131/2833 125/3089/709 361/3095/5785 364/3147/4390
f 416/177/2905 419/119/3725 285/261/467 282/329/463
f 230/2935/337 485/2937/4006 484/2634/5442 228/2640/1752
f 131/3167/2110 128/3131/2833 364/3147/4390 367/3177/2094
f 67/1001/693 65/1147/3641 294/1145/686 298/999/690
f 233/3037/4004 486/3035/2431 485/2937/4006 230/2935/337
f 134/3165/5807 131/3167/2110 367/3177/2094 369/3173/5780
f 235/3123/2428 489/3115/4755 486/3035/2431 233/3037/4004
f 134/3165/5807 545/3153/2108 547/3127/677 135/3137/678
f 69/867/5096 67/1001/693 298/999/690 301/863/695
f 237/3219/1750 492/3213/1758 489/3115/4755 235/3123/2428
f 139/3063/2832 136/3111/712 371/3125/1353 374/3071/5775
f 431/895/100 434/843/2194 300/851/1884 297/993/1879
f 239/3267/3165 495/3261/353 492/3213/1758 237/3219/1750
f 86/743/5783 84/581/2092 316/557/1374 319/741/708
f 89/775/1357 86/743/5783 319/741/708 322/769/706
f 50/577/1359 52/433/5784 54/493/2782 51/613/5040
f 51/613/4922 54/493/3434 53/543/1183 1/651/4920
f 52/433/5784 55/357/5087 57/405/3585 54/493/2782
f 54/493/3434 57/405/5623 56/465/4194 53/543/1183
f 59/767/3636 61/735/5788 63/745/4351 60/777/5746
f 60/777/2655 63/745/3441 62/751/4930 58/785/2656
f 61/735/5788 50/577/1359 51/613/5040 63/745/4351
f 63/745/3441 51/613/4922 1/651/4920 62/751/4930
f 65/1147/3641 67/1001/693 68/1009/5752 66/1245/5055
f 66/1245/4945 68/1009/4943 7/1017/521 64/1247/522
f 67/1001/693 69/867/5096 71/869/4357 68/1009/5752
f 68/1009/4943 71/869/2664 70/871/518 7/1017/521
f 69/867/5096 72/817/2816 74/821/655 71/869/4357
f 71/869/2664 74/821/4938 73/827/516 70/871/518
f 72/817/2816 59/767/3636 60/777/5746 74/821/655
f 74/821/4938 60/777/2655 58/785/2656 73/827/516
f 55/357/5087 75/347/4387 77/399/642 57/405/3585
f 57/405/5623 77/399/3427 76/453/4191 56/465/4194
f 75/347/4387 78/385/3624 80/437/1315 77/399/642
f 77/399/3427 80/437/2636 79/501/3425 76/453/4191
f 78/385/3624 81/471/2805 83/529/5036 80/437/1315
f 80/437/2636 83/529/2635 82/579/4909 79/501/3425
f 81/471/2805 84/581/2092 85/623/4342 83/529/5036
f 83/529/2635 85/623/2637 2/695/4189 82/579/4909
f 84/581/2092 86/743/5783 88/749/1317 85/623/4342
f 85/623/2637 88/749/494 87/753/5621 2/695/4189
f 86/743/5783 89/775/1357 90/781/5737 88/749/1317
f 88/749/494 90/781/5622 3/789/4193 87/753/5621
f 89/775/1357 91/825/2807 92/829/2781 90/781/5737
f 90/781/5622 92/829/499 8/831/3430 3/789/4193
f 91/825/2807 93/879/680 95/881/5739 92/829/2781
f 92/829/499 95/881/4198 94/883/1927 8/831/3430
f 93/879/680 96/1025/4391 97/1027/5038 95/881/5739
f 95/881/4198 97/1027/506 9/1125/5625 94/883/1927
f 96/1025/4391 98/1269/1361 100/1271/4348 97/1027/5038
f 97/1027/506 100/1271/4205 99/1273/2645 9/1125/5625
f 98/1269/1361 101/1513/2098 102/1515/2048 100/1271/4348
f 100/1271/4205 102/1515/508 10/1517/4927 99/1273/2645
f 101/1513/2098 103/1743/5790 105/1749/5043 102/1515/2048
f 102/1515/508 105/1749/4211 104/1751/3439 10/1517/4927
f 103/1743/5790 106/1987/4397 108/1985/2784 105/1749/5043
f 105/1749/4211 108/1985/5633 107/1983/2651 104/1751/3439
f 106/1987/4397 109/2329/687 111/2327/5744 108/1985/2784
f 108/1985/5633 111/2327/4214 110/2325/1198 107/1983/2651
f 109/2329/687 112/2505/688 114/2503/2055 111/2327/5744
f 111/2327/4214 114/2503/1939 113/2499/5634 110/2325/1198
f 112/2505/688 115/2603/692 117/2591/5749 114/2503/2055
f 114/2503/1939 117/2591/4220 116/2588/2661 113/2499/5634
f 115/2603/692 118/2871/3642 120/2854/2060 117/2591/5749
f 117/2591/4220 120/2854/3449 119/2846/1211 116/2588/2661
f 118/2871/3642 121/2999/5102 122/2987/3601 120/2854/2060
f 120/2854/3449 122/2987/1954 4/2983/5642 119/2846/1211
f 121/2999/5102 123/3055/2106 124/3047/2082 122/2987/3601
f 122/2987/1954 124/3047/549 11/3039/4966 4/2983/5642
f 123/3055/2106 125/3089/709 127/3083/1352 124/3047/2082
f 124/3047/549 127/3083/4255 126/3073/5663 11/3039/4966
f 125/3089/709 128/3131/2833 130/3109/2800 127/3083/1352
f 127/3083/4255 130/3109/2694 129/3099/1243 126/3073/5663
f 128/3131/2833 131/3167/2110 133/3139/3618 130/3109/2800
f 130/3109/2694 133/3139/2697 132/3121/4985 129/3099/1243
f 131/3167/2110 134/3165/5807 135/3137/678 133/3139/3618
f 133/3139/2697 135/3137/4259 12/3119/2693 132/3121/4985
f 545/3153/2108 134/3165/5807 369/3173/5780 558/3159/4386
f 244/3303/3959 549/3297/3954 552/3281/3993 243/3291/2421
f 136/3111/712 139/3063/2832 141/3051/4372 138/3097/5081
f 138/3097/2689 141/3051/1234 140/3045/3474 137/3087/3479
f 139/3063/2832 142/3015/3655 144/3003/2084 141/3051/4372
f 141/3051/1234 144/3003/5658 143/2991/1967 140/3045/3474
f 142/3015/3655 145/2967/2828 147/2958/670 144/3003/2084
f 144/3003/5658 147/2958/545 146/2949/3468 143/2991/1967
f 145/2967/2828 148/2850/2827 149/2836/5075 147/2958/670
f 147/2958/545 149/2836/4241 5/2828/543 146/2949/3468
f 148/2850/2827 150/2700/3653 151/2684/5073 149/2836/5075
f 149/2836/4241 151/2684/1230 13/2674/539 5/2828/543
f 150/2700/3653 152/2584/3652 154/2577/5765 151/2684/5073
f 151/2684/1230 154/2577/1226 153/2573/1225 13/2674/539
f 152/2584/3652 155/2529/4411 156/2527/3608 154/2577/5765
f 154/2577/1226 156/2527/1224 14/2525/538 153/2573/1225
f 155/2529/4411 157/2479/4410 159/2475/2079 156/2527/3608
f 156/2527/1224 159/2475/4953 158/2473/4234 14/2525/538
f 157/2479/4410 160/2343/3650 162/2337/4362 159/2475/2079
f 159/2475/4953 162/2337/2675 161/2333/1221 158/2473/4234
f 160/2343/3650 163/2111/4406 164/2107/5760 162/2337/4362
f 162/2337/2675 164/2107/5644 6/2105/2673 161/2333/1221
f 163/2111/4406 165/1869/1368 166/1873/5061 164/2107/5760
f 164/2107/5644 166/1873/2672 15/1871/5643 6/2105/2673
f 165/1869/1368 167/1633/5797 169/1635/3599 166/1873/5061
f 166/1873/2672 169/1635/5640 168/1637/3453 15/1871/5643
f 64/1247/522 16/1393/4947 171/1391/3452 66/1245/4945
f 66/1245/5055 171/1391/2067 170/1389/3645 65/1147/3641
f 16/1393/4947 168/1637/3453 169/1635/5640 171/1391/3452
f 171/1391/2067 169/1635/3599 167/1633/5797 170/1389/3645
f 18/147/888 35/43/2283 175/69/2282 173/183/3034
f 173/183/1724 175/69/3988 174/101/5459 172/227/352
f 35/43/2283 21/11/1608 177/29/3856 175/69/2282
f 175/69/3988 177/29/4725 176/49/1763 174/101/5459
f 179/669/199 36/355/1594 182/395/5300 180/707/5295
f 180/707/999 182/395/1002 181/443/1030 178/727/4757
f 36/355/1594 18/147/888 173/183/3034 182/395/5300
f 182/395/1002 173/183/1724 172/227/352 181/443/1030
f 19/1129/3010 37/885/178 186/887/179 184/1131/2260
f 184/1131/5399 186/887/3974 185/889/1754 183/1133/3170
f 37/885/178 20/833/1576 188/835/3022 186/887/179
f 186/887/3974 188/835/310 187/837/1756 185/889/1754
f 20/833/1576 38/773/4590 190/779/4592 188/835/3022
f 188/835/310 190/779/2402 189/783/348 187/837/1756
f 38/773/4590 179/669/199 180/707/5295 190/779/4592
f 190/779/2402 180/707/999 178/727/4757 189/783/348
f 21/11/1608 191/5/3859 193/25/4612 177/29/3856
f 177/29/4725 193/25/325 192/45/2443 176/49/1763
f 191/5/3859 22/17/892 195/41/209 193/25/4612
f 193/25/325 195/41/1727 194/67/3184 192/45/2443
f 22/17/892 39/37/2288 197/61/896 195/41/209
f 195/41/1727 197/61/1004 196/97/5461 194/67/3184
f 39/37/2288 23/7/3864 199/27/214 197/61/896
f 197/61/1004 199/27/4728 198/47/1039 196/97/5461
f 23/7/3864 40/31/215 201/51/901 199/27/214
f 199/27/4728 201/51/1731 200/77/2444 198/47/1039
f 40/31/215 202/591/213 204/607/899 201/51/901
f 201/51/1731 204/607/2409 203/619/4023 200/77/2444
f 202/591/213 41/793/1606 206/797/206 204/607/899
f 204/607/2409 206/797/323 205/799/4020 203/619/4023
f 41/793/1606 207/845/3032 209/849/203 206/797/206
f 206/797/323 209/849/1722 208/853/3180 205/799/4020
f 207/845/3032 210/997/886 212/1003/2277 209/849/203
f 209/849/1722 212/1003/3148 211/1005/4015 208/853/3180
f 210/997/886 24/1251/2274 214/1253/198 212/1003/2277
f 212/1003/3148 214/1253/1718 213/1255/1757 211/1005/4015
f 24/1251/2274 215/1505/2270 217/1503/3024 214/1253/198
f 214/1253/1718 217/1503/1716 216/1501/3176 213/1255/1757
f 215/1505/2270 25/1759/181 219/1757/2265 217/1503/3024
f 217/1503/1716 219/1757/988 218/1755/4753 216/1501/3176
f 25/1759/181 42/2101/3825 221/2003/177 219/1757/2265
f 219/1757/988 221/2003/2389 220/2001/4749 218/1755/4753
f 42/2101/3825 222/2361/1560 224/2357/3007 221/2003/177
f 221/2003/2389 224/2357/2388 223/2355/5447 220/2001/4749
f 222/2361/1560 225/2523/861 227/2521/1557 224/2357/3007
f 224/2357/2388 227/2521/982 226/2519/4744 223/2355/5447
f 225/2523/861 26/2650/856 229/2644/5271 227/2521/1557
f 227/2521/982 229/2644/3965 228/2640/1752 226/2519/4744
f 26/2650/856 43/2945/5267 231/2939/4573 229/2644/5271
f 229/2644/3965 231/2939/980 230/2935/337 228/2640/1752
f 43/2945/5267 232/3043/3819 234/3041/4578 231/2939/4573
f 231/2939/980 234/3041/2387 233/3037/4004 230/2935/337
f 232/3043/3819 44/3151/865 236/3133/866 234/3041/4578
f 234/3041/2387 236/3133/5397 235/3123/2428 233/3037/4004
f 44/3151/865 27/3239/3821 238/3223/863 236/3133/866
f 236/3133/5397 238/3223/4708 237/3219/1750 235/3123/2428
f 27/3239/3821 45/3299/5268 240/3285/1555 238/3223/863
f 238/3223/4708 240/3285/1704 239/3267/3165 237/3219/1750
f 45/3299/5268 28/3311/2254 242/3307/5260 240/3285/1555
f 240/3285/1704 242/3307/978 241/3293/5439 239/3267/3165
f 28/3311/2254 46/3309/3805 244/3303/3806 242/3307/5260
f 242/3307/978 244/3303/3959 243/3291/2421 241/3293/5439
f 46/4551/3257 49/3619/3228 29/4573/3197 543/4567/3298 544/4553/3298
f 552/3281/3993 559/3277/1041 501/3283/3182 243/3291/2421
f 29/3273/4553 247/3189/1530 249/3171/2234 246/3255/4554
f 246/3255/5387 249/3171/4693 248/3161/1739 245/3245/3995
f 247/3189/1530 30/3081/4543 251/3075/2970 249/3171/2234
f 249/3171/4693 251/3075/967 250/3067/2418 248/3161/1739
f 30/3081/4543 252/3019/838 254/3011/2971 251/3075/2970
f 251/3075/967 254/3011/4691 253/3007/5433 250/3067/2418
f 252/3019/838 31/2962/2232 256/2956/1528 254/3011/2971
f 254/3011/4691 256/2956/291 255/2954/3159 253/3007/5433
f 31/2962/2232 257/2830/5245 259/2821/3791 256/2956/1528
f 256/2956/291 259/2821/4692 258/2818/4736 255/2954/3159
f 257/2830/5245 32/2660/4546 261/2652/5246 259/2821/3791
f 259/2821/4692 261/2652/3121 260/2648/5434 258/2818/4736
f 32/2660/4546 47/2551/2235 263/2549/1532 261/2652/5246
f 261/2652/3121 263/2549/2373 262/2547/4738 260/2648/5434
f 47/2551/2235 264/2501/3795 266/2495/2975 263/2549/1532
f 263/2549/2373 266/2495/1695 265/2493/1741 262/2547/4738
f 264/2501/3795 267/2371/2979 269/2369/2239 266/2495/2975
f 266/2495/1695 269/2369/968 268/2367/2420 265/2493/1741
f 267/2371/2979 33/2127/1542 271/2125/4556 269/2369/2239
f 269/2369/968 271/2125/4695 270/2121/1745 268/2367/2420
f 33/2127/1542 48/1885/2988 273/1883/5255 271/2125/4556
f 271/2125/4695 273/1883/3958 272/1881/3167 270/2121/1745
f 48/1885/2988 34/1625/1550 275/1623/1551 273/1883/5255
f 273/1883/3958 275/1623/4703 274/1621/3168 272/1881/3167
f 183/1133/3170 276/1375/4005 278/1373/1706 184/1131/5399
f 184/1131/2260 278/1373/4577 277/1371/4575 19/1129/3010
f 276/1375/4005 274/1621/3168 275/1623/4703 278/1373/1706
f 278/1373/4577 275/1623/1551 34/1625/1550 277/1371/4575
f 280/489/3404 282/329/463 284/373/552 281/519/3471
f 281/519/4371 284/373/1346 283/409/2105 279/563/5801
f 282/329/463 285/261/467 287/297/4250 284/373/552
f 284/373/1346 287/297/673 286/335/5803 283/409/2105
f 289/755/451 291/675/458 293/713/4964 290/757/4237
f 290/757/666 293/713/4368 292/729/1370 288/763/5798
f 291/675/458 280/489/3404 281/519/3471 293/713/4964
f 293/713/4368 281/519/4371 279/563/5801 292/729/1370
f 295/1141/3392 297/993/1879 299/995/3451 296/1143/519
f 296/1143/5751 299/995/2064 298/999/690 294/1145/686
f 297/993/1879 300/851/1884 302/857/526 299/995/3451
f 299/995/2064 302/857/664 301/863/695 298/999/690
f 300/851/1884 303/807/1887 305/809/5649 302/857/526
f 302/857/664 305/809/2077 304/815/5100 301/863/695
f 303/807/1887 289/755/451 290/757/4237 305/809/5649
f 305/809/2077 290/757/666 288/763/5798 304/815/5100
f 285/261/467 306/249/4166 308/285/4978 287/297/4250
f 287/297/673 308/285/4375 307/325/4413 286/335/5803
f 306/249/4166 309/283/469 311/323/1238 308/285/4978
f 308/285/4375 311/323/5079 310/369/5104 307/325/4413
f 309/283/469 312/351/3411 314/393/556 311/323/1238
f 311/323/5079 314/393/5080 313/441/4415 310/369/5104
f 312/351/3411 315/445/4202 317/505/559 314/393/556
f 314/393/5080 317/505/4379 316/557/1374 313/441/4415
f 315/445/4202 318/721/561 320/733/1239 317/505/559
f 317/505/4379 320/733/1351 319/741/708 316/557/1374
f 318/721/561 321/759/2643 323/765/1970 320/733/1239
f 320/733/1351 323/765/674 322/769/706 319/741/708
f 321/759/2643 324/813/5598 326/819/4248 323/765/1970
f 323/765/674 326/819/4374 325/823/5802 322/769/706
f 324/813/5598 327/873/3405 329/875/3470 326/819/4248
f 326/819/4374 329/875/4370 328/877/701 325/823/5802
f 327/873/3405 330/1019/1894 332/1021/544 329/875/3470
f 329/875/4370 332/1021/2083 331/1023/4407 328/877/701
f 330/1019/1894 333/1263/1892 335/1265/1958 332/1021/544
f 332/1021/2083 335/1265/5764 334/1267/696 331/1023/4407
f 333/1263/1892 336/1507/1146 338/1509/1956 335/1265/1958
f 335/1265/5764 338/1509/5063 337/1511/3646 334/1267/696
f 336/1507/1146 339/1737/4144 341/1739/1949 338/1509/1956
f 338/1509/5063 341/1739/5757 340/1741/4400 337/1511/3646
f 339/1737/4144 342/1993/4877 344/1991/1944 341/1739/1949
f 341/1739/5757 344/1991/659 343/1989/3640 340/1741/4400
f 342/1993/4877 345/2339/4875 347/2335/3445 344/1991/1944
f 344/1991/659 347/2335/4353 346/2331/2818 343/1989/3640
f 345/2339/4875 348/2511/3390 350/2509/2659 347/2335/3445
f 347/2335/4353 350/2509/653 349/2507/5095 346/2331/2818
f 352/2609/4140 659/2638/3420 662/2867/1916 665/2885/3391
f 350/2509/653 352/2609/2054 351/2607/2814 349/2507/5095
f 352/2609/2054 665/2885/1324 353/2873/2097 351/2607/2814
f 354/3021/2586 664/2927/1873 663/2913/1400 673/2960/105 487/3031/2927
f 665/2885/1324 356/3013/5748 355/3009/5787 353/2873/2097
f 354/3021/2586 357/3077/4132 359/3069/3447 356/3013/1203
f 356/3013/5748 359/3069/5750 358/3059/2095 355/3009/5787
f 357/3077/4132 360/3117/4125 362/3105/1206 359/3069/3447
f 359/3069/5750 362/3105/4355 361/3095/5785 358/3059/2095
f 360/3117/4125 363/3183/3386 365/3163/4934 362/3105/1206
f 362/3105/4355 365/3163/2786 364/3147/4390 361/3095/5785
f 363/3183/3386 366/3211/1857 368/3193/3442 365/3163/4934
f 365/3163/2786 368/3193/2052 367/3177/2094 364/3147/4390
f 368/3193/2052 370/3191/4350 369/3173/5780 367/3177/2094
f 370/3191/1861 603/3203/4897 554/3195/5582 555/3179/4199
f 560/3269/356 503/3237/4761 615/3229/4729 562/3253/329
f 373/3085/416 608/3149/3369 607/3199/2158 616/3215/2956 505/3129/815
f 372/3141/4347 375/3079/5033 374/3071/5775 371/3125/1353
f 373/3085/416 376/3029/4105 378/3027/3419 375/3079/1174
f 375/3079/5033 378/3027/4337 377/3017/5777 374/3071/5775
f 376/3029/4105 379/2981/5536 381/2977/2634 378/3027/3419
f 378/3027/4337 381/2977/1311 380/2971/4381 377/3017/5777
f 379/2981/5536 382/2875/4107 384/2863/3421 381/2977/2634
f 381/2977/1311 384/2863/1312 383/2852/2089 380/2971/4381
f 382/2875/4107 385/2728/1111 387/2716/5613 384/2863/3421
f 384/2863/1312 387/2716/3580 386/2704/3621 383/2852/2089
f 385/2728/1111 388/2601/421 390/2593/4183 387/2716/5613
f 387/2716/3580 390/2593/2772 389/2586/3622 386/2704/3621
f 388/2601/421 391/2535/1846 393/2533/4185 390/2593/4183
f 390/2593/2772 393/2533/635 392/2531/2803 389/2586/3622
f 391/2535/1846 394/2483/5547 396/2481/1919 393/2533/4185
f 393/2533/635 396/2481/5034 395/2477/1354 392/2531/2803
f 394/2483/5547 397/2347/4849 399/2345/491 396/2481/1919
f 396/2481/5034 399/2345/3583 398/2341/4384 395/2477/1354
f 397/2347/4849 400/2115/4858 402/2113/4913 399/2345/491
f 399/2345/3583 402/2113/2780 401/2109/1355 398/2341/4384
f 400/2115/4858 403/1865/2583 405/1863/3437 402/2113/4913
f 402/2113/2780 405/1863/2783 404/1867/3630 401/2109/1355
f 403/1865/2583 406/1627/4864 408/1629/1196 405/1863/3437
f 405/1863/2783 408/1629/652 407/1631/4392 404/1867/3630
f 294/1145/686 409/1387/2813 411/1385/654 296/1143/5751
f 296/1143/519 411/1385/514 410/1383/5568 295/1141/3392
f 409/1387/2813 407/1631/4392 408/1629/652 411/1385/654
f 411/1385/514 408/1629/1196 406/1627/4864 410/1383/5568
f 413/239/5435 415/117/3161 417/151/2379 414/275/3961
f 414/275/4564 417/151/5252 416/177/2905 412/311/2183
f 415/117/3161 418/63/1012 420/91/3951 417/151/2379
f 417/151/5252 420/91/3800 419/119/3725 416/177/2905
f 422/731/1018 424/459/3164 426/503/4704 423/739/3967
f 423/739/3815 426/503/5259 425/541/87 421/747/90
f 424/459/3164 413/239/5435 414/275/3961 426/503/4704
f 426/503/5259 414/275/4564 412/311/2183 425/541/87
f 428/1135/4007 430/891/5444 432/893/305 429/1137/3137
f 429/1137/5279 432/893/4583 431/895/100 427/1139/2199
f 430/891/5444 433/839/2423 435/841/5398 432/893/305
f 432/893/4583 435/841/4580 434/843/2194 431/895/100
f 433/839/2423 436/787/1747 438/791/3133 435/841/5398
f 435/841/4580 438/791/3820 437/795/2193 434/843/2194
f 436/787/1747 422/731/1018 423/739/3967 438/791/3133
f 438/791/3820 423/739/3815 421/747/90 437/795/2193
f 418/63/1012 439/55/3157 441/83/2375 420/91/3951
f 420/91/3800 441/83/2240 440/111/3719 419/119/3725
f 439/55/3157 442/81/1011 444/105/293 441/83/2375
f 441/83/2240 444/105/4551 443/139/772 440/111/3719
f 442/81/1011 445/109/5429 447/143/2374 444/105/293
f 444/105/4551 447/143/843 446/175/1465 443/139/772
f 445/109/5429 448/57/5432 450/85/1696 447/143/2374
f 447/143/843 450/85/160 449/113/4497 446/175/1465
f 448/57/5432 451/93/2415 453/115/3126 450/85/1696
f 450/85/160 453/115/3798 452/141/2242 449/113/4497
f 451/93/2415 454/625/3156 456/653/2378 453/115/3126
f 453/115/3798 456/653/845 455/685/3756 452/141/2242
f 454/625/3156 457/801/4734 459/803/5389 456/653/2378
f 456/653/845 459/803/1540 458/805/76 455/685/3756
f 457/801/4734 460/855/3160 462/859/973 459/803/5389
f 459/803/1540 462/859/3801 461/861/3731 458/805/76
f 460/855/3160 463/1007/3162 465/1013/4697 462/859/973
f 462/859/3801 465/1013/4560 464/1015/83 461/861/3731
f 463/1007/3162 466/1257/4739 468/1259/2380 465/1013/4697
f 465/1013/4560 468/1259/2990 467/1261/5181 464/1015/83
f 466/1257/4739 469/1499/1017 471/1495/301 468/1259/2380
f 468/1259/2990 471/1495/4565 470/1497/88 467/1261/5181
f 469/1499/1017 472/1753/1020 474/1747/5392 471/1495/301
f 471/1495/4565 474/1747/3811 473/1745/2191 470/1497/88
f 472/1753/1020 475/1999/3166 477/1997/4702 474/1747/5392
f 474/1747/3811 477/1997/4569 476/1995/5192 473/1745/2191
f 475/1999/3166 478/2353/1748 480/2351/2385 477/1997/4702
f 477/1997/4569 480/2351/5266 479/2349/5195 476/1995/5192
f 478/2353/1748 481/2517/4001 483/2515/303 480/2351/2385
f 480/2351/5266 483/2515/3816 482/2513/3750 479/2349/5195
f 481/2517/4001 484/2634/5442 669/2632/3968 483/2515/303
f 708/4673/1761 700/4677/358 715/4511/4010 721/4512/5451
f 484/2634/5442 485/2937/4006 672/2933/5400 669/2632/3968
f 483/2515/3816 669/2632/2922 668/2611/2195 482/2513/3750
f 485/2937/4006 486/3035/2431 488/3033/2400 672/2933/5400
f 680/4703/1767 701/4683/1769 700/4677/358 708/4673/1761 710/4647/4013 687/4689/4760
f 486/3035/2431 489/3115/4755 491/3107/320 488/3033/2400
f 488/3033/2266 491/3107/4607 490/3101/2938 487/3031/2927
f 489/3115/4755 492/3213/1758 494/3201/3152 491/3107/320
f 491/3107/4607 494/3201/3867 493/3185/2954 490/3101/2938
f 492/3213/1758 495/3261/353 497/3243/5423 494/3201/3152
f 494/3201/3867 497/3243/5314 496/3231/4525 493/3185/2954
f 495/3261/353 498/3287/4019 500/3275/331 497/3243/5423
f 497/3243/5314 500/3275/3872 499/3259/3777 496/3231/4525
f 498/3287/4019 501/3283/3182 502/3271/3153 500/3275/331
f 610/2696/4752 563/2714/1772 571/2682/3303 656/2664/342
f 501/3283/3182 559/3277/1041 561/3263/328 502/3271/3153
f 562/3253/3042 615/3229/5239 614/3227/4597 564/3241/904
f 503/3237/4761 504/3157/4016 506/3143/3151 615/3229/4729
f 564/2734/363 614/2754/4750 646/2768/2435 572/2710/1771
f 504/3157/4016 507/3065/2442 509/3061/1721 506/3143/3151
f 506/3143/1602 509/3061/4606 508/3053/2948 505/3129/815
f 507/3065/2442 510/3005/1031 512/2997/4724 509/3061/1721
f 509/3061/4606 512/2997/3846 511/2993/3768 508/3053/2948
f 510/3005/1031 513/2951/350 515/2941/2407 512/2997/4724
f 512/2997/3846 515/2941/200 514/2925/5219 511/2993/3768
f 513/2951/350 516/2812/3178 518/2804/1001 515/2941/2407
f 515/2941/200 518/2804/3843 517/2784/5217 514/2925/5219
f 516/2812/3178 519/2636/3177 521/2630/3146 518/2804/1001
f 518/2804/3843 521/2630/3028 520/2626/1505 517/2784/5217
f 519/2636/3177 522/2545/4012 524/2543/316 521/2630/3146
f 521/2630/3028 524/2543/4598 523/2541/122 520/2626/1505
f 522/2545/4012 525/2489/5457 527/2487/5414 524/2543/316
f 524/2543/4598 527/2487/196 526/2485/2937 523/2541/122
f 525/2489/5457 528/2365/1028 530/2363/4718 527/2487/5414
f 527/2487/196 530/2363/195 529/2359/5209 526/2485/2937
f 528/2365/1028 531/2123/1027 533/2119/4716 530/2363/4718
f 530/2363/195 533/2119/194 532/2117/799 529/2359/5209
f 531/2123/1027 534/1879/4751 536/1877/1713 533/2119/4716
f 533/2119/194 536/1877/1578 535/1875/112 532/2117/799
f 534/1879/4751 537/1619/2432 539/1617/990 536/1877/1713
f 536/1877/1578 539/1617/182 538/1615/108 535/1875/112
f 427/1139/2199 540/1381/792 542/1377/3019 429/1137/5279
f 429/1137/3137 542/1377/3975 541/1379/3171 428/1135/4007
f 540/1381/792 538/1615/108 539/1617/182 542/1377/3019
f 542/1377/3975 539/1617/990 537/1619/2432 541/1379/3171
f 52/433/5784 50/577/1359 279/563/5801 283/409/2105
f 638/2947/4405 582/2893/2111 567/2953/4419 622/2980/3647
f 581/2808/720 634/2676/5794 618/2656/2821 568/2820/5114
f 554/2742/5112 603/2724/2101 629/2720/1366 578/2776/1378
f 580/2802/4417 632/2694/5796 634/2676/5794 581/2808/720
f 641/2881/3644 579/2856/717 582/2893/2111 638/2947/4405
f 606/2798/3639 553/2782/5108 577/2824/5811 643/2842/5792
f 572/2710/1771 646/2768/2435 648/2794/2436 574/2698/2495
f 643/2842/5792 577/2824/5811 579/2856/717 641/2881/3644
f 12/19/3191 17/1761/3215 137/1/4027 566/9/4035 565/15/4035
f 656/2664/342 571/2682/3303 573/2646/359 654/2616/341
f 370/3191/4350 555/3179/2046 558/3159/4386 369/3173/5780
f 611/3225/3696 604/3209/5553 366/3211/1857 499/3259/3777 612/3257/2225
f 654/2616/341 573/2646/359 576/2605/1052 652/2579/5450
f 574/2698/2495 648/2794/2436 650/2806/346 575/2678/2498
f 652/2579/5450 576/2605/1052 570/2572/4764 626/2553/1753
f 615/3229/5239 506/3143/1602 505/3129/815 616/3215/2956
f 500/3275/3872 502/3271/5244 612/3257/2225 499/3259/3777
f 556/3169/5039 372/3141/4347 371/3125/1353 557/3155/3625
f 372/3141/4851 608/3149/3369 373/3085/416 375/3079/1174
f 550/3289/3129 246/3255/5387 245/3245/3995 551/3279/1740
f 136/3111/712 546/3135/5107 557/3155/3625 371/3125/1353
f 548/3113/567 138/3097/2689 137/3087/3479 566/3093/5666
f 135/3137/4259 547/3127/2690 565/3103/565 12/3119/2693
f 546/3135/5107 136/3111/712 138/3097/5081 548/3113/5773
f 502/3271/5244 561/3263/5312 563/3247/903 610/3251/3837
f 579/2856/5476 577/2824/4777 587/2814/4051 583/2844/5475
f 576/2605/1394 573/2646/1395 591/2662/5121 594/2618/3666
f 575/2678/5474 569/2657/4049 599/2613/3308 593/2654/2514
f 567/2953/5473 582/2893/4773 586/2869/4774 601/2906/4770
f 578/2776/4427 580/2802/729 584/2826/3667 588/2800/1398
f 571/2682/18 563/2714/1397 597/2722/1397 595/2688/2842
f 581/2808/4426 568/2820/1392 602/2858/2122 585/2838/5120
f 562/3253/3042 564/3241/904 563/3247/903 561/3263/5312
f 560/3269/356 562/3253/329 561/3263/328 559/3277/1041
f 556/3169/5039 557/3155/3625 558/3159/4386 555/3179/2046
f 553/3187/4879 556/3169/504 555/3179/4199 554/3195/5582
f 550/3289/3129 551/3279/1740 552/3281/3993 549/3297/3954
f 543/3301/2985 550/3289/1544 549/3297/164 544/3305/165
f 548/3113/567 566/3093/5666 565/3103/565 547/3127/2690
f 546/3135/5107 548/3113/5773 547/3127/677 545/3153/2108
f 545/3153/2108 558/3159/4386 557/3155/3625 546/3135/5107
f 559/3277/1041 552/3281/3993 551/3279/1740 560/3269/356
f 574/2698/4050 575/2678/5474 593/2654/2514 592/2680/3310
f 543/3301/2985 29/3273/4553 246/3255/4554 550/3289/1544
f 584/2826/715 585/2838/1381 586/2869/719 583/2844/5812
f 588/2800/5808 584/2826/715 583/2844/5812 587/2814/1379
f 590/2760/4418 588/2800/5808 587/2814/1379 589/2770/4418
f 592/2680/362 593/2654/1053 594/2618/2499 591/2662/1046
f 596/2702/3300 592/2680/362 591/2662/1046 595/2688/2494
f 598/2726/1047 596/2702/3300 595/2688/2494 597/2722/1047
f 593/2654/1053 599/2613/4041 600/2583/4762 594/2618/2499
f 585/2838/1381 602/2858/4420 601/2906/5113 586/2869/719
f 553/3187/4879 554/3195/5582 590/3207/726 589/3205/726
f 570/2572/1391 576/2605/1394 594/2618/3666 600/2583/1390
f 572/2710/2516 574/2698/4050 592/2680/3310 596/2702/4775
f 554/2742/731 578/2776/4427 588/2800/1398 590/2760/731
f 580/2802/729 581/2808/4426 585/2838/5120 584/2826/3667
f 573/2646/1395 571/2682/18 595/2688/2842 591/2662/5121
f 577/2824/4777 553/2782/2518 589/2770/2518 587/2814/4051
f 563/3247/3662 564/3241/3662 598/3233/3662 597/3235/3662
f 582/2893/4773 579/2856/5476 583/2844/5475 586/2869/4774
f 564/2734/1785 572/2710/2516 596/2702/4775 598/2726/1785
f 611/3225/3696 605/3217/1097 603/3203/4897 370/3191/1861 604/3209/5553
f 606/3175/2625 609/3181/3339 607/3199/2158 608/3149/3369 372/3141/4851
f 610/3251/3837 613/3249/800 611/3225/3696 612/3257/2225 502/3271/5244
f 607/3199/2158 617/3221/1498 614/3227/4597 615/3229/5239 616/3215/2956
f 635/2597/3443 619/2571/4212 620/2590/4931 636/2624/4213
f 636/2624/2068 620/2590/1328 618/2656/2821 634/2676/5794
f 644/2832/4228 607/2780/1213 609/2796/1213 645/2840/2669
f 645/2840/661 609/2796/4359 606/2798/3639 643/2842/5792
f 637/2911/172 621/2966/3812 625/2899/2995 651/2859/2255
f 651/2859/2393 625/2899/4713 624/2823/5455 650/2806/346
f 628/2672/185 611/2692/1573 613/2690/1573 657/2658/183
f 657/2658/987 613/2690/4712 610/2696/4752 656/2664/342
f 611/2692/2665 628/2672/1209 630/2686/1208 605/2708/2665
f 605/2708/663 630/2686/2069 629/2720/1366 603/2724/2101
f 628/2672/1209 631/2628/4935 633/2666/2657 630/2686/1208
f 630/2686/2069 633/2666/2065 632/2694/5796 629/2720/1366
f 631/2628/4935 635/2597/3443 636/2624/4213 633/2666/2657
f 633/2666/2065 636/2624/2068 634/2676/5794 632/2694/5796
f 621/2966/2679 637/2911/1222 639/2943/5652 623/2979/1227
f 623/2979/2072 639/2943/1330 638/2947/4405 622/2980/3647
f 637/2911/1222 640/2861/530 642/2877/5646 639/2943/5652
f 639/2943/1330 642/2877/5056 641/2881/3644 638/2947/4405
f 640/2861/530 644/2832/4228 645/2840/2669 642/2877/5646
f 642/2877/5056 645/2840/661 643/2842/5792 641/2881/3644
f 607/2780/1566 644/2832/176 647/2810/2259 617/2766/1566
f 617/2766/5403 647/2810/2395 646/2768/2435 614/2754/4750
f 644/2832/176 640/2861/175 649/2834/2998 647/2810/2259
f 647/2810/2395 649/2834/1711 648/2794/2436 646/2768/2435
f 640/2861/175 637/2911/172 651/2859/2255 649/2834/2998
f 649/2834/1711 651/2859/2393 650/2816/346 648/2794/2436
f 619/2571/884 635/2597/4596 653/2581/4594 627/2562/885
f 627/2562/5407 653/2581/308 652/2579/5450 626/2553/1753
f 635/2597/4596 631/2628/877 655/2614/3023 653/2581/4594
f 653/2581/308 655/2614/2391 654/2616/341 652/2579/5450
f 631/2628/877 628/2672/185 657/2658/183 655/2614/3023
f 655/2614/2391 657/2658/987 656/2664/342 654/2616/341
f 366/3211/1857 604/3209/5553 370/3191/1861 368/3193/3442
f 669/2632/2922 672/2933/3759 671/2895/4548 667/2668/158
f 694/4502/1371 697/4513/4409 675/4663/676 684/4629/705 706/4549/5799 705/4527/5106
f 672/2933/3759 488/3033/2266 487/3031/2927 673/2960/105
f 658/2620/2840 661/2622/3374 659/2638/3420 352/2609/4140 660/2595/1135
f 662/2867/1916 666/2887/3371 663/2913/1400 664/2927/1873 665/2885/3391
f 667/2668/158 670/2642/1474 658/2620/2840 668/2611/2195 669/2632/2922
f 663/2913/1400 674/2915/4484 671/2895/4548 672/2933/3759 673/2960/105
f 658/4711/3450 676/4695/3450 677/4685/3450 661/4701/3450
f 661/4701/1332 677/4685/5044 675/4663/676 659/4675/2096
f 678/4387/1177 663/4341/1177 666/4281/1177 679/4323/1177
f 662/4425/5085 659/4675/2096 675/4663/676 697/4513/4409 696/4423/5779
f 667/4715/1042 671/4693/1036 702/4649/1762 701/4683/1769 680/4703/1767
f 699/4466/5307 674/4521/5307 663/4341/5307 678/4387/5307
f 667/4715/955 680/4703/238 681/4705/1625 670/4717/955
f 670/4717/2952 681/4705/2952 676/4695/2952 658/4711/2952
f 348/2511/3390 660/2595/1135 352/2609/4140 350/2509/2659
f 686/4597/2506 709/4607/4461 693/4504/2875 692/4495/4768
f 694/4502/1371 705/4527/5106 718/4460/689 713/4453/2102
f 681/4705/1625 680/4703/238 687/4689/3878 688/4691/3767
f 686/4597/2506 685/4589/2156 704/4587/2559 706/4549/3664 684/4629/3664 683/4655/4810 682/4679/5484 688/4691/3767 687/4689/3664 710/4647/3664 709/4607/4461
f 675/4663/676 677/4685/5044 683/4655/1294 684/4629/1294
f 699/4466/5426 702/4649/1762 671/4693/1036 674/4521/326
f 704/4587/2559 685/4589/2156 691/4481/3706 719/4479/4812
f 676/4695/2526 681/4705/1625 688/4691/3767 682/4679/5484
f 677/4685/1140 676/4695/2526 682/4679/5484 683/4655/4810
f 679/4323/2775 666/4281/2775 662/4425/5085 696/4423/5779 695/4295/2050
f 699/4466/5136 678/4387/727 690/4480/12 716/4488/3681
f 678/4387/727 679/4323/4102 689/4463/410 690/4480/12
f 685/4589/2156 686/4597/2506 692/4495/4768 691/4481/3706
f 694/4502/1371 698/4379/3631 695/4295/2050 696/4423/5779 697/4513/4409
f 699/4466/5426 703/4585/4747 700/4677/358 701/4683/1769 702/4649/1762
f 704/4587/625 707/4555/647 706/4549/5799
f 707/4555/647 705/4527/5106 706/4549/5799
f 708/4673/1761 711/4633/976 710/4647/4013
f 711/4633/976 709/4607/2362 710/4647/4013
f 715/4511/4010 700/4677/358 703/4585/4747 717/4505/317
f 717/4505/919 703/4585/1634 699/4466/1634 716/4488/1633
f 718/4460/689 705/4527/5106 707/4555/647 720/4476/5049
f 720/4476/3409 707/4555/1160 704/4587/2559 719/4479/4812
f 693/4504/2875 709/4607/4461 711/4633/2202 722/4506/1495
f 722/4506/3132 711/4633/976 708/4673/1761 721/4512/5451
f 694/4502/1371 713/4453/2102 714/4445/1340 698/4379/3631
f 698/4379/1977 714/4445/2704 712/4452/1180 695/4295/1964
f 679/4323/4102 695/4295/1964 712/4452/1180 689/4463/410
f 724/569/2 726/265/2 731/333/2 729/551/2
f 723/359/6 727/237/6 726/265/6 724/569/6
f 318/721/4388 315/445/3619 723/359/3619 724/569/2081
f 455/685/1384 321/759/1384 725/737/2116 728/665/4422
f 315/445/2508 449/113/2508 727/237/2508 723/359/2508
f 321/759/2810 318/721/4388 724/569/2081 725/737/1336
f 1100/679/3744 1096/683/1099 1114/649/4118 1119/645/768
f 726/265/1006 728/641/2411 732/639/995 731/333/995
f 725/737/1336 724/569/2081 729/551/4335 730/725/4335
f 728/665/4422 725/737/2116 730/725/722 732/647/722
f 733/195/1092 742/185/5172 758/235/4466 749/245/408
f 734/223/38 737/213/4449 911/197/1820 909/203/396
f 1106/455/2869 1122/491/2885 1111/499/1855
f 730/725/3576 729/551/3576 1092/549/3576 1091/585/3576 1095/677/3576 1097/723/3576
f 753/259/4269 750/273/5676 766/315/1228 769/309/541
f 741/135/2353 746/33/3934 762/65/2345 757/189/949
f 746/33/2350 741/135/4673 917/107/977 913/35/3130
f 1105/415/5388 1101/599/975 1118/603/3128 1123/463/2376
f 761/181/69 754/209/5524 770/251/400 777/215/4463
f 737/213/5686 734/223/3512 750/273/5676 753/259/4269
f 745/149/2901 738/165/2541 754/209/5524 761/181/69
f 738/165/3804 745/149/1580 914/131/2261
f 773/241/1643 778/103/3072 794/153/228 789/291/3879
f 749/245/408 758/235/4466 774/281/5162 765/305/1827
f 757/189/949 762/65/2345 778/103/3072 773/241/1643
f 769/309/541 766/315/1228 782/377/1922 785/361/3429
f 793/253/1447 786/299/5505 802/343/3324 809/287/4450
f 785/361/3429 782/377/1922 798/419/2595 801/407/2596
f 777/215/4463 770/251/400 786/299/5505 793/253/1447
f 765/305/1827 774/281/5162 790/337/2873 781/363/1085
f 809/287/4450 802/343/3324 818/391/5483 825/327/5140
f 781/363/1085 790/337/2873 806/389/39 797/413/2531
f 789/291/3879 794/153/228 810/199/5296 805/349/4599
f 801/407/2596 798/419/2595 814/481/1826 817/469/3340
f 821/401/1534 826/243/844 842/303/2925 837/461/2920
f 797/413/2531 806/389/39 822/449/5139 813/475/5482
f 805/349/4599 810/199/5296 826/243/844 821/401/1534
f 817/469/3340 814/481/1826 830/535/2152 833/525/34
f 841/375/3677 834/439/4423 850/495/2130 857/425/2120
f 833/525/34 830/535/2152 846/587/1492 849/575/101
f 825/327/5140 818/391/5483 834/439/4423 841/375/3677
f 813/475/5482 822/449/5139 838/507/1408 829/527/1386
f 845/573/3676 854/555/4425 870/597/2522 861/605/738
f 829/527/1386 838/507/1408 854/555/4425 845/573/3676
f 837/461/2920 842/303/2925 858/367/751 853/523/748
f 849/575/101 846/587/1492 862/629/3714 865/621/61
f 869/589/5498 874/447/4068 890/705/1805 885/711/1807
f 853/523/748 858/367/751 874/447/4068 869/589/5498
f 865/621/61 862/629/3714 878/671/4784 881/655/1072
f 857/425/2120 850/495/2130 866/539/5127 873/515/4780
f 877/697/4767 886/703/2519 906/3675/2177 893/3679/2898
f 881/655/1072 878/671/4784 894/3681/1406 897/3685/5471
f 873/515/4780 866/539/5127 882/681/3307 889/667/4052
f 861/605/738 870/597/2522 886/703/2519 877/697/4767
f 905/3697/2131 902/3701/1783 928/3759/4053 931/3721/3691
f 885/711/1807 890/705/1805 902/3701/1783 905/3697/2131
f 897/3685/5471 894/3681/1406 920/3707/35 923/3729/4786
f 889/667/4052 882/681/3307 898/3691/1814 901/3687/1084
f 731/333/4538 732/639/4538 1102/637/54 1101/599/1511 1105/415/2945 1107/339/3702
f 923/3729/4786 920/3707/35 936/3743/2164 939/3763/384
f 1084/121/2148 914/131/2148 1086/75/2148
f 1088/71/2364 1085/13/3944 913/35/2365 917/107/280
f 1114/2921/4160 1116/2917/4160 1117/2902/4160 1115/2889/4160 1110/2790/4160 1112/2772/4160 1113/2756/4160 1111/2746/4160 1122/2750/4160 1124/2758/4160 1125/2774/4160 1123/2792/4160 1118/2891/4160 1120/2904/4160 1121/2919/4160 1119/2923/4160
f 1095/677/5721 1091/585/2755 1110/561/2756 1115/635/2035
f 732/647/4843 730/725/4843 1097/723/5561 1096/683/5551 1100/679/420 1102/643/54
f 931/3721/3691 928/3759/4053 944/3787/2524 947/3749/3708
f 1082/163/2013 1079/167/4290 909/203/3532 911/197/2731
f 901/3687/1084 898/3691/1814 924/3731/2584 927/3739/1864
f 893/3679/2898 906/3675/2177 932/3723/5250 919/3715/162
f 943/3789/456 940/3769/5592 956/3803/4195 959/3827/1179
f 939/3763/384 936/3743/2164 952/3771/765 955/3793/4801
f 927/3739/1864 924/3731/2584 940/3769/5592 943/3789/456
f 919/3715/162 932/3723/5250 948/3757/211 935/3755/4614
f 963/3773/1466 960/3805/2527 976/3853/382 979/3809/3741
f 935/3755/4614 948/3757/211 964/3781/1640 951/3785/4637
f 947/3749/3708 944/3787/2524 960/3805/2527 963/3773/1466
f 955/3793/4801 952/3771/765 968/3811/2896 971/3833/393
f 987/3897/5508 984/3875/4479 1000/3935/1475 1003/3953/4091
f 971/3833/393 968/3811/2896 984/3875/4479 987/3897/5508
f 959/3827/1179 956/3803/4195 972/3855/3458 975/3863/532
f 951/3785/4637 964/3781/1640 980/3821/268 967/3823/3103
f 991/3921/1976 988/3911/1246 1004/3961/5684 1007/3969/4994
f 975/3863/532 972/3855/3458 988/3911/1246 991/3921/1976
f 967/3823/3103 980/3821/268 996/3885/4687 983/3889/282
f 979/3809/3741 976/3853/382 992/3899/1798 995/3873/5188
f 1007/3969/4994 1004/3961/5684 1020/4039/590 1023/4047/1276
f 983/3889/282 996/3885/4687 1012/3945/4698 999/3949/5390
f 995/3873/5188 992/3899/1798 1008/3941/3332 1011/3933/3747
f 1003/3953/4091 1000/3935/1475 1016/4009/779 1019/4029/3356
f 1023/4047/1276 1020/4039/590 1036/4127/4329 1039/4149/628
f 999/3949/5390 1012/3945/4698 1028/4015/3140 1015/4021/2399
f 1011/3933/3747 1008/3941/3332 1024/4003/5512 1027/3999/783
f 1019/4029/3356 1016/4009/779 1032/4081/3710 1035/4117/5563
f 1039/4149/628 1036/4127/4329 1052/4221/5786 1055/4231/1362
f 1015/4021/2399 1028/4015/3140 1044/4067/283 1031/4075/3118
f 1027/3999/783 1024/4003/5512 1040/4099/1120 1043/4073/3730
f 1035/4117/5563 1032/4081/3710 1048/4151/4795 1051/4211/5606
f 1047/4143/2294 1060/4137/2295 1075/4185/2967 1064/4189/4540
f 1031/4075/3118 1044/4067/283 1060/4137/2295 1047/4143/2294
f 1043/4073/3730 1040/4099/1120 1056/4173/3401 1059/4139/371
f 1051/4211/5606 1048/4151/4795 1063/4197/4850 1068/4245/1168
f 1059/4139/371 1056/4173/3401 1071/4209/1150 1076/4177/411
f 1063/2718/1248 1065/2732/1248 1066/2738/1248 1064/2744/1248 1075/2740/1248 1077/2736/1248 1078/2730/1248 1076/2712/1248 1071/2567/1248 1073/2563/1248 1074/2558/1248 1072/2554/1248 1067/2556/1248 1069/2560/1248 1070/2565/1248 1068/2569/1248
f 1055/4231/1362 1052/4221/5786 1067/4261/1376 1072/4267/711
f 1090/95/746 916/159/746 1080/127/746
f 544/3317/47 565/3329/47 12/3331/1432 46/3319/1433
f 46/3319/1433 12/3331/1432 132/3341/44 28/3323/5151
f 28/3323/5151 132/3341/44 129/3349/37 45/3343/36
f 45/3343/36 129/3349/37 126/3361/1416 27/3353/31
f 27/3353/31 126/3361/1416 11/3369/5135 44/3367/1411
f 44/3367/1411 11/3369/5135 4/3399/1402 232/3393/1401
f 232/3393/1401 4/3399/1402 119/3489/2844 43/3479/4429
f 43/3479/4429 119/3489/2844 116/3601/2841 26/3599/3663
f 26/3599/3663 116/3601/2841 113/3727/5467 225/3725/4045
f 225/3725/4045 113/3727/5467 110/3989/5472 222/3995/4048
f 222/3995/4048 110/3989/5472 107/4219/4782 42/4227/1791
f 42/4227/1791 107/4219/4782 104/4363/4789 25/4373/1074
f 25/4373/1074 104/4363/4789 10/4472/388 215/4489/2529
f 215/4489/2529 10/4472/388 99/4545/1808 24/4575/1082
f 24/4575/1082 99/4545/1808 9/4611/4074 210/4631/1816
f 210/4631/1816 9/4611/4074 94/4687/5511 207/4697/4075
f 207/4697/4075 94/4687/5511 8/4709/4080 41/4719/4079
f 41/4719/4079 8/4709/4080 3/4725/4820 202/4735/4084
f 202/4735/4084 3/4725/4820 87/4729/4088 40/4741/3348
f 40/4741/3348 87/4729/4088 2/4737/4089 23/4745/4823
f 23/4745/4823 2/4737/4089 82/4733/4087 39/4743/3346
f 39/4743/3346 82/4733/4087 79/4727/5517 22/4739/4086
f 22/4739/4086 79/4727/5517 76/4723/4819 191/4731/3342
f 191/4731/3342 76/4723/4819 56/4713/2544 21/4721/2543
f 21/4721/2543 56/4713/2544 53/4699/3338 35/4707/3337
f 35/4707/3337 53/4699/3338 1/4657/4811 18/4681/5507
f 18/4681/5507 1/4657/4811 62/4595/5502 36/4609/1811
f 36/4609/1811 62/4595/5502 58/4537/4800 179/4547/1081
f 179/4547/1081 58/4537/4800 73/4468/1075 38/4486/383
f 38/4486/383 73/4468/1075 70/4385/1067 20/4391/1792
f 20/4391/1792 70/4385/1067 7/4301/4047 37/4309/1061
f 37/4309/1061 7/4301/4047 64/4115/1389 19/4113/728
f 19/4113/728 64/4115/1389 16/3991/5126 277/3983/2126
f 277/3983/2126 16/3991/5126 168/3829/735 34/3807/1403
f 34/3807/1403 168/3829/735 15/3699/4438 48/3669/739
f 48/3669/739 15/3699/4438 6/3651/3683 33/3637/3684
f 33/3637/3684 6/3651/3683 161/3549/2855 267/3531/2854
f 267/3531/2854 161/3549/2855 158/3499/1415 264/3477/1414
f 264/3477/1414 158/3499/1415 14/3429/5143 47/3409/5143
f 47/3409/5143 14/3429/5143 153/3391/4446 32/3383/3690
f 32/3383/3690 153/3391/4446 13/3371/5148 257/3365/5149
f 257/3365/5149 13/3371/5148 5/3363/1424 31/3355/2155
f 31/3355/2155 5/3363/1424 146/3351/1427 252/3347/1428
f 252/3347/1428 146/3351/1427 143/3345/2867 30/3335/2866
f 30/3335/2866 143/3345/2867 140/3337/1436 247/3321/1435
f 247/3321/1435 140/3337/1436 137/3325/3697 29/3313/50
f 29/3313/50 137/3325/3697 566/3327/2870 543/3315/2870
f 734/223/38 909/203/396 910/191/1482 736/221/2204
f 736/221/2204 910/191/1482 916/159/3014 735/211/830
f 735/211/830 916/159/3014 733/195/166
f 742/185/1579 916/159/3014 744/171/3039
f 744/171/3039 916/159/3014 918/123/1642 743/157/3060
f 743/157/3060 918/123/1642 917/107/977 741/135/4673
f 911/197/1820 737/213/4449 739/205/798 912/179/91
f 912/179/91 739/205/798 740/187/146 914/131/2261
f 914/131/2261 740/187/146 738/165/3804
f 746/33/2350 913/35/3130 915/23/2314 748/21/231
f 748/99/231 915/87/2314 914/131/2261 747/125/217
f 747/125/217 914/131/2261 745/149/1580
f 745/149/2901 761/181/69 763/161/860 747/125/3829
f 747/125/3829 763/161/860 764/133/925 748/99/929
f 748/21/929 764/53/925 762/65/2345 746/33/3934
f 758/235/4466 742/185/5172 744/171/2263 760/219/173
f 760/219/173 744/171/2263 743/157/5339 759/207/924
f 759/207/924 743/157/5339 741/135/2353 757/189/949
f 750/273/5676 734/223/3512 736/221/3486 752/271/4245
f 752/271/4245 736/221/3486 735/211/2624 751/267/4900
f 751/267/4900 735/211/2624 733/195/1092 749/245/408
f 754/209/5524 738/165/2541 740/187/470 756/233/4169
f 756/233/4169 740/187/470 739/205/4256 755/247/3475
f 755/247/3475 739/205/4256 737/213/5686 753/259/4269
f 757/189/949 773/241/1643 775/255/223 759/207/924
f 759/207/924 775/255/223 776/269/4550 760/219/173
f 760/219/173 776/269/4550 774/281/5162 758/235/4466
f 766/315/1228 750/273/5676 752/271/4245 768/317/5636
f 768/317/5636 752/271/4245 751/267/4900 767/313/1888
f 767/313/1888 751/267/4900 749/245/408 765/305/1827
f 770/251/400 754/209/5524 756/233/4169 772/279/4149
f 772/279/4149 756/233/4169 755/247/3475 771/295/2662
f 771/295/2662 755/247/3475 753/259/4269 769/309/541
f 778/103/3072 762/65/2345 764/53/925 780/89/3058
f 780/169/3058 764/133/925 763/161/860 779/193/2243
f 779/193/2243 763/161/860 761/181/69 777/215/4463
f 769/309/541 785/361/3429 787/345/2630 771/295/2662
f 771/295/2662 787/345/2630 788/321/4869 772/279/4149
f 772/279/4149 788/321/4869 786/299/5505 770/251/400
f 794/153/228 778/103/3072 780/89/3058 796/129/5309
f 796/201/5309 780/169/3058 779/193/2243 795/229/1521
f 795/229/1521 779/193/2243 777/215/4463 793/253/1447
f 790/337/2873 774/281/5162 776/269/4550 792/319/820
f 792/319/820 776/269/4550 775/255/223 791/307/1600
f 791/307/1600 775/255/223 773/241/1643 789/291/3879
f 782/377/1922 766/315/1228 768/317/5636 784/381/5603
f 784/381/5603 768/317/5636 767/313/1888 783/371/4867
f 783/371/4867 767/313/1888 765/305/1827 781/363/1085
f 789/291/3879 805/349/4599 807/365/2256 791/307/1600
f 791/307/1600 807/365/2256 808/383/113 792/319/820
f 792/319/820 808/383/113 806/389/39 790/337/2873
f 798/419/2595 782/377/1922 784/381/5603 800/429/4866
f 800/429/4866 784/381/5603 783/371/4867 799/423/2564
f 799/423/2564 783/371/4867 781/363/1085 797/413/2531
f 802/343/3324 786/299/5505 788/321/4869 804/379/3370
f 804/379/3370 788/321/4869 787/345/2630 803/397/4870
f 803/397/4870 787/345/2630 785/361/3429 801/407/2596
f 810/199/5296 794/153/228 796/129/5309 812/173/4579
f 812/231/4579 796/201/5309 795/229/1521 811/257/2932
f 811/257/2932 795/229/1521 793/253/1447 809/287/4450
f 805/349/4599 821/401/1534 823/417/5226 807/365/2256
f 807/365/2256 823/417/5226 824/431/1480 808/383/113
f 808/383/113 824/431/1480 822/449/5139 806/389/39
f 814/481/1826 798/419/2595 800/429/4866 816/487/4813
f 816/487/4813 800/429/4866 799/423/2564 815/485/394
f 815/485/394 799/423/2564 797/413/2531 813/475/5482
f 818/391/5483 802/343/3324 804/379/3370 820/421/1083
f 820/421/1083 804/379/3370 803/397/4870 819/451/4817
f 819/451/4817 803/397/4870 801/407/2596 817/469/3340
f 826/243/844 810/199/5296 812/173/4579 828/225/2221
f 828/263/2221 812/231/4579 811/257/2932 827/293/2911
f 827/293/2911 811/257/2932 809/287/4450 825/327/5140
f 817/469/3340 833/525/34 835/509/5138 819/451/4817
f 819/451/4817 835/509/5138 836/477/2129 820/421/1083
f 820/421/1083 836/477/2129 834/439/4423 818/391/5483
f 842/303/2925 826/243/844 828/225/2221 844/277/96
f 844/301/96 828/263/2221 827/293/2911 843/331/62
f 843/331/62 827/293/2911 825/327/5140 841/375/3677
f 838/507/1408 822/449/5139 824/431/1480 840/497/59
f 840/497/59 824/431/1480 823/417/5226 839/479/5186
f 839/479/5186 823/417/5226 821/401/1534 837/461/2920
f 830/535/2152 814/481/1826 816/487/4813 832/531/2858
f 832/531/2858 816/487/4813 815/485/394 831/533/736
f 831/533/736 815/485/394 813/475/5482 829/527/1386
f 837/461/2920 853/523/748 855/537/3685 839/479/5186
f 839/479/5186 855/537/3685 856/547/5129 840/497/59
f 840/497/59 856/547/5129 854/555/4425 838/507/1408
f 846/587/1492 830/535/2152 832/531/2858 848/565/2915
f 848/565/2915 832/531/2858 831/533/736 847/571/4465
f 847/571/4465 831/533/736 829/527/1386 845/573/3676
f 850/495/2130 834/439/4423 836/477/2129 852/521/2877
f 852/521/2877 836/477/2129 835/509/5138 851/559/2190
f 851/559/2190 835/509/5138 833/525/34 849/575/101
f 858/367/751 842/303/2925 844/277/96 860/341/3687
f 860/353/3687 844/301/96 843/331/62 859/387/5131
f 859/387/5131 843/331/62 841/375/3677 857/425/2120
f 845/573/3676 861/605/738 863/601/51 847/571/4465
f 847/571/4465 863/601/51 864/593/5163 848/565/2915
f 848/565/2915 864/593/5163 862/629/3714 846/587/1492
f 866/539/5127 850/495/2130 852/521/2877 868/567/2860
f 868/567/2860 852/521/2877 851/559/2190 867/609/3704
f 867/609/3704 851/559/2190 849/575/101 865/621/61
f 874/447/4068 858/367/751 860/341/3687 876/483/1801
f 876/427/1801 860/353/3687 859/387/5131 875/473/4793
f 875/473/4793 859/387/5131 857/425/2120 873/515/4780
f 870/597/2522 854/555/4425 856/547/5129 872/595/1799
f 872/595/1799 856/547/5129 855/537/3685 871/583/4069
f 871/583/4069 855/537/3685 853/523/748 869/589/5498
f 865/621/61 881/655/1072 883/699/5485 867/609/3704
f 867/609/3704 883/699/5485 884/693/3317 868/567/2860
f 868/567/2860 884/693/3317 882/681/3307 866/539/5127
f 890/705/1805 874/447/4068 876/483/1801 892/701/1080
f 892/631/1080 876/427/1801 875/473/4793 891/659/4060
f 891/659/4060 875/473/4793 873/515/4780 889/667/4052
f 886/703/2519 870/597/2522 872/595/1799 888/715/4063
f 888/715/4063 872/595/1799 871/583/4069 887/717/4802
f 887/717/4802 871/583/4069 869/589/5498 885/711/1807
f 878/671/4784 862/629/3714 864/593/5163 880/687/4779
f 880/687/4779 864/593/5163 863/601/51 879/709/2511
f 879/709/2511 863/601/51 861/605/738 877/697/4767
f 877/697/4767 893/3679/2898 895/3677/4468 879/709/2511
f 879/709/2511 895/3677/4468 896/3673/1429 880/687/4779
f 880/687/4779 896/3673/1429 894/3681/1406 878/671/4784
f 898/3691/1814 882/681/3307 884/693/3317 900/3689/5496
f 900/3689/5496 884/693/3317 883/699/5485 899/3683/4062
f 899/3683/4062 883/699/5485 881/655/1072 897/3685/5471
f 902/3701/1783 890/705/1805 892/701/1080 904/3705/4061
f 904/3667/4061 892/631/1080 891/659/4060 903/3671/2534
f 903/3671/2534 891/659/4060 889/667/4052 901/3687/1084
f 906/3675/2177 886/703/2519 888/715/4063 908/3693/5164
f 908/3693/5164 888/715/4063 887/717/4802 907/3695/2157
f 907/3695/2157 887/717/4802 885/711/1807 905/3697/2131
f 897/3685/5471 923/3729/4786 925/3733/3350 899/3683/4062
f 899/3683/4062 925/3733/3350 926/3735/1122 900/3689/5496
f 900/3689/5496 926/3735/1122 924/3731/2584 898/3691/1814
f 928/3759/4053 902/3701/1783 904/3705/4061 930/3761/1095
f 930/3737/1095 904/3667/4061 903/3671/2534 929/3741/3380
f 929/3741/3380 903/3671/2534 901/3687/1084 927/3739/1864
f 932/3723/5250 906/3675/2177 908/3693/5164 934/3709/5238
f 934/3709/5238 908/3693/5164 907/3695/2157 933/3713/3752
f 933/3713/3752 907/3695/2157 905/3697/2131 931/3721/3691
f 920/3707/35 894/3681/1406 896/3673/1429 922/3711/3751
f 922/3711/3751 896/3673/1429 895/3677/4468 921/3719/3785
f 921/3719/3785 895/3677/4468 893/3679/2898 919/3715/162
f 923/3729/4786 939/3763/384 941/3765/1844 925/3733/3350
f 925/3733/3350 941/3765/1844 942/3767/5576 926/3735/1122
f 926/3735/1122 942/3767/5576 940/3769/5592 924/3731/2584
f 944/3787/2524 928/3759/4053 930/3761/1095 946/3791/4104
f 946/3801/4104 930/3737/1095 929/3741/3380 945/3795/4143
f 945/3795/4143 929/3741/3380 927/3739/1864 943/3789/456
f 948/3757/211 932/3723/5250 934/3709/5238 950/3751/190
f 950/3751/190 934/3709/5238 933/3713/3752 949/3745/1512
f 949/3745/1512 933/3713/3752 931/3721/3691 947/3749/3708
f 936/3743/2164 920/3707/35 922/3711/3751 938/3747/1507
f 938/3747/1507 922/3711/3751 921/3719/3785 937/3753/878
f 937/3753/878 921/3719/3785 919/3715/162 935/3755/4614
f 947/3749/3708 963/3773/1466 965/3775/2983 949/3745/1512
f 949/3745/1512 965/3775/2983 966/3779/912 950/3751/190
f 950/3751/190 966/3779/912 964/3781/1640 948/3757/211
f 952/3771/765 936/3743/2164 938/3747/1507 954/3777/2978
f 954/3777/2978 938/3747/1507 937/3753/878 953/3783/913
f 953/3783/913 937/3753/878 935/3755/4614 951/3785/4637
f 956/3803/4195 940/3769/5592 942/3767/5576 958/3799/1162
f 958/3799/1162 942/3767/5576 941/3765/1844 957/3797/2585
f 957/3797/2585 941/3765/1844 939/3763/384 955/3793/4801
f 960/3805/2527 944/3787/2524 946/3791/4104 962/3813/4860
f 962/3851/4860 946/3801/4104 945/3795/4143 961/3831/4894
f 961/3831/4894 945/3795/4143 943/3789/456 959/3827/1179
f 955/3793/4801 971/3833/393 973/3847/1880 957/3797/2585
f 957/3797/2585 973/3847/1880 974/3849/1931 958/3799/1162
f 958/3799/1162 974/3849/1931 972/3855/3458 956/3803/4195
f 976/3853/382 960/3805/2527 962/3813/4860 978/3857/4871
f 978/3893/4871 962/3851/4860 961/3831/4894 977/3877/4200
f 977/3877/4200 961/3831/4894 959/3827/1179 975/3863/532
f 980/3821/268 964/3781/1640 966/3779/912 982/3819/2311
f 982/3819/2311 966/3779/912 965/3775/2983 981/3815/3828
f 981/3815/3828 965/3775/2983 963/3773/1466 979/3809/3741
f 968/3811/2896 952/3771/765 954/3777/2978 970/3817/3824
f 970/3817/3824 954/3777/2978 953/3783/913 969/3825/4639
f 969/3825/4639 953/3783/913 951/3785/4637 967/3823/3103
f 975/3863/532 991/3921/1976 993/3923/3456 977/3877/4200
f 977/3877/4200 993/3923/3456 994/3925/1885 978/3893/4871
f 978/3857/4871 994/3903/1885 992/3899/1798 976/3853/382
f 996/3885/4687 980/3821/268 982/3819/2311 998/3887/1670
f 998/3887/1670 982/3819/2311 981/3815/3828 997/3881/1585
f 997/3881/1585 981/3815/3828 979/3809/3741 995/3873/5188
f 984/3875/4479 968/3811/2896 970/3817/3824 986/3883/880
f 986/3883/880 970/3817/3824 969/3825/4639 985/3891/265
f 985/3891/265 969/3825/4639 967/3823/3103 983/3889/282
f 988/3911/1246 972/3855/3458 974/3849/1931 990/3907/533
f 990/3907/533 974/3849/1931 973/3847/1880 989/3901/5587
f 989/3901/5587 973/3847/1880 971/3833/393 987/3897/5508
f 995/3873/5188 1011/3933/3747 1013/3937/893 997/3881/1585
f 997/3881/1585 1013/3937/893 1014/3947/5370 998/3887/1670
f 998/3887/1670 1014/3947/5370 1012/3945/4698 996/3885/4687
f 1000/3935/1475 984/3875/4479 986/3883/880 1002/3939/1593
f 1002/3939/1593 986/3883/880 985/3891/265 1001/3951/1677
f 1001/3951/1677 985/3891/265 983/3889/282 999/3949/5390
f 1004/3961/5684 988/3911/1246 990/3907/533 1006/3957/3483
f 1006/3957/3483 990/3907/533 989/3901/5587 1005/3955/4904
f 1005/3955/4904 989/3901/5587 987/3897/5508 1003/3953/4091
f 1008/3941/3332 992/3899/1798 994/3903/1885 1010/3943/464
f 1010/3977/464 994/3925/1885 993/3923/3456 1009/3971/563
f 1009/3971/563 993/3923/3456 991/3921/1976 1007/3969/4994
f 1011/3933/3747 1027/3999/783 1029/4007/2290 1013/3937/893
f 1013/3937/893 1029/4007/2290 1030/4017/3115 1014/3947/5370
f 1014/3947/5370 1030/4017/3115 1028/4015/3140 1012/3945/4698
f 1016/4009/779 1000/3935/1475 1002/3939/1593 1018/4019/4610
f 1018/4019/4610 1002/3939/1593 1001/3951/1677 1017/4023/5372
f 1017/4023/5372 1001/3951/1677 999/3949/5390 1015/4021/2399
f 1020/4039/590 1004/3961/5684 1006/3957/3483 1022/4035/2713
f 1022/4035/2713 1006/3957/3483 1005/3955/4904 1021/4033/3432
f 1021/4033/3432 1005/3955/4904 1003/3953/4091 1019/4029/3356
f 1024/4003/5512 1008/3941/3332 1010/3943/464 1026/4001/4179
f 1026/4053/4179 1010/3977/464 1009/3971/563 1025/4049/5678
f 1025/4049/5678 1009/3971/563 1007/3969/4994 1023/4047/1276
f 1027/3999/783 1043/4073/3730 1045/4071/1583 1029/4007/2290
f 1029/4007/2290 1045/4071/1583 1046/4069/2337 1030/4017/3115
f 1030/4017/3115 1046/4069/2337 1044/4067/283 1028/4015/3140
f 1032/4081/3710 1016/4009/779 1018/4019/4610 1034/4079/874
f 1034/4079/874 1018/4019/4610 1017/4023/5372 1033/4077/3080
f 1033/4077/3080 1017/4023/5372 1015/4021/2399 1031/4075/3118
f 1036/4127/4329 1020/4039/590 1022/4035/2713 1038/4125/2745
f 1038/4125/2745 1022/4035/2713 1021/4033/3432 1037/4123/2678
f 1037/4123/2678 1021/4033/3432 1019/4029/3356 1035/4117/5563
f 1040/4099/1120 1024/4003/5512 1026/4001/4179 1042/4095/1216
f 1042/4157/1216 1026/4053/4179 1025/4049/5678 1041/4153/594
f 1041/4153/594 1025/4049/5678 1023/4047/1276 1039/4149/628
f 1043/4073/3730 1059/4139/371 1061/4135/2200 1045/4071/1583
f 1045/4071/1583 1061/4135/2200 1062/4133/1571 1046/4069/2337
f 1046/4069/2337 1062/4133/1571 1060/4137/2295 1044/4067/283
f 1048/4151/4795 1032/4081/3710 1034/4079/874 1050/4145/3749
f 1050/4145/3749 1034/4079/874 1033/4077/3080 1049/4141/3015
f 1049/4141/3015 1033/4077/3080 1031/4075/3118 1047/4143/2294
f 1052/4221/5786 1036/4127/4329 1038/4125/2745 1054/4217/3581
f 1054/4217/3581 1038/4125/2745 1037/4123/2678 1053/4215/577
f 1053/4215/577 1037/4123/2678 1035/4117/5563 1051/4211/5606
f 1056/4173/3401 1040/4099/1120 1042/4095/1216 1058/4175/1255
f 1058/4257/1255 1042/4157/1216 1041/4153/594 1057/4247/636
f 1057/4247/636 1041/4153/594 1039/4149/628 1055/4231/1362
f 1047/4143/2294 1064/4189/4540 1066/4191/2919 1049/4141/3015
f 1049/4141/3015 1066/4191/2919 1065/4193/734 1050/4145/3749
f 1050/4145/3749 1065/4193/734 1063/4197/4850 1048/4151/4795
f 1067/4261/1376 1052/4221/5786 1054/4217/3581 1069/4259/3591
f 1069/4259/3591 1054/4217/3581 1053/4215/577 1070/4253/5687
f 1070/4253/5687 1053/4215/577 1051/4211/5606 1068/4245/1168
f 1071/4209/1150 1056/4173/3401 1058/4175/1255 1073/4213/5683
f 1073/4279/5683 1058/4257/1255 1057/4247/636 1074/4271/2057
f 1074/4271/2057 1057/4247/636 1055/4231/1362 1072/4267/711
f 1075/4185/2967 1060/4137/2295 1062/4133/1571 1077/4183/4500
f 1077/4183/4500 1062/4133/1571 1061/4135/2200 1078/4179/5137
f 1078/4179/5137 1061/4135/2200 1059/4139/371 1076/4177/411
f 914/131/2680 1084/121/2680 1083/145/2680 912/179/2680
f 912/179/588 1083/145/588 1082/163/2013 911/197/2731
f 1080/127/1231 916/159/1231 910/191/1231 1081/155/1231
f 1081/155/2729 910/191/2729 909/203/3532 1079/167/4290
f 1088/71/2364 917/107/280 918/123/3936 1089/79/3936
f 1089/79/3834 918/123/3834 916/159/3834 1090/95/3834
f 913/35/2365 1085/13/3944 1087/3/2359 915/23/2359
f 915/87/3835 1087/59/3835 1086/75/3835 914/131/3835
f 742/185/1579 733/195/166 916/159/3014
f 1106/455/4114 1093/513/1877 1092/549/4127
f 1093/513/1877 1094/553/477 1092/549/4127
f 1094/553/477 1091/585/4181 1092/549/4127
f 1095/677/5615 1098/689/478 1097/723/5561
f 1098/689/478 1099/691/443 1097/723/5561
f 1099/691/443 1096/683/5551 1097/723/5561
f 1100/679/420 1103/661/401 1102/643/54
f 1103/661/401 1104/633/5469 1102/643/54
f 1104/611/5469 1101/599/1511 1102/637/54
f 1105/415/2945 1108/403/1784 1107/339/3702
f 1108/403/1784 1109/411/1096 1107/339/3702
f 1109/411/1096 1106/455/4114 1107/339/3702
f 1114/649/4118 1096/683/1099 1099/691/3435 1116/663/3455
f 1116/663/3455 1099/691/3435 1098/689/2723 1117/657/1273
f 1117/657/1273 1098/689/2723 1095/677/5721 1115/635/2035
f 1106/455/2869 1111/499/1855 1113/517/528 1093/513/1185
f 1093/513/1185 1113/517/528 1112/545/2004 1094/553/5688
f 1094/553/5688 1112/545/2004 1110/561/2756 1091/585/2755
f 1105/415/5388 1123/463/2376 1125/457/1672 1108/403/272
f 1108/403/272 1125/457/1672 1124/467/187 1109/411/202
f 1109/411/202 1124/467/187 1122/491/2885 1106/455/2869
f 1118/603/3128 1101/599/975 1104/611/2351 1120/615/5364
f 1120/617/5364 1104/633/2351 1103/661/1605 1121/627/5289
f 1121/627/5289 1103/661/1605 1100/679/3744 1119/645/768
f 729/551/4842 731/333/4842 1107/339/3702 1106/455/4114 1092/549/4127
f 1090/2907/1513 1080/2909/1513 1081/2900/1513 1079/2883/1513 1082/2788/1513 1083/2764/1513 1084/2752/1513 1086/2748/1513 1087/2762/1513 1085/2786/1513 1088/2879/1513 1089/2897/1513
f 544/3317/49 543/3315/49 566/3327/49 565/3329/49
f 1286/1012/3223 1131/1250/3286 1142/1762/3224
f 1178/2779/3277 1181/2866/3187 1142/1762/3224
f 1251/436/3201 1254/218/2479 1142/1762/3224
f 1133/2849/2446 1219/2707/3238 1142/1762/3224
f 1131/1250/3286 1140/1396/2473 1142/1762/3224
f 1183/2538/4039 1187/2576/3262 1142/1762/3224
f 1254/218/2479 1257/74/2447 1142/1762/3224
f 1219/2707/3238 1134/2600/3225 1142/1762/3224
f 1140/1396/2473 1293/1640/3264 1142/1762/3224
f 1187/2576/3262 1126/2671/2449 1142/1762/3224
f 1257/74/2447 1137/20/2480 1142/1762/3224
f 1134/2600/3225 1224/2540/3287 1142/1762/3224
f 1189/2104/2481 1142/1762/3224 1141/1862/3236
f 1189/2104/2481 1132/2228/3252 1142/1762/3224
f 1696/2679/2497 569/2657/4763 624/2823/5455 1757/2807/345
f 1224/2540/3287 1135/2492/2470 1142/1762/3224
f 1141/1862/3236 1142/1762/3224 1293/1640/3264
f 1132/2228/3252 1195/2472/2487 1142/1762/3224
f 1262/2/2463 1265/40/3211 1142/1762/3224
f 1135/2492/2470 1229/2374/3235 1142/1762/3224
f 1195/2472/2487 1198/2498/2482 1142/1762/3224
f 1265/40/3211 1268/138/4038 1142/1762/3224
f 1229/2374/3235 1232/2130/3209 1142/1762/3224
f 1198/2498/2482 1183/2538/4039 1142/1762/3224
f 1268/138/4038 1271/290/3272 1142/1762/3224
f 1232/2130/3209 1235/1860/3208 1142/1762/3224
f 1181/2866/3187 1201/2930/3289 1142/1762/3224
f 1271/290/3272 1130/512/4034 1142/1762/3224
f 1235/1860/3208 1238/1494/3275 1142/1762/3224
f 1201/2930/3289 1204/2965/2472 1142/1762/3224
f 1130/512/4034 1138/720/4026 1142/1762/3224
f 1238/1494/3275 1241/1128/3186 1142/1762/3224
f 1204/2965/2472 1207/2974/2457 1142/1762/3224
f 1138/720/4026 1278/762/3204 1142/1762/3224
f 1241/1128/3186 1244/848/2476 1142/1762/3224
f 1207/2974/2457 1127/2976/4028 1142/1762/3224
f 1278/762/3204 1139/812/2465 1142/1762/3224
f 1244/848/2476 1129/772/3226 1142/1762/3224
f 1127/2976/4028 1212/2970/2465 1142/1762/3224
f 1139/812/2465 1283/866/2488 1142/1762/3224
f 1129/772/3226 1136/674/3220 1142/1762/3224
f 1212/2970/2465 1128/2932/3253 1142/1762/3224
f 1283/866/2488 1286/1012/3223 1142/1762/3224
f 1126/2671/2449 1178/2779/3277 1142/1762/3224
f 1136/674/3220 1251/436/3201 1142/1762/3224
f 1128/2932/3253 1133/2849/2446 1142/1762/3224
f 1546/748/4487 1414/756/452 1416/676/2609 1550/542/3743
f 1565/112/3720 1431/250/4896 1434/284/2622 1568/140/4473
f 1699/2777/1377 1701/2803/4416 1739/2695/5795 1736/2721/1365
f 1297/228/1033 1306/444/351 1549/460/3163 1538/240/5436
f 1197/818/2817 1429/816/5101 1426/864/694 1194/868/5097
f 1678/3188/4148 1681/3170/503 1497/3142/4852 1723/3176/4171
f 1295/1390/4404 1190/1148/5098 1419/1146/685 1534/1388/683
f 1491/3212/4120 1624/3260/2223 1621/3232/5230 1488/3184/1129
f 1537/312/1476 1405/490/2613 1407/330/5597 1541/178/2181
f 1488/3184/1129 1621/3232/5230 1618/3186/5227 1485/3118/1863
f 1184/768/2099 1413/764/1367 1429/816/5101 1197/818/2817
f 1485/3118/1863 1618/3186/5227 1615/3102/120 1482/3078/4131
f 1544/120/775 1410/262/4162 1431/250/4896 1565/112/3720
f 1482/3078/4131 1615/3102/120 1612/3032/5202 1479/3022/3389
f 1765/2621/5117 1775/2612/5196 1607/2514/4494 1473/2512/5569 1767/2596/1136
f 1312/838/3175 1310/890/2433 1555/892/338 1558/840/2422
f 1772/2886/5570 1481/3014/1940 1479/3022/3389 1771/2928/440
f 1399/1622/2424 1662/1620/4008 1666/1380/2430 1401/1376/1022
f 1473/2512/5569 1607/2514/4494 1604/2350/2916 1470/2340/1138
f 1399/1622/2424 1397/1882/5441 1659/1880/344 1662/1620/4008
f 1470/2340/1138 1604/2350/2916 1601/1996/1485 1467/1994/4141
f 1397/1882/5441 1395/2122/4740 1656/2124/4754 1659/1880/344
f 1467/1994/4141 1601/1996/1485 1598/1746/5190 1464/1738/3393
f 1395/2122/4740 1393/2368/5437 1653/2366/347 1656/2124/4754
f 1464/1738/3393 1598/1746/5190 1595/1498/2189 1461/1508/5581
f 1299/102/355 1297/228/1033 1538/240/5436 1540/118/2419
f 1393/2368/5437 1390/2494/3994 1650/2490/2438 1653/2366/347
f 1392/4028/3273 1158/3870/3206 1174/3620/3290
f 1160/3092/3203 1146/3050/3261 1174/3620/3290
f 1152/4465/2450 1170/4526/2455 1174/3620/3290
f 1166/3058/3241 1332/3146/3288 1174/3620/3290
f 1158/3870/3206 1173/3718/3239 1174/3620/3290
f 1304/3340/4032 1161/3296/3279 1174/3620/3290
f 1170/4526/2455 1153/4536/2464 1174/3620/3290
f 1332/3146/3288 1335/3266/3207 1174/3620/3290
f 1173/3718/3239 1159/3658/3260 1174/3620/3290
f 1161/3296/3279 1143/3198/2448 1174/3620/3290
f 1153/4536/2464 1171/4552/3263 1174/3620/3290
f 1335/3266/3207 1149/3334/3274 1174/3620/3290
f 1144/3506/2466 1174/3620/3290 1402/3568/3221
f 1144/3506/2466 1162/3428/3240 1174/3620/3290
f 1171/3310/4561 1369/3304/4562 1674/3298/3802 1669/3306/2984
f 1149/3334/3274 1340/3360/2485 1174/3620/3290
f 1402/3568/3221 1174/3620/3290 1159/3658/3260
f 1162/3428/3240 1145/3374/3200 1174/3620/3290
f 1154/4574/3210 1372/4544/3189 1174/3620/3290
f 1340/3360/2485 1150/3386/3202 1174/3620/3290
f 1145/3374/3200 1163/3358/2468 1174/3620/3290
f 1372/4544/3189 1155/4530/4031 1174/3620/3290
f 1150/3386/3202 1167/3476/3212 1174/3620/3290
f 1163/3358/2468 1304/3340/4032 1174/3620/3290
f 1155/4530/4031 1377/4510/3203 1174/3620/3290
f 1167/3476/3212 1347/3582/3251 1174/3620/3290
f 1146/3050/3261 1316/3026/3287 1174/3620/3290
f 1377/4510/3203 1156/4444/3237 1174/3620/3290
f 1347/3582/3251 1350/3704/3291 1174/3620/3290
f 1316/3026/3287 1147/3002/2456 1174/3620/3290
f 1156/4444/3237 1382/4416/3188 1174/3620/3290
f 1350/3704/3291 1151/3966/3276 1174/3620/3290
f 1147/3002/2456 1164/2990/2445 1174/3620/3290
f 1382/4416/3188 1157/4360/3292 1174/3620/3290
f 1151/3966/3276 1168/4196/2458 1174/3620/3290
f 1164/2990/2445 1148/2986/4025 1174/3620/3290
f 1157/4360/3292 1172/4304/2471 1174/3620/3290
f 1168/4196/2458 1357/4346/3278 1174/3620/3290
f 1148/2986/4025 1165/2996/3205 1174/3620/3290
f 1172/4304/2471 1389/4156/2486 1174/3620/3290
f 1357/4346/3278 1169/4422/3227 1174/3620/3290
f 1165/2996/3205 1327/3024/3222 1174/3620/3290
f 1389/4156/2486 1392/4028/3273 1174/3620/3290
f 1143/3198/2448 1160/3092/3203 1174/3620/3290
f 1169/4422/3227 1152/4465/2450 1174/3620/3290
f 1327/3024/3222 1166/3058/3241 1174/3620/3290
f 1461/1508/5581 1595/1498/2189 1592/1262/2186 1458/1264/2606
f 1552/1140/103 1420/1142/5571 1422/994/5574 1556/896/3753
f 1390/2494/3994 1387/2548/334 1647/2546/4011 1650/2490/2438
f 1458/1264/2606 1592/1262/2186 1589/1016/3736 1455/1020/4152
f 1292/1634/2823 1295/1390/4404 1534/1388/683 1532/1632/681
f 1387/2548/334 1385/2649/1738 1644/2637/1029 1647/2546/4011
f 1455/1020/4152 1589/1016/3736 1586/862/80 1452/874/4887
f 1292/1634/2823 1532/1632/681 1529/1868/2808 1290/1870/3648
f 1385/2649/1738 1383/2819/3992 1641/2813/2440 1644/2637/1029
f 1452/874/4887 1586/862/80 1583/806/5171 1449/814/2618
f 1290/1870/3648 1529/1868/2808 1526/2110/2093 1288/2112/3649
f 1383/2819/3992 1380/2955/1737 1638/2952/1759 1641/2813/2440
f 1449/814/2618 1583/806/5171 1580/686/790 1446/760/4201
f 1288/2112/3649 1526/2110/2093 1523/2342/4385 1285/2344/2824
f 1380/2955/1737 1378/3008/3158 1635/3006/1760 1638/2952/1759
f 1577/142/4731 1817/266/1007 1819/642/1732 1580/686/1742
f 1285/2344/2824 1523/2342/4385 1520/2478/4383 1282/2480/698
f 1378/3008/3158 1375/3068/1736 1632/3066/1032 1635/3006/1760
f 1574/114/1729 1818/238/1729 1817/266/1007 1577/142/4731
f 1282/2480/698 1520/2478/4383 1517/2532/4382 1280/2530/699
f 1375/3068/1736 1373/3162/1014 1629/3158/4017 1632/3066/1032
f 1440/446/4916 1574/114/5197 1571/176/770 1437/352/4167
f 1280/2530/699 1517/2532/4382 1514/2587/2090 1277/2585/702
f 1373/3162/1014 1370/3246/3996 1628/3238/5458 1629/3158/4017
f 1568/140/4473 1434/284/2622 1437/352/4167 1571/176/770
f 1277/2585/702 1514/2587/2090 1511/2705/2802 1275/2701/4412
f 1370/3246/3996 1676/3280/1016 1685/3270/1765 1628/3238/5458
f 1186/736/5092 1417/730/2103 1413/764/1367 1184/768/2099
f 1273/2851/2826 1508/2853/5084 1505/2972/679 1270/2968/2829
f 1368/3292/1019 1366/3294/1021 1623/3288/4018 1626/3284/5460
f 1270/2968/2829 1505/2972/679 1502/3018/5778 1267/3016/3654
f 1366/3294/1021 1364/3268/5440 1620/3262/354 1623/3288/4018
f 1559/844/4493 1425/852/5578 1428/808/3395 1562/796/5193
f 1267/3016/3654 1502/3018/5778 1499/3072/5776 1264/3064/2831
f 1175/578/682 1404/564/5800 1417/730/2103 1186/736/5092
f 1562/796/5193 1428/808/3395 1414/756/452 1546/748/4487
f 1275/2701/4412 1511/2705/2802 1508/2853/5084 1273/2851/2826
f 1550/542/3743 1416/676/2609 1405/490/2613 1537/312/1476
f 1552/1140/103 1665/1382/2201 1535/1384/2588 1420/1142/5571
f 1317/46/3183 1301/50/1764 1543/64/1013 1564/56/2416
f 1303/728/4758 1314/784/349 1561/788/3997 1547/732/5438
f 1501/3030/4838 1633/3054/4518 1630/3130/816 1498/3086/1842
f 1200/348/3626 1432/326/5804 1411/336/704 1180/358/3628
f 1301/50/1764 1299/102/355 1540/118/2419 1543/64/1013
f 1504/2982/4106 1636/2994/5224 1633/3054/4518 1501/3030/4838
f 1203/386/3623 1435/370/5105 1432/326/5804 1200/348/3626
f 1401/1376/1022 1666/1380/2430 1553/1136/4745 1308/1134/2429
f 1639/2926/1508 1636/2994/5224 1504/2982/4106 1507/2876/418
f 1206/472/2091 1438/442/4414 1435/370/5105 1203/386/3623
f 1314/784/349 1312/838/3175 1558/840/2422 1561/788/3997
f 1209/582/5781 1441/558/2107 1438/442/4414 1206/472/2091
f 1319/68/4022 1317/46/3183 1564/56/2416 1567/82/332
f 1639/2926/1508 1507/2876/418 1510/2729/4110 1642/2785/5216
f 1310/890/2433 1308/1134/2429 1553/1136/4745 1555/892/338
f 1642/2785/5216 1510/2729/4110 1513/2602/2569 1645/2627/2210
f 1306/444/351 1303/728/4758 1547/732/5438 1549/460/3163
f 1645/2627/2210 1513/2602/2569 1516/2536/1117 1648/2542/5213
f 1216/826/3629 1450/824/703 1447/770/707 1214/776/1358
f 1321/98/5462 1319/68/4022 1567/82/332 1570/110/5430
f 1648/2542/5213 1516/2536/1117 1519/2484/2571 1651/2486/4509
f 1218/880/3632 1453/878/700 1450/824/703 1216/826/3629
f 1323/48/1038 1321/98/5462 1570/110/5430 1573/58/5431
f 1651/2486/4509 1519/2484/2571 1522/2348/427 1654/2360/805
f 1221/1026/3633 1456/1024/4408 1453/878/700 1218/880/3632
f 1325/78/3185 1323/48/1038 1573/58/5431 1576/94/1735
f 1654/2360/805 1522/2348/427 1525/2116/3385 1657/2118/3761
f 1223/1270/4394 1459/1268/1369 1456/1024/4408 1221/1026/3633
f 1328/620/4024 1325/78/3185 1576/94/1735 1579/626/3991
f 1657/2118/3761 1525/2116/3385 1528/1866/438 1660/1876/111
f 1226/1514/5093 1462/1512/5099 1459/1268/1369 1223/1270/4394
f 1330/800/4021 1328/620/4024 1579/626/3991 1582/802/4733
f 1660/1876/111 1528/1866/438 1531/1628/1866 1663/1616/107
f 1228/1744/3635 1465/1742/4401 1462/1512/5099 1226/1514/5093
f 1333/854/3181 1330/800/4021 1582/802/4733 1585/856/4735
f 1231/1988/4396 1468/1990/691 1465/1742/4401 1228/1744/3635
f 1336/1006/3179 1333/854/3181 1585/856/4735 1588/1008/4737
f 1665/1382/2201 1663/1616/107 1531/1628/1866 1535/1384/2588
f 1234/2330/2815 1471/2332/1364 1468/1990/691 1231/1988/4396
f 1338/1256/2439 1336/1006/3179 1588/1008/4737 1591/1258/335
f 1237/2506/2819 1474/2508/3637 1471/2332/1364 1234/2330/2815
f 1341/1502/4756 1338/1256/2439 1591/1258/335 1594/1500/1744
f 1240/2604/4399 1476/2608/5791 1474/2508/3637 1237/2506/2819
f 1343/1756/5454 1341/1502/4756 1594/1500/1744 1597/1754/4741
f 1243/2872/4402 1478/2874/684 1476/2608/5791 1240/2604/4399
f 1345/2002/3173 1343/1756/5454 1597/1754/4741 1600/2000/1746
f 1246/3000/5103 1480/3010/3634 1478/2874/684 1243/2872/4402
f 1348/2356/5448 1345/2002/3173 1600/2000/1746 1603/2354/336
f 1248/3056/1372 1483/3060/5091 1480/3010/3634 1246/3000/5103
f 1351/2520/1023 1348/2356/5448 1603/2354/336 1606/2518/1749
f 1250/3090/1375 1486/3096/5090 1483/3060/5091 1248/3056/1372
f 1180/358/3628 1411/336/704 1408/410/2825 1177/434/5089
f 1353/2641/5445 1351/2520/1023 1606/2518/1749 1609/2635/4743
f 1253/3132/2834 1489/3148/5088 1486/3096/5090 1250/3090/1375
f 1541/178/2181 1407/330/5597 1410/262/4162 1544/120/775
f 1355/2936/5443 1353/2641/5445 1609/2635/4743 1610/2938/2427
f 1256/3168/2109 1492/3178/2806 1489/3148/5088 1253/3132/2834
f 1192/1002/2820 1423/1000/4398 1419/1146/685 1190/1148/5098
f 1358/3038/2426 1355/2936/5443 1610/2938/2427 1611/3036/3172
f 1259/3166/714 1494/3174/2804 1492/3178/2806 1256/3168/2109
f 1360/3124/340 1358/3038/2426 1611/3036/3172 1614/3116/5456
f 1259/3166/714 1260/3138/5774 1672/3128/5082 1670/3154/2835
f 1194/868/5097 1426/864/694 1423/1000/4398 1192/1002/2820
f 1362/3220/4002 1360/3124/340 1614/3116/5456 1617/3214/2441
f 1264/3064/2831 1499/3072/5776 1496/3126/5083 1261/3112/713
f 1556/896/3753 1422/994/5574 1425/852/5578 1559/844/4493
f 1364/3268/5440 1362/3220/4002 1617/3214/2441 1620/3262/354
f 1211/744/3627 1444/742/2830 1441/558/2107 1209/582/5781
f 1214/776/1358 1447/770/707 1444/742/2830 1211/744/3627
f 1175/578/682 1176/614/3587 1179/494/644 1177/434/5089
f 1176/614/4923 1126/652/4921 1178/544/2641 1179/494/500
f 1177/434/5089 1179/494/644 1182/406/3586 1180/358/3628
f 1179/494/500 1178/544/2641 1181/466/496 1182/406/1925
f 1184/768/2099 1185/778/2787 1188/746/1323 1186/736/5092
f 1185/778/4216 1183/786/1201 1187/752/1193 1188/746/1192
f 1186/736/5092 1188/746/1323 1176/614/3587 1175/578/682
f 1188/746/1192 1187/752/1193 1126/652/4921 1176/614/4923
f 1190/1148/5098 1191/1246/5753 1193/1010/2788 1192/1002/2820
f 1191/1246/4946 1189/1248/4225 1132/1018/4944 1193/1010/1212
f 1192/1002/2820 1193/1010/2788 1196/870/4356 1194/868/5097
f 1193/1010/1212 1132/1018/4944 1195/872/1943 1196/870/4940
f 1194/868/5097 1196/870/4356 1199/822/5052 1197/818/2817
f 1196/870/4940 1195/872/1943 1198/828/4219 1199/822/4218
f 1197/818/2817 1199/822/5052 1185/778/2787 1184/768/2099
f 1199/822/4218 1198/828/4219 1183/786/1201 1185/778/4216
f 1180/358/3628 1182/406/3586 1202/400/641 1200/348/3626
f 1182/406/1925 1181/466/496 1201/454/4192 1202/400/2638
f 1200/348/3626 1202/400/641 1205/438/1316 1203/386/3623
f 1202/400/2638 1201/454/4192 1204/502/5620 1205/438/4188
f 1203/386/3623 1205/438/1316 1208/530/640 1206/472/2091
f 1205/438/4188 1204/502/5620 1207/580/1920 1208/530/4910
f 1206/472/2091 1208/530/640 1210/624/2045 1209/582/5781
f 1208/530/4910 1207/580/1920 1127/696/3426 1210/624/490
f 1209/582/5781 1210/624/2045 1213/750/1318 1211/744/3627
f 1210/624/490 1127/696/3426 1212/754/493 1213/750/1923
f 1211/744/3627 1213/750/1318 1215/782/643 1214/776/1358
f 1213/750/1923 1212/754/493 1128/790/4911 1215/782/1924
f 1214/776/1358 1215/782/643 1217/830/4345 1216/826/3629
f 1215/782/1924 1128/790/4911 1133/832/3431 1217/830/4196
f 1216/826/3629 1217/830/4345 1220/882/5738 1218/880/3632
f 1217/830/4196 1133/832/3431 1219/884/3433 1220/882/1182
f 1218/880/3632 1220/882/5738 1222/1028/5037 1221/1026/3633
f 1220/882/1182 1219/884/3433 1134/1126/1930 1222/1028/505
f 1221/1026/3633 1222/1028/5037 1225/1272/648 1223/1270/4394
f 1222/1028/505 1134/1126/1930 1224/1274/3438 1225/1272/1189
f 1223/1270/4394 1225/1272/648 1227/1516/4349 1226/1514/5093
f 1225/1272/1189 1224/1274/3438 1135/1518/1934 1227/1516/2648
f 1226/1514/5093 1227/1516/4349 1230/1750/651 1228/1744/3635
f 1227/1516/2648 1135/1518/1934 1229/1752/4929 1230/1750/4210
f 1228/1744/3635 1230/1750/651 1233/1986/5741 1231/1988/4396
f 1230/1750/4210 1229/1752/4929 1232/1984/4932 1233/1986/1197
f 1231/1988/4396 1233/1986/5741 1236/2328/3590 1234/2330/2815
f 1233/1986/1197 1232/1984/4932 1235/2326/1199 1236/2328/2653
f 1234/2330/2815 1236/2328/3590 1239/2504/5046 1237/2506/2819
f 1236/2328/2653 1235/2326/1199 1238/2500/2658 1239/2504/1938
f 1237/2506/2819 1239/2504/5046 1242/2592/1327 1240/2604/4399
f 1239/2504/1938 1238/2500/2658 1241/2589/1204 1242/2592/4221
f 1240/2604/4399 1242/2592/1327 1245/2855/658 1243/2872/4402
f 1242/2592/4221 1241/2589/1204 1244/2847/5637 1245/2855/1946
f 1243/2872/4402 1245/2855/658 1247/2988/1331 1246/3000/5103
f 1245/2855/1946 1244/2847/5637 1129/2984/5641 1247/2988/4949
f 1246/3000/5103 1247/2988/1331 1249/3048/5076 1248/3056/1372
f 1247/2988/4949 1129/2984/5641 1136/3040/546 1249/3048/548
f 1248/3056/1372 1249/3048/5076 1252/3084/3616 1250/3090/1375
f 1249/3048/548 1136/3040/546 1251/3074/5664 1252/3084/3481
f 1250/3090/1375 1252/3084/3616 1255/3110/4380 1253/3132/2834
f 1252/3084/3481 1251/3074/5664 1254/3100/3485 1255/3110/570
f 1253/3132/2834 1255/3110/4380 1258/3140/3617 1256/3168/2109
f 1255/3110/570 1254/3100/3485 1257/3122/2698 1258/3140/5669
f 1256/3168/2109 1258/3140/3617 1260/3138/5774 1259/3166/714
f 1258/3140/5669 1257/3122/2698 1137/3120/3484 1260/3138/4258
f 1670/3154/2835 1683/3160/5782 1494/3174/2804 1259/3166/714
f 1369/3304/299 1368/3292/1019 1677/3282/1015 1674/3298/3953
f 1261/3112/713 1263/3098/2088 1266/3052/5077 1264/3064/2831
f 1263/3098/562 1262/3088/5661 1265/3046/1968 1266/3052/4972
f 1264/3064/2831 1266/3052/5077 1269/3004/2797 1267/3016/3654
f 1266/3052/4972 1265/3046/1968 1268/2992/1966 1269/3004/4967
f 1267/3016/3654 1269/3004/2797 1272/2959/3611 1270/2968/2829
f 1269/3004/4967 1268/2992/1966 1271/2950/1965 1272/2959/4242
f 1270/2968/2829 1272/2959/3611 1274/2837/5074 1273/2851/2826
f 1272/2959/4242 1271/2950/1965 1130/2829/4240 1274/2837/2682
f 1273/2851/2826 1274/2837/5074 1276/2685/5072 1275/2701/4412
f 1274/2837/2682 1130/2829/4240 1138/2675/1229 1276/2685/3465
f 1275/2701/4412 1276/2685/5072 1279/2578/4364 1277/2585/702
f 1276/2685/3465 1138/2675/1229 1278/2574/1959 1279/2578/1961
f 1277/2585/702 1279/2578/4364 1281/2528/3607 1280/2530/699
f 1279/2578/1961 1278/2574/1959 1139/2526/4956 1281/2528/4957
f 1280/2530/699 1281/2528/3607 1284/2476/5762 1282/2480/698
f 1281/2528/4957 1139/2526/4956 1283/2474/1957 1284/2476/2676
f 1282/2480/698 1284/2476/5762 1287/2338/2076 1285/2344/2824
f 1284/2476/2676 1283/2474/1957 1286/2334/534 1287/2338/5648
f 1285/2344/2824 1287/2338/2076 1289/2108/3604 1288/2112/3649
f 1287/2338/5648 1286/2334/534 1131/2106/4950 1289/2108/531
f 1288/2112/3649 1289/2108/3604 1291/1874/1334 1290/1870/3648
f 1289/2108/531 1131/2106/4950 1140/1872/4948 1291/1874/1951
f 1290/1870/3648 1291/1874/1334 1294/1636/3598 1292/1634/2823
f 1291/1874/1951 1140/1872/4948 1293/1638/2668 1294/1636/1215
f 1189/1248/4225 1191/1246/4946 1296/1392/4226 1141/1394/1948
f 1191/1246/5753 1190/1148/5098 1295/1390/4404 1296/1392/2789
f 1141/1394/1948 1296/1392/4226 1294/1636/1215 1293/1638/2668
f 1296/1392/2789 1295/1390/4404 1292/1634/2823 1294/1636/3598
f 1143/148/204 1298/184/2280 1300/70/4608 1160/44/3854
f 1298/184/1725 1297/228/1033 1299/102/355 1300/70/3987
f 1160/44/3854 1300/70/4608 1302/30/1607 1146/12/5305
f 1300/70/3987 1299/102/355 1301/50/1764 1302/30/324
f 1304/670/1586 1305/708/4601 1307/396/3847 1161/356/1595
f 1305/708/5420 1303/728/4758 1306/444/351 1307/396/2408
f 1161/356/1595 1307/396/3847 1298/184/2280 1143/148/204
f 1307/396/2408 1306/444/351 1297/228/1033 1298/184/1725
f 1144/1130/1565 1309/1132/867 1311/888/5281 1162/886/3017
f 1309/1132/986 1308/1134/2429 1310/890/2433 1311/888/306
f 1162/886/3017 1311/888/5281 1313/836/189 1145/834/3021
f 1311/888/306 1310/890/2433 1312/838/3175 1313/836/2398
f 1145/834/3021 1313/836/189 1315/780/4593 1163/774/4591
f 1313/836/2398 1312/838/3175 1314/784/349 1315/780/5412
f 1163/774/4591 1315/780/4593 1305/708/4601 1304/670/1586
f 1315/780/5412 1314/784/349 1303/728/4758 1305/708/5420
f 1146/12/5305 1302/30/1607 1318/26/3858 1316/6/2286
f 1302/30/324 1301/50/1764 1317/46/3183 1318/26/1726
f 1316/6/2286 1318/26/3858 1320/42/1610 1147/18/2287
f 1318/26/1726 1317/46/3183 1319/68/4022 1320/42/1728
f 1147/18/2287 1320/42/1610 1322/62/895 1164/38/1611
f 1320/42/1728 1319/68/4022 1321/98/5462 1322/62/1005
f 1164/38/1611 1322/62/895 1324/28/900 1148/8/3865
f 1322/62/1005 1321/98/5462 1323/48/1038 1324/28/4727
f 1148/8/3865 1324/28/900 1326/52/216 1165/32/5310
f 1324/28/4727 1323/48/1038 1325/78/3185 1326/52/2410
f 1165/32/5310 1326/52/216 1329/608/898 1327/592/212
f 1326/52/2410 1325/78/3185 1328/620/4024 1329/608/3989
f 1327/592/212 1329/608/898 1331/798/3036 1166/794/5304
f 1329/608/3989 1328/620/4024 1330/800/4021 1331/798/322
f 1166/794/5304 1331/798/3036 1334/850/5301 1332/846/3031
f 1331/798/322 1330/800/4021 1333/854/3181 1334/850/1723
f 1332/846/3031 1334/850/5301 1337/1004/5299 1335/998/3845
f 1334/850/1723 1333/854/3181 1336/1006/3179 1337/1004/3149
f 1335/998/3845 1337/1004/5299 1339/1254/3840 1149/1252/3839
f 1337/1004/3149 1336/1006/3179 1338/1256/2439 1339/1254/3145
f 1149/1252/3839 1339/1254/3840 1342/1504/5290 1340/1506/2271
f 1339/1254/3145 1338/1256/2439 1341/1502/4756 1342/1504/5411
f 1340/1506/2271 1342/1504/5290 1344/1758/3020 1150/1760/180
f 1342/1504/5411 1341/1502/4756 1343/1756/5454 1344/1758/3976
f 1150/1760/180 1344/1758/3020 1346/2004/3012 1167/2102/4582
f 1344/1758/3976 1343/1756/5454 1345/2002/3173 1346/2004/4710
f 1167/2102/4582 1346/2004/3012 1349/2358/3006 1347/2362/1559
f 1346/2004/4710 1345/2002/3173 1348/2356/5448 1349/2358/985
f 1347/2362/1559 1349/2358/3006 1352/2522/3818 1350/2524/3003
f 1349/2358/985 1348/2356/5448 1351/2520/1023 1352/2522/4705
f 1350/2524/3003 1352/2522/3818 1354/2645/5270 1151/2651/1556
f 1352/2522/4705 1351/2520/1023 1353/2641/5445 1354/2645/5396
f 1151/2651/1556 1354/2645/5270 1356/2940/1554 1168/2946/2997
f 1354/2645/5396 1353/2641/5445 1355/2936/5443 1356/2940/5395
f 1168/2946/2997 1356/2940/1554 1359/3042/3004 1357/3044/1558
f 1356/2940/5395 1355/2936/5443 1358/3038/2426 1359/3042/1705
f 1357/3044/1558 1359/3042/3004 1361/3134/4581 1169/3152/5277
f 1359/3042/1705 1358/3038/2426 1360/3124/340 1361/3134/3969
f 1169/3152/5277 1361/3134/4581 1363/3224/3008 1152/3240/5275
f 1361/3134/3969 1360/3124/340 1362/3220/4002 1363/3224/1707
f 1152/3240/5275 1363/3224/3008 1365/3286/5269 1170/3300/2999
f 1363/3224/1707 1362/3220/4002 1364/3268/5440 1365/3286/3966
f 1170/3300/2999 1365/3286/5269 1367/3308/1549 1153/3312/4568
f 1365/3286/3966 1364/3268/5440 1366/3294/1021 1367/3308/3131
f 1153/3312/4568 1367/3308/1549 1369/3304/4562 1171/3310/4561
f 1367/3308/3131 1366/3294/1021 1368/3292/1019 1369/3304/299
f 1171/4552/3263 1669/4554/2469 1668/4568/2469 1154/4574/3210 1174/3620/3290
f 1677/3282/1015 1368/3292/1019 1626/3284/5460 1684/3278/1040
f 1154/3274/3799 1371/3256/1539 1374/3172/3793 1372/3190/2233
f 1371/3256/294 1370/3246/3996 1373/3162/1014 1374/3172/3947
f 1372/3190/2233 1374/3172/3793 1376/3076/1526 1155/3082/4542
f 1374/3172/3947 1373/3162/1014 1375/3068/1736 1376/3076/966
f 1155/3082/4542 1376/3076/1526 1379/3012/157 1377/3020/1527
f 1376/3076/966 1375/3068/1736 1378/3008/3158 1379/3012/3120
f 1377/3020/1527 1379/3012/157 1381/2957/2231 1156/2963/4544
f 1379/3012/3120 1378/3008/3158 1380/2955/1737 1381/2957/2372
f 1156/2963/4544 1381/2957/2231 1384/2822/1529 1382/2831/4545
f 1381/2957/2372 1380/2955/1737 1383/2819/3992 1384/2822/1693
f 1382/2831/4545 1384/2822/1529 1386/2653/3792 1157/2661/839
f 1384/2822/1693 1383/2819/3992 1385/2649/1738 1386/2653/1694
f 1157/2661/839 1386/2653/3792 1388/2550/2972 1172/2552/2973
f 1386/2653/1694 1385/2649/1738 1387/2548/334 1388/2550/5384
f 1172/2552/2973 1388/2550/2972 1391/2496/840 1389/2502/4547
f 1388/2550/5384 1387/2548/334 1390/2494/3994 1391/2496/5385
f 1389/2502/4547 1391/2496/840 1394/2370/1536 1392/2372/5248
f 1391/2496/5385 1390/2494/3994 1393/2368/5437 1394/2370/3123
f 1392/2372/5248 1394/2370/1536 1396/2126/2244 1158/2128/1541
f 1394/2370/3123 1393/2368/5437 1395/2122/4740 1396/2126/972
f 1158/2128/1541 1396/2126/2244 1398/1884/2248 1173/1886/167
f 1396/2126/972 1395/2122/4740 1397/1882/5441 1398/1884/298
f 1173/1886/167 1398/1884/2248 1400/1624/1552 1159/1626/5263
f 1398/1884/298 1397/1882/5441 1399/1622/2424 1400/1624/5393
f 1308/1134/2429 1309/1132/986 1403/1374/4706 1401/1376/1022
f 1309/1132/867 1144/1130/1565 1402/1372/5273 1403/1374/5274
f 1401/1376/1022 1403/1374/4706 1400/1624/5393 1399/1622/2424
f 1403/1374/5274 1402/1372/5273 1159/1626/5263 1400/1624/1552
f 1405/490/2613 1406/520/4969 1409/374/1236 1407/330/5597
f 1406/520/5767 1404/564/5800 1408/410/2825 1409/374/3613
f 1407/330/5597 1409/374/1236 1412/298/3477 1410/262/4162
f 1409/374/3613 1408/410/2825 1411/336/704 1412/298/1349
f 1414/756/452 1415/758/4959 1418/714/4965 1416/676/2609
f 1415/758/2796 1413/764/1367 1417/730/2103 1418/714/4367
f 1416/676/2609 1418/714/4965 1406/520/4969 1405/490/2613
f 1418/714/4367 1417/730/2103 1404/564/5800 1406/520/5767
f 1420/1142/5571 1421/1144/4941 1424/996/523 1422/994/5574
f 1421/1144/3593 1419/1146/685 1423/1000/4398 1424/996/4358
f 1422/994/5574 1424/996/523 1427/858/2671 1425/852/5578
f 1424/996/4358 1423/1000/4398 1426/864/694 1427/858/1333
f 1425/852/5578 1427/858/2671 1430/810/535 1428/808/3395
f 1427/858/1333 1426/864/694 1429/816/5101 1430/810/5065
f 1428/808/3395 1430/810/535 1415/758/4959 1414/756/452
f 1430/810/5065 1429/816/5101 1413/764/1367 1415/758/2796
f 1410/262/4162 1412/298/3477 1433/286/554 1431/250/4896
f 1412/298/1349 1411/336/704 1432/326/5804 1433/286/5078
f 1431/250/4896 1433/286/554 1436/324/4252 1434/284/2622
f 1433/286/5078 1432/326/5804 1435/370/5105 1436/324/1350
f 1434/284/2622 1436/324/4252 1439/394/557 1437/352/4167
f 1436/324/1350 1435/370/5105 1438/442/4414 1439/394/5770
f 1437/352/4167 1439/394/557 1442/506/558 1440/446/4916
f 1439/394/5770 1438/442/4414 1441/558/2107 1442/506/4378
f 1440/446/4916 1442/506/558 1445/734/5660 1443/722/560
f 1442/506/4378 1441/558/2107 1444/742/2830 1445/734/675
f 1443/722/560 1445/734/5660 1448/766/3478 1446/760/4201
f 1445/734/675 1444/742/2830 1447/770/707 1448/766/5771
f 1446/760/4201 1448/766/3478 1451/820/2686 1449/814/2618
f 1448/766/5771 1447/770/707 1450/824/703 1451/820/3614
f 1449/814/2618 1451/820/2686 1454/876/4968 1452/874/4887
f 1451/820/3614 1450/824/703 1453/878/700 1454/876/3612
f 1452/874/4887 1454/876/4968 1457/1022/4962 1455/1020/4152
f 1454/876/3612 1453/878/700 1456/1024/4408 1457/1022/5766
f 1455/1020/4152 1457/1022/4962 1460/1266/5655 1458/1264/2606
f 1457/1022/5766 1456/1024/4408 1459/1268/1369 1460/1266/2794
f 1458/1264/2606 1460/1266/5655 1463/1510/1955 1461/1508/5581
f 1460/1266/2794 1459/1268/1369 1462/1512/5099 1463/1510/5761
f 1461/1508/5581 1463/1510/1955 1466/1740/2667 1464/1738/3393
f 1463/1510/5761 1462/1512/5099 1465/1742/4401 1466/1740/2790
f 1464/1738/3393 1466/1740/2667 1469/1992/3448 1467/1994/4141
f 1466/1740/2790 1465/1742/4401 1468/1990/691 1469/1992/3594
f 1467/1994/4141 1469/1992/3448 1472/2336/1205 1470/2340/1138
f 1469/1992/3594 1468/1990/691 1471/2332/1364 1472/2336/5051
f 1470/2340/1138 1472/2336/1205 1475/2510/513 1473/2512/5569
f 1472/2336/5051 1471/2332/1364 1474/2508/3637 1475/2510/5048
f 1477/2610/5572 1772/2886/5570 1769/2868/1172 1766/2639/1917
f 1475/2510/5048 1474/2508/3637 1476/2608/5791 1477/2610/1325
f 1477/2610/1325 1476/2608/5791 1478/2874/684 1772/2886/2785
f 1479/3022/3389 1612/3032/5202 1780/2961/5201 1770/2914/4431 1771/2928/440
f 1772/2886/2785 1478/2874/684 1480/3010/3634 1481/3014/4352
f 1479/3022/3389 1481/3014/1940 1484/3070/4222 1482/3078/4131
f 1481/3014/4352 1480/3010/3634 1483/3060/5091 1484/3070/657
f 1482/3078/4131 1484/3070/4222 1487/3106/1207 1485/3118/1863
f 1484/3070/657 1483/3060/5091 1486/3096/5090 1487/3106/4354
f 1485/3118/1863 1487/3106/1207 1490/3164/2654 1488/3184/1129
f 1487/3106/4354 1486/3096/5090 1489/3148/5088 1490/3164/5047
f 1488/3184/1129 1490/3164/2654 1493/3194/1936 1491/3212/4120
f 1490/3164/5047 1489/3148/5088 1492/3178/2806 1493/3194/3589
f 1493/3194/3589 1492/3178/2806 1494/3174/2804 1495/3192/2049
f 1495/3192/437 1680/3180/1184 1679/3196/4147 1720/3204/2623
f 1685/3270/1765 1687/3254/1009 1732/3230/1734 1628/3238/5458
f 1498/3086/1842 1630/3130/816 1733/3216/4521 1724/3200/3695 1725/3150/1843
f 1497/3142/1320 1496/3126/5083 1499/3072/5776 1500/3080/5734
f 1498/3086/1842 1500/3080/1918 1503/3028/4905 1501/3030/4838
f 1500/3080/5734 1499/3072/5776 1502/3018/5778 1503/3028/2771
f 1501/3030/4838 1503/3028/4905 1506/2978/5612 1504/2982/4106
f 1503/3028/2771 1502/3018/5778 1505/2972/679 1506/2978/2770
f 1504/2982/4106 1506/2978/5612 1509/2864/3422 1507/2876/418
f 1506/2978/2770 1505/2972/679 1508/2853/5084 1509/2864/4338
f 1507/2876/418 1509/2864/3422 1512/2717/4906 1510/2729/4110
f 1509/2864/4338 1508/2853/5084 1511/2705/2802 1512/2717/634
f 1510/2729/4110 1512/2717/4906 1515/2594/5616 1513/2602/2569
f 1512/2717/634 1511/2705/2802 1514/2587/2090 1515/2594/1313
f 1513/2602/2569 1515/2594/5616 1518/2534/1175 1516/2536/1117
f 1515/2594/1313 1514/2587/2090 1517/2532/4382 1518/2534/5733
f 1516/2536/1117 1518/2534/1175 1521/2482/489 1519/2484/2571
f 1518/2534/5733 1517/2532/4382 1520/2478/4383 1521/2482/5035
f 1519/2484/2571 1521/2482/489 1524/2346/1921 1522/2348/427
f 1521/2482/5035 1520/2478/4383 1523/2342/4385 1524/2346/639
f 1522/2348/427 1524/2346/1921 1527/2114/4912 1525/2116/3385
f 1524/2346/639 1523/2342/4385 1526/2110/2093 1527/2114/2779
f 1525/2116/3385 1527/2114/4912 1530/1864/1188 1528/1866/438
f 1527/2114/2779 1526/2110/2093 1529/1868/2808 1530/1864/646
f 1528/1866/438 1530/1864/1188 1533/1630/5632 1531/1628/1866
f 1530/1864/646 1529/1868/2808 1532/1632/681 1533/1630/3588
f 1419/1146/685 1421/1144/3593 1536/1386/2056 1534/1388/683
f 1421/1144/4941 1420/1142/5571 1535/1384/2588 1536/1386/4936
f 1534/1388/683 1536/1386/2056 1533/1630/3588 1532/1632/681
f 1536/1386/4936 1535/1384/2588 1531/1628/1866 1533/1630/5632
f 1538/240/5436 1539/276/2381 1542/152/3955 1540/118/2419
f 1539/276/2249 1537/312/1476 1541/178/2181 1542/152/2245
f 1540/118/2419 1542/152/3955 1545/92/1699 1543/64/1013
f 1542/152/2245 1541/178/2181 1544/120/775 1545/92/163
f 1547/732/5438 1548/740/2386 1551/504/3964 1549/460/3163
f 1548/740/857 1546/748/4487 1550/542/3743 1551/504/171
f 1549/460/3163 1551/504/3964 1539/276/2381 1538/240/5436
f 1551/504/171 1550/542/3743 1537/312/1476 1539/276/2249
f 1553/1136/4745 1554/1138/1708 1557/894/3972 1555/892/338
f 1554/1138/1569 1552/1140/103 1556/896/3753 1557/894/868
f 1555/892/338 1557/894/3972 1560/842/4709 1558/840/2422
f 1557/894/868 1556/896/3753 1559/844/4493 1560/842/3823
f 1558/840/2422 1560/842/4709 1563/792/3134 1561/788/3997
f 1560/842/3823 1559/844/4493 1562/796/5193 1563/792/862
f 1561/788/3997 1563/792/3134 1548/740/2386 1547/732/5438
f 1563/792/862 1562/796/5193 1546/748/4487 1548/740/857
f 1543/64/1013 1545/92/1699 1566/84/1697 1564/56/2416
f 1545/92/163 1544/120/775 1565/112/3720 1566/84/2241
f 1564/56/2416 1566/84/1697 1569/106/4694 1567/82/332
f 1566/84/2241 1565/112/3720 1568/140/4473 1569/106/2238
f 1567/82/332 1569/106/4694 1572/144/969 1570/110/5430
f 1569/106/2238 1568/140/4473 1571/176/770 1572/144/842
f 1570/110/5430 1572/144/969 1575/86/970 1573/58/5431
f 1572/144/842 1571/176/770 1574/114/5197 1575/86/4552
f 1573/58/5431 1575/86/970 1578/116/3125 1576/94/1735
f 1575/86/4552 1574/114/5197 1577/142/1537 1578/116/3797
f 1576/94/1735 1578/116/3125 1581/654/3127 1579/626/3991
f 1578/116/3797 1577/142/1537 1580/686/790 1581/654/2981
f 1579/626/3991 1581/654/3127 1584/804/1700 1582/802/4733
f 1581/654/2981 1580/686/790 1583/806/5171 1584/804/4555
f 1582/802/4733 1584/804/1700 1587/860/3952 1585/856/4735
f 1584/804/4555 1583/806/5171 1586/862/80 1587/860/1543
f 1585/856/4735 1587/860/3952 1590/1014/297 1588/1008/4737
f 1587/860/1543 1586/862/80 1589/1016/3736 1590/1014/2986
f 1588/1008/4737 1590/1014/297 1593/1260/3960 1591/1258/335
f 1590/1014/2986 1589/1016/3736 1592/1262/2186 1593/1260/849
f 1591/1258/335 1593/1260/3960 1596/1496/5391 1594/1500/1744
f 1593/1260/849 1592/1262/2186 1595/1498/2189 1596/1496/2252
f 1594/1500/1744 1596/1496/5391 1599/1748/4701 1597/1754/4741
f 1596/1496/2252 1595/1498/2189 1598/1746/5190 1599/1748/170
f 1597/1754/4741 1599/1748/4701 1602/1998/3963 1600/2000/1746
f 1599/1748/170 1598/1746/5190 1601/1996/1485 1602/1998/5264
f 1600/2000/1746 1602/1998/3963 1605/2352/979 1603/2354/336
f 1602/1998/5264 1601/1996/1485 1604/2350/2916 1605/2352/4572
f 1603/2354/336 1605/2352/979 1608/2516/981 1606/2518/1749
f 1605/2352/4572 1604/2350/2916 1607/2514/4494 1608/2516/3817
f 1606/2518/1749 1608/2516/981 1776/2633/984 1609/2635/4743
f 1810/4674/1034 721/4512/5451 715/4511/4010 1802/4678/357
f 1609/2635/4743 1776/2633/984 1779/2934/3971 1610/2938/2427
f 1608/2516/3817 1607/2514/4494 1775/2612/5196 1776/2633/2923
f 1610/2938/2427 1779/2934/3971 1613/3034/1714 1611/3036/3172
f 1787/4704/1766 1794/4690/4759 1812/4648/4014 1810/4674/1034 1802/4678/357 1803/4684/1768
f 1611/3036/3172 1613/3034/1714 1616/3108/3985 1614/3116/5456
f 1613/3034/1575 1612/3032/5202 1615/3102/120 1616/3108/1598
f 1614/3116/5456 1616/3108/3985 1619/3202/1733 1617/3214/2441
f 1616/3108/1598 1615/3102/120 1618/3186/5227 1619/3202/3868
f 1617/3214/2441 1619/3202/1733 1622/3244/2413 1620/3262/354
f 1619/3202/3868 1618/3186/5227 1621/3232/5230 1622/3244/1615
f 1620/3262/354 1622/3244/2413 1625/3276/3154 1623/3288/4018
f 1622/3244/1615 1621/3232/5230 1624/3260/2223 1625/3276/1620
f 1623/3288/4018 1625/3276/3154 1627/3272/330 1626/3284/5460
f 1727/2697/5453 1763/2665/1755 1692/2683/3302 1688/2715/1048
f 1626/3284/5460 1627/3272/330 1686/3264/327 1684/3278/1040
f 1687/3254/218 1689/3242/3041 1731/3228/5294 1732/3230/1525
f 1628/3238/5458 1732/3230/1734 1631/3144/3986 1629/3158/4017
f 1689/2735/364 1693/2711/1770 1753/2769/4009 1731/2755/5452
f 1629/3158/4017 1631/3144/3986 1634/3062/5422 1632/3066/1032
f 1631/3144/5303 1630/3130/816 1633/3054/4518 1634/3062/1597
f 1632/3066/1032 1634/3062/5422 1637/2998/3150 1635/3006/1760
f 1634/3062/1597 1633/3054/4518 1636/2994/5224 1637/2998/887
f 1635/3006/1760 1637/2998/3150 1640/2942/1720 1638/2952/1759
f 1637/2998/887 1636/2994/5224 1639/2926/1508 1640/2942/4603
f 1638/2952/1759 1640/2942/1720 1643/2805/3984 1641/2813/2440
f 1640/2942/4603 1639/2926/1508 1642/2785/5216 1643/2805/3842
f 1641/2813/2440 1643/2805/3984 1646/2631/318 1644/2637/1029
f 1643/2805/3842 1642/2785/5216 1645/2627/2210 1646/2631/3027
f 1644/2637/1029 1646/2631/318 1649/2544/4720 1647/2546/4011
f 1646/2631/3027 1645/2627/2210 1648/2542/5213 1649/2544/3026
f 1647/2546/4011 1649/2544/4720 1652/2488/314 1650/2490/2438
f 1649/2544/3026 1648/2542/5213 1651/2486/4509 1652/2488/882
f 1650/2490/2438 1652/2488/314 1655/2364/2401 1653/2366/347
f 1652/2488/882 1651/2486/4509 1654/2360/805 1655/2364/4588
f 1653/2366/347 1655/2364/2401 1658/2120/5410 1656/2124/4754
f 1655/2364/4588 1654/2360/805 1657/2118/3761 1658/2120/193
f 1656/2124/4754 1658/2120/5410 1661/1878/3141 1659/1880/344
f 1658/2120/193 1657/2118/3761 1660/1876/111 1661/1878/5287
f 1659/1880/344 1661/1878/3141 1664/1618/4714 1662/1620/4008
f 1661/1878/5287 1660/1876/111 1663/1616/107 1664/1618/875
f 1552/1140/103 1554/1138/1569 1667/1378/872 1665/1382/2201
f 1554/1138/1708 1553/1136/4745 1666/1380/2430 1667/1378/2392
f 1665/1382/2201 1667/1378/872 1664/1618/875 1663/1616/107
f 1667/1378/2392 1666/1380/2430 1662/1620/4008 1664/1618/4714
f 1177/434/5089 1408/410/2825 1404/564/5800 1175/578/682
f 1745/2948/2822 622/2980/3647 567/2953/4419 1703/2894/2113
f 1702/2809/718 568/2820/5114 618/2656/2821 1741/2677/4403
f 1679/2743/5111 1699/2777/1377 1736/2721/1365 1720/2725/2100
f 1701/2803/4416 1702/2809/718 1741/2677/4403 1739/2695/5795
f 1748/2882/3643 1745/2948/2822 1703/2894/2113 1700/2857/716
f 1723/2799/3638 1750/2843/5793 1698/2825/5814 1678/2783/5109
f 1693/2711/1770 1695/2699/1045 1755/2795/2437 1753/2769/4009
f 1750/2843/5793 1748/2882/3643 1700/2857/716 1698/2825/5814
f 1137/20/2480 1690/16/3271 1691/10/3271 1262/2/2463 1142/1762/3224
f 1763/2665/1755 1761/2617/4748 1694/2647/360 1692/2683/3302
f 1495/3192/2049 1494/3174/2804 1683/3160/5782 1680/3180/645
f 1728/3226/759 1729/3258/151 1624/3260/2223 1491/3212/4120 1721/3210/5554
f 1761/2617/4748 1759/2580/5449 1697/2606/1050 1694/2647/360
f 1695/2699/1045 1696/2679/2497 1757/2807/345 1755/2795/2437
f 1759/2580/5449 626/2553/1753 570/2572/4764 1697/2606/1050
f 1732/3230/1525 1733/3216/4521 1630/3130/816 1631/3144/5303
f 1625/3276/1620 1624/3260/2223 1729/3258/151 1627/3272/4539
f 1681/3170/2047 1682/3156/1356 1496/3126/5083 1497/3142/1320
f 1497/3142/4852 1500/3080/1918 1498/3086/1842 1725/3150/1843
f 1675/3290/1701 1676/3280/1016 1370/3246/3996 1371/3256/294
f 1261/3112/713 1496/3126/5083 1682/3156/1356 1671/3136/710
f 1673/3114/568 1691/3094/4982 1262/3088/5661 1263/3098/562
f 1260/3138/4258 1137/3120/3484 1690/3104/2691 1672/3128/4253
f 1671/3136/710 1673/3114/5772 1263/3098/2088 1261/3112/713
f 1627/3272/4539 1727/3252/2272 1688/3248/3869 1686/3264/1613
f 1700/2857/1063 1704/2845/2517 1708/2815/374 1698/2825/1786
f 1697/2606/5119 1715/2619/1393 1712/2663/5122 1694/2647/1396
f 1696/2679/1062 1714/2655/3309 599/2613/3308 569/2657/4049
f 567/2953/5473 601/2906/4770 1707/2870/4772 1703/2894/4771
f 1699/2777/4428 1709/2801/2123 1705/2827/3668 1701/2803/730
f 1692/2683/2843 1716/2689/5123 1718/2723/5124 1688/2715/5124
f 1702/2809/16 1706/2839/17 602/2858/2122 568/2820/1392
f 1687/3254/218 1686/3264/1613 1688/3248/3869 1689/3242/3041
f 1685/3270/1765 1684/3278/1040 1686/3264/327 1687/3254/1009
f 1681/3170/2047 1680/3180/645 1683/3160/5782 1682/3156/1356
f 1678/3188/4148 1679/3196/4147 1680/3180/1184 1681/3170/503
f 1675/3290/1701 1674/3298/3953 1677/3282/1015 1676/3280/1016
f 1668/3302/846 1669/3306/2984 1674/3298/3802 1675/3290/4557
f 1673/3114/568 1672/3128/4253 1690/3104/2691 1691/3094/4982
f 1671/3136/710 1670/3154/2835 1672/3128/5082 1673/3114/5772
f 1670/3154/2835 1671/3136/710 1682/3156/1356 1683/3160/5782
f 1684/3278/1040 1685/3270/1765 1676/3280/1016 1677/3282/1015
f 1695/2699/3311 1713/2681/3312 1714/2655/3309 1696/2679/1062
f 1668/3302/846 1675/3290/4557 1371/3256/1539 1154/3274/3799
f 1705/2827/5809 1704/2845/5810 1707/2870/721 1706/2839/2112
f 1709/2801/5813 1708/2815/1380 1704/2845/5810 1705/2827/5809
f 1711/2761/5110 1710/2771/5110 1708/2815/1380 1709/2801/5813
f 1713/2681/361 1712/2663/1044 1715/2619/2496 1714/2655/1051
f 1717/2703/3301 1716/2689/2493 1712/2663/1044 1713/2681/361
f 1719/2727/1049 1718/2723/1049 1716/2689/2493 1717/2703/3301
f 1714/2655/1051 1715/2619/2496 600/2583/4762 599/2613/4041
f 1706/2839/2112 1707/2870/721 601/2906/5113 602/2858/4420
f 1678/3188/4148 1710/3206/2839 1711/3208/2839 1679/3196/4147
f 570/2572/1391 600/2583/1390 1715/2619/1393 1697/2606/5119
f 1693/2711/373 1717/2703/2515 1713/2681/3312 1695/2699/3311
f 1679/2743/2124 1711/2761/2124 1709/2801/2123 1699/2777/4428
f 1701/2803/730 1705/2827/3668 1706/2839/17 1702/2809/16
f 1694/2647/1396 1712/2663/5122 1716/2689/5123 1692/2683/2843
f 1698/2825/1786 1708/2815/374 1710/2771/1064 1678/2783/1064
f 1688/3248/1385 1718/3236/1385 1719/3234/1385 1689/3242/1385
f 1703/2894/4771 1707/2870/4772 1704/2845/2517 1700/2857/1063
f 1689/2735/4776 1719/2727/4776 1717/2703/2515 1693/2711/373
f 1728/3226/759 1721/3210/5554 1495/3192/437 1720/3204/2623 1722/3218/5518
f 1723/3176/4171 1497/3142/4852 1725/3150/1843 1724/3200/3695 1726/3182/1824
f 1727/3252/2272 1627/3272/4539 1729/3258/151 1728/3226/759 1730/3250/801
f 1724/3200/3695 1733/3216/4521 1732/3230/1525 1731/3228/5294 1734/3222/797
f 1742/2598/509 1743/2625/4933 620/2590/4931 619/2571/4212
f 1743/2625/5756 1741/2677/4403 618/2656/2821 620/2590/1328
f 1751/2833/4227 1752/2841/4229 1726/2797/525 1724/2781/525
f 1752/2841/660 1750/2843/5793 1723/2799/3638 1726/2797/5754
f 1744/2912/5262 1758/2860/5261 625/2899/2995 621/2966/3812
f 1758/2860/2394 1757/2807/345 624/2823/5455 625/2899/4713
f 1735/2673/3831 1764/2659/876 1730/2691/1572 1728/2693/1572
f 1764/2659/1709 1763/2665/1755 1727/2697/5453 1730/2691/5401
f 1728/2693/1945 1722/2709/1945 1737/2687/4939 1735/2673/5635
f 1722/2709/662 1720/2725/2100 1736/2721/1365 1737/2687/5057
f 1735/2673/5635 1737/2687/4939 1740/2667/1202 1738/2629/511
f 1737/2687/5057 1736/2721/1365 1739/2695/5795 1740/2667/2066
f 1738/2629/511 1740/2667/1202 1743/2625/4933 1742/2598/509
f 1740/2667/2066 1739/2695/5795 1741/2677/4403 1743/2625/5756
f 621/2966/2679 623/2979/1227 1746/2944/4954 1744/2912/537
f 623/2979/2072 622/2980/3647 1745/2948/2822 1746/2944/1329
f 1744/2912/537 1746/2944/4954 1749/2878/5645 1747/2862/3457
f 1746/2944/1329 1745/2948/2822 1748/2882/3643 1749/2878/5755
f 1747/2862/3457 1749/2878/5645 1752/2841/4229 1751/2833/4227
f 1749/2878/5755 1748/2882/3643 1750/2843/5793 1752/2841/660
f 1724/2781/3011 1734/2767/3011 1754/2811/1562 1751/2833/5276
f 1734/2767/989 1731/2755/5452 1753/2769/4009 1754/2811/3139
f 1751/2833/5276 1754/2811/1562 1756/2835/174 1747/2862/3000
f 1754/2811/3139 1753/2769/4009 1755/2795/2437 1756/2835/2390
f 1747/2862/3000 1756/2835/174 1758/2860/5261 1744/2912/5262
f 1756/2835/2390 1755/2795/2437 1757/2817/345 1758/2860/2394
f 619/2571/884 627/2562/885 1760/2582/5293 1742/2598/4595
f 627/2562/5407 626/2553/1753 1759/2580/5449 1760/2582/307
f 1742/2598/4595 1760/2582/5293 1762/2615/2267 1738/2629/2269
f 1760/2582/307 1759/2580/5449 1761/2617/4748 1762/2615/5402
f 1738/2629/2269 1762/2615/2267 1764/2659/876 1735/2673/3831
f 1762/2615/5402 1761/2617/4748 1763/2665/1755 1764/2659/1709
f 1491/3212/4120 1493/3194/1936 1495/3192/437 1721/3210/5554
f 1776/2633/2923 1774/2669/2237 1778/2896/841 1779/2934/793
f 1796/4503/3651 1807/4528/5805 1808/4550/2104 1791/4630/1373 1782/4664/2087 1799/4514/697
f 1779/2934/793 1780/2961/5201 1612/3032/5202 1613/3034/1575
f 1765/2621/5117 1767/2596/1136 1477/2610/5572 1766/2639/1917 1768/2623/1845
f 1769/2868/1172 1772/2886/5570 1771/2928/440 1770/2914/4431 1773/2888/419
f 1774/2669/2237 1776/2633/2923 1775/2612/5196 1765/2621/5117 1777/2643/2906
f 1770/2914/4431 1780/2961/5201 1779/2934/793 1778/2896/841 1781/2916/2907
f 1765/4712/1947 1768/4702/1947 1784/4686/1947 1783/4696/1947
f 1768/4702/5759 1766/4676/4393 1782/4664/2087 1784/4686/5745
f 1785/4388/488 1786/4324/488 1773/4282/488 1770/4342/488
f 1769/4426/5086 1798/4424/2801 1799/4514/697 1782/4664/2087 1766/4676/4393
f 1774/4716/1043 1787/4704/1766 1803/4684/1768 1804/4650/1035 1778/4694/1037
f 1801/4467/2285 1785/4388/2285 1770/4342/2285 1781/4522/2285
f 1774/4716/5375 1777/4718/5375 1788/4706/2297 1787/4704/2315
f 1777/4718/4519 1765/4712/4519 1783/4696/4519 1788/4706/4519
f 1473/2512/5569 1475/2510/513 1477/2610/5572 1767/2596/1136
f 1793/4598/1781 692/4495/4768 693/4504/2875 1811/4608/2168
f 1796/4503/3651 713/4453/2102 718/4460/689 1807/4528/5805
f 1788/4706/2297 1795/4692/2942 1794/4690/3055 1787/4704/2315
f 1793/4598/1781 1811/4608/2168 1812/4648/2119 1794/4690/2119 1795/4692/2942 1789/4680/4788 1790/4656/4809 1791/4630/2119 1808/4550/2119 1806/4588/2558 1792/4590/2864
f 1782/4664/2087 1791/4630/3558 1790/4656/3558 1784/4686/5745
f 1801/4467/3990 1781/4522/4726 1778/4694/1037 1804/4650/1035
f 1806/4588/2558 719/4479/4812 691/4481/3706 1792/4590/2864
f 1783/4696/2525 1789/4680/4788 1795/4692/2942 1788/4706/2297
f 1784/4686/1881 1790/4656/4809 1789/4680/4788 1783/4696/2525
f 1786/4324/2776 1797/4296/5041 1798/4424/2801 1769/4426/5086 1773/4282/2776
f 1801/4467/3682 716/4488/3681 690/4480/12 1785/4388/13
f 1785/4388/13 690/4480/12 689/4463/410 1786/4324/1841
f 1792/4590/2864 691/4481/3706 692/4495/4768 1793/4598/1781
f 1796/4503/3651 1799/4514/697 1798/4424/2801 1797/4296/5041 1800/4380/2809
f 1801/4467/3990 1804/4650/1035 1803/4684/1768 1802/4678/357 1805/4586/1025
f 1806/4588/4327 1808/4550/2104 1809/4556/1321
f 1809/4556/1321 1808/4550/2104 1807/4528/5805
f 1810/4674/1034 1812/4648/4014 1813/4634/3957
f 1813/4634/3957 1812/4648/4014 1811/4608/3116
f 715/4511/4010 717/4505/317 1805/4586/1025 1802/4678/357
f 717/4505/919 716/4488/1633 1801/4467/229 1805/4586/229
f 718/4460/689 720/4476/5049 1809/4556/1321 1807/4528/5805
f 720/4476/3409 719/4479/4812 1806/4588/2558 1809/4556/5600
f 693/4504/2875 722/4506/1495 1813/4634/796 1811/4608/2168
f 722/4506/3132 721/4512/5451 1810/4674/1034 1813/4634/3957
f 1796/4503/3651 1800/4380/2809 714/4445/1340 713/4453/2102
f 1800/4380/2705 1797/4296/1233 712/4452/1180 714/4445/2704
f 1786/4324/1841 689/4463/410 712/4452/1180 1797/4296/1233
f 1815/570/2 1820/552/2 1822/334/2 1817/266/2
f 1814/360/5 1815/570/5 1817/266/5 1818/238/5
f 1443/722/4389 1815/570/669 1814/360/3620 1440/446/3620
f 1580/686/11 1819/666/3661 1816/738/4421 1446/760/11
f 1440/446/2507 1814/360/2507 1818/238/2507 1574/114/2507
f 1446/760/2811 1816/738/665 1815/570/669 1443/722/4389
f 2191/680/1479 2210/646/2890 2205/650/430 2187/684/1833
f 1817/266/1007 1822/334/996 1823/640/996 1819/642/1732
f 1816/738/665 1821/726/2763 1820/552/2763 1815/570/669
f 1819/666/3661 1823/648/3656 1821/726/3656 1816/738/4421
f 1824/196/1091 1840/246/3353 1849/236/66 1833/186/3726
f 1825/224/2153 2000/204/1819 2002/198/4814 1828/214/1422
f 2197/456/2159 2202/500/1856 2213/492/1457
f 1821/726/1305 2188/724/1305 2186/678/1305 2182/586/1305 2183/550/1305 1820/552/1305
f 1844/260/5677 1860/310/3466 1857/316/3464 1841/274/3503
f 1832/136/275 1848/190/2343 1853/66/2344 1837/34/276
f 1837/34/4674 2004/36/4699 2008/108/2382 1832/136/3105
f 2196/416/2377 2214/464/3950 2209/604/3956 2192/600/1702
f 1852/182/1458 1868/216/3709 1861/252/4816 1845/210/5523
f 1828/214/5685 1844/260/5677 1841/274/3503 1825/224/4995
f 1836/150/2900 1852/182/1458 1845/210/5523 1829/166/1825
f 1829/166/2247 2005/132/3826 1836/150/1581
f 1864/242/3894 1880/292/226 1885/154/918 1869/104/2317
f 1840/246/3353 1856/306/2545 1865/282/1450 1849/236/66
f 1848/190/2343 1864/242/3894 1869/104/2317 1853/66/2344
f 1860/310/3466 1876/362/495 1873/378/492 1857/316/3464
f 1884/254/2874 1900/288/4451 1893/344/1803 1877/300/5504
f 1876/362/495 1892/408/4878 1889/420/4142 1873/378/492
f 1868/216/3709 1884/254/2874 1877/300/5504 1861/252/4816
f 1856/306/2545 1872/364/2539 1881/338/1446 1865/282/1450
f 1900/288/4451 1916/328/4444 1909/392/3319 1893/344/1803
f 1872/364/2539 1888/414/5493 1897/390/2154 1881/338/1446
f 1880/292/226 1896/350/883 1901/200/1588 1885/154/918
f 1892/408/4878 1908/470/3341 1905/482/5513 1889/420/4142
f 1912/402/2976 1928/462/3755 1933/304/791 1917/244/5249
f 1888/414/5493 1904/476/4058 1913/450/4443 1897/390/2154
f 1896/350/883 1912/402/2976 1917/244/5249 1901/200/1588
f 1908/470/3341 1924/526/2147 1921/536/5147 1905/482/5513
f 1932/376/5130 1948/426/3665 1941/496/5128 1925/440/4424
f 1924/526/2147 1940/576/4498 1937/588/2924 1921/536/5147
f 1916/328/4444 1932/376/5130 1925/440/4424 1909/392/3319
f 1904/476/4058 1920/528/2117 1929/508/1409 1913/450/4443
f 1936/574/1407 1952/606/25 1961/598/4055 1945/556/15
f 1920/528/2117 1936/574/1407 1945/556/15 1929/508/1409
f 1928/462/3755 1944/524/2862 1949/368/5150 1933/304/791
f 1940/576/4498 1956/622/60 1953/630/1455 1937/588/2924
f 1960/590/4070 1976/712/5495 1981/706/3325 1965/448/4803
f 1944/524/2862 1960/590/4070 1965/448/4803 1949/368/5150
f 1956/622/60 1972/656/1793 1969/672/1069 1953/630/1455
f 1948/426/3665 1964/516/377 1957/540/1405 1941/496/5128
f 1968/698/1059 1984/3680/774 1997/3676/75 1977/704/375
f 1972/656/1793 1988/3686/2510 1985/3682/2848 1969/672/1069
f 1964/516/377 1980/668/1787 1973/682/3306 1957/540/1405
f 1952/606/25 1968/698/1059 1977/704/375 1961/598/4055
f 1996/3698/2132 2022/3722/4452 2019/3760/1788 1993/3702/4046
f 1976/712/5495 1996/3698/2132 1993/3702/4046 1981/706/3325
f 1988/3686/2510 2014/3730/4057 2011/3708/2861 1985/3682/2848
f 1980/668/1787 1992/3688/1815 1989/3692/1813 1973/682/3306
f 1822/334/155 2198/340/1441 2196/416/5222 2192/600/2944 2193/638/1442 1823/640/155
f 2014/3730/4057 2030/3764/385 2027/3744/2872 2011/3708/2861
f 2175/122/2149 2177/76/2149 2005/132/2149
f 2179/72/1683 2008/108/957 2004/36/5380 2176/14/284
f 2205/2922/4159 2210/2924/4159 2212/2920/4159 2211/2905/4159 2209/2892/4159 2214/2793/4159 2216/2775/4159 2215/2759/4159 2213/2751/4159 2202/2747/4159 2204/2757/4159 2203/2773/4159 2201/2791/4159 2206/2890/4159 2208/2903/4159 2207/2918/4159
f 2186/678/4320 2206/636/5025 2201/562/3567 2182/586/4321
f 1823/648/4113 2193/644/1442 2191/680/4840 2187/684/2578 2188/724/3387 1821/726/4113
f 2022/3722/4452 2038/3750/2879 2035/3788/381 2019/3760/1788
f 2173/164/2014 2002/198/2732 2000/204/1279 2170/168/2730
f 1992/3688/1815 2018/3740/439 2015/3732/4126 1989/3692/1813
f 1984/3680/774 2010/3716/1538 2023/3724/2980 1997/3676/75
f 2034/3790/5591 2050/3828/497 2047/3804/498 2031/3770/457
f 2030/3764/385 2046/3794/1804 2043/3772/64 2027/3744/2872
f 2018/3740/439 2034/3790/5591 2031/3770/457 2015/3732/4126
f 2010/3716/1538 2026/3756/4613 2039/3758/897 2023/3724/2980
f 2054/3774/4476 2070/3810/5180 2067/3854/3321 2051/3806/4787
f 2026/3756/4613 2042/3786/5336 2055/3782/235 2039/3758/897
f 2038/3750/2879 2054/3774/4476 2051/3806/4787 2035/3788/381
f 2046/3794/1804 2062/3834/4071 2059/3812/3718 2043/3772/64
f 2078/3898/395 2094/3954/5519 2091/3936/3737 2075/3876/4478
f 2062/3834/4071 2078/3898/395 2075/3876/4478 2059/3812/3718
f 2050/3828/497 2066/3864/1220 2063/3856/4232 2047/3804/498
f 2042/3786/5336 2058/3824/269 2071/3822/3926 2055/3782/235
f 2082/3922/2702 2098/3970/1995 2095/3962/2717 2079/3912/3493
f 2066/3864/1220 2082/3922/2702 2079/3912/3493 2063/3856/4232
f 2058/3824/269 2074/3890/3942 2087/3886/3117 2071/3822/3926
f 2070/3810/5180 2086/3874/1481 2083/3900/4065 2067/3854/3321
f 2098/3970/1995 2114/4048/3522 2111/4040/4288 2095/3962/2717
f 2074/3890/3942 2090/3950/4700 2103/3946/1703 2087/3886/3117
f 2086/3874/1481 2102/3934/2913 2099/3942/4805 2083/3900/4065
f 2094/3954/5519 2110/4030/3357 2107/4010/3735 2091/3936/3737
f 2114/4048/3522 2130/4150/2760 2127/4128/4330 2111/4040/4288
f 2090/3950/4700 2106/4022/312 2119/4016/311 2103/3946/1703
f 2102/3934/2913 2118/4000/2912 2115/4004/4076 2099/3942/4805
f 2110/4030/3357 2126/4118/5562 2123/4082/1451 2107/4010/3735
f 2130/4150/2760 2146/4232/2812 2143/4222/1360 2127/4128/4330
f 2106/4022/312 2122/4076/285 2135/4068/4689 2119/4016/311
f 2118/4000/2912 2134/4074/2904 2131/4100/3379 2115/4004/4076
f 2126/4118/5562 2142/4212/5605 2139/4152/387 2123/4082/1451
f 2138/4144/4619 2155/4190/836 2166/4186/4541 2151/4138/4622
f 2122/4076/285 2138/4144/4619 2151/4138/4622 2135/4068/4689
f 2134/4074/2904 2150/4140/5468 2147/4174/1893 2131/4100/3379
f 2142/4212/5605 2159/4246/4901 2154/4198/1854 2139/4152/387
f 2150/4140/5468 2167/4178/1107 2162/4210/3400 2147/4174/1893
f 2154/2719/2708 2159/2570/2708 2161/2566/2708 2160/2561/2708 2158/2557/2708 2163/2555/2708 2165/2559/2708 2164/2564/2708 2162/2568/2708 2167/2713/2708 2169/2731/2708 2168/2737/2708 2166/2741/2708 2155/2745/2708 2157/2739/2708 2156/2733/2708
f 2146/4232/2812 2163/4268/2836 2158/4262/5806 2143/4222/1360
f 2181/96/747 2171/128/747 2007/160/747
f 1669/3318/48 1171/3320/758 1137/3332/46 1690/3330/48
f 1171/3320/758 1153/3324/45 1257/3342/5152 1137/3332/46
f 1153/3324/45 1170/3344/5145 1254/3350/5146 1257/3342/5152
f 1170/3344/5145 1152/3354/32 1251/3362/33 1254/3350/5146
f 1152/3354/32 1169/3368/3680 1136/3370/2137 1251/3362/33
f 1169/3368/3680 1357/3394/4434 1129/3400/4435 1136/3370/2137
f 1357/3394/4434 1168/3480/1399 1244/3490/19 1129/3400/4435
f 1168/3480/1399 1151/3600/2118 1241/3602/14 1244/3490/19
f 1151/3600/2118 1350/3726/1782 1238/3728/1058 1241/3602/14
f 1350/3726/1782 1347/3996/372 1235/3990/2513 1238/3728/1058
f 1347/3996/372 1167/4228/1066 1232/4220/378 1235/3990/2513
f 1167/4228/1066 1150/4374/1794 1229/4364/1795 1232/4220/378
f 1150/4374/1794 1340/4490/4796 1135/4473/2530 1229/4364/1795
f 1340/4490/4796 1149/4576/5497 1224/4546/3331 1135/4473/2530
f 1149/4576/5497 1335/4632/1086 1134/4612/2540 1224/4546/3331
f 1335/4632/1086 1332/4698/5510 1219/4688/397 1134/4612/2540
f 1332/4698/5510 1166/4720/4081 1133/4710/4815 1219/4688/397
f 1166/4720/4081 1327/4736/1829 1128/4726/1093 1133/4710/4815
f 1327/4736/1829 1165/4742/3347 1212/4730/2550 1128/4726/1093
f 1165/4742/3347 1148/4746/2551 1127/4738/2552 1212/4730/2550
f 1148/4746/2551 1164/4744/1831 1207/4734/1832 1127/4738/2552
f 1164/4744/1831 1147/4740/5515 1204/4728/5516 1207/4734/1832
f 1147/4740/5515 1316/4732/2547 1201/4724/3343 1204/4728/5516
f 1316/4732/2547 1146/4722/398 1181/4714/399 1201/4724/3343
f 1146/4722/398 1160/4708/3336 1178/4700/3336 1181/4714/399
f 1160/4708/3336 1143/4682/1089 1126/4658/1088 1178/4700/3336
f 1143/4682/1089 1161/4610/4072 1187/4596/2536 1126/4658/1088
f 1161/4610/4072 1304/4548/3323 1183/4538/1802 1187/4596/2536
f 1304/4548/3323 1163/4487/4791 1198/4469/5486 1183/4538/1802
f 1163/4487/4791 1145/4392/3314 1195/4386/4056 1198/4469/5486
f 1145/4392/3314 1162/4310/2509 1132/4302/5470 1195/4386/4056
f 1162/4310/2509 1144/4114/1388 1189/4116/1387 1132/4302/5470
f 1144/4114/1388 1402/3984/22 1141/3992/3671 1189/4116/1387
f 1402/3984/22 1159/3808/3674 1293/3830/1404 1141/3992/3671
f 1159/3808/3674 1173/3670/2135 1140/3700/26 1293/3830/1404
f 1173/3670/2135 1158/3638/27 1131/3652/4441 1140/3700/26
f 1158/3638/27 1392/3532/2143 1286/3550/2142 1131/3652/4441
f 1392/3532/2143 1389/3478/2857 1283/3500/2857 1286/3550/2142
f 1389/3478/2857 1172/3410/3688 1139/3430/4445 1283/3500/2857
f 1172/3410/3688 1157/3384/749 1278/3392/1420 1139/3430/4445
f 1157/3384/749 1382/3366/1423 1138/3372/2863 1278/3392/1420
f 1382/3366/1423 1156/3356/1426 1130/3364/1425 1138/3372/2863
f 1156/3356/1426 1377/3348/3692 1271/3352/3692 1130/3364/1425
f 1377/3348/3692 1155/3336/755 1268/3346/5153 1271/3352/3692
f 1155/3336/755 1372/3322/1434 1265/3338/1437 1268/3346/5153
f 1372/3322/1434 1154/3314/1439 1262/3326/3698 1265/3338/1437
f 1154/3314/1439 1668/3316/2871 1691/3328/2871 1262/3326/3698
f 1825/224/2153 1827/222/117 2001/192/1483 2000/204/1819
f 1827/222/117 1826/212/3781 2007/160/1567 2001/192/1483
f 1826/212/3781 1824/196/2987 2007/160/1567
f 1833/186/191 1835/172/5311 2007/160/1567
f 1835/172/5311 1834/158/3882 2009/124/4641 2007/160/1567
f 1834/158/3882 1832/136/3105 2008/108/2382 2009/124/4641
f 2002/198/4814 2003/180/4489 1830/206/3760 1828/214/1422
f 2003/180/4489 2005/132/3826 1831/188/3782 1830/206/3760
f 2005/132/3826 1829/166/2247 1831/188/3782
f 1837/34/4674 1839/22/5328 2006/24/5338 2004/36/4699
f 1839/100/5328 1838/126/3866 2005/132/3826 2006/88/5338
f 1838/126/3866 1836/150/1581 2005/132/3826
f 1836/150/2900 1838/126/873 1854/162/5272 1852/182/1458
f 1838/126/873 1839/100/243 1855/134/5337 1854/162/5272
f 1839/22/243 1837/34/276 1853/66/2344 1855/54/5337
f 1849/236/66 1851/220/5265 1835/172/1570 1833/186/3726
f 1851/220/5265 1850/208/234 1834/158/1644 1835/172/1570
f 1850/208/234 1848/190/2343 1832/136/275 1834/158/1644
f 1841/274/3503 1843/272/2684 1827/222/4983 1825/224/4995
f 1843/272/2684 1842/268/4170 1826/212/3410 1827/222/4983
f 1842/268/4170 1840/246/3353 1824/196/1091 1826/212/3410
f 1845/210/5523 1847/234/4168 1831/188/5602 1829/166/1825
f 1847/234/4168 1846/248/550 1830/206/4257 1831/188/5602
f 1846/248/550 1844/260/5677 1828/214/5685 1830/206/4257
f 1848/190/2343 1850/208/234 1866/256/224 1864/242/3894
f 1850/208/234 1851/220/5265 1867/270/4549 1866/256/224
f 1851/220/5265 1849/236/66 1865/282/1450 1867/270/4549
f 1857/316/3464 1859/318/517 1843/272/2684 1841/274/3503
f 1859/318/517 1858/314/448 1842/268/4170 1843/272/2684
f 1858/314/448 1856/306/2545 1840/246/3353 1842/268/4170
f 1861/252/4816 1863/280/2602 1847/234/4168 1845/210/5523
f 1863/280/2602 1862/296/2663 1846/248/550 1847/234/4168
f 1862/296/2663 1860/310/3466 1844/260/5677 1846/248/550
f 1869/104/2317 1871/90/1630 1855/54/5337 1853/66/2344
f 1871/170/1630 1870/194/5251 1854/162/5272 1855/134/5337
f 1870/194/5251 1868/216/3709 1852/182/1458 1854/162/5272
f 1860/310/3466 1862/296/2663 1878/346/1910 1876/362/495
f 1862/296/2663 1863/280/2602 1879/322/4868 1878/346/1910
f 1863/280/2602 1861/252/4816 1877/300/5504 1879/322/4868
f 1885/154/918 1887/130/1609 1871/90/1630 1869/104/2317
f 1887/202/1609 1886/230/1522 1870/194/5251 1871/170/1630
f 1886/230/1522 1884/254/2874 1868/216/3709 1870/194/5251
f 1881/338/1446 1883/320/819 1867/270/4549 1865/282/1450
f 1883/320/819 1882/308/3849 1866/256/224 1867/270/4549
f 1882/308/3849 1880/292/226 1864/242/3894 1866/256/224
f 1873/378/492 1875/382/1166 1859/318/517 1857/316/3464
f 1875/382/1166 1874/372/4135 1858/314/448 1859/318/517
f 1874/372/4135 1872/364/2539 1856/306/2545 1858/314/448
f 1880/292/226 1882/308/3849 1898/366/4574 1896/350/883
f 1882/308/3849 1883/320/819 1899/384/114 1898/366/4574
f 1883/320/819 1881/338/1446 1897/390/2154 1899/384/114
f 1889/420/4142 1891/430/1134 1875/382/1166 1873/378/492
f 1891/430/1134 1890/424/5534 1874/372/4135 1875/382/1166
f 1890/424/5534 1888/414/5493 1872/364/2539 1874/372/4135
f 1893/344/1803 1895/380/4109 1879/322/4868 1877/300/5504
f 1895/380/4109 1894/398/4137 1878/346/1910 1879/322/4868
f 1894/398/4137 1892/408/4878 1876/362/495 1878/346/1910
f 1901/200/1588 1903/174/1563 1887/130/1609 1885/154/918
f 1903/232/1563 1902/258/5207 1886/230/1522 1887/202/1609
f 1902/258/5207 1900/288/4451 1884/254/2874 1886/230/1522
f 1896/350/883 1898/366/4574 1914/418/1517 1912/402/2976
f 1898/366/4574 1899/384/114 1915/432/5187 1914/418/1517
f 1899/384/114 1897/390/2154 1913/450/4443 1915/432/5187
f 1905/482/5513 1907/488/1818 1891/430/1134 1889/420/4142
f 1907/488/1818 1906/486/4806 1890/424/5534 1891/430/1134
f 1906/486/4806 1904/476/4058 1888/414/5493 1890/424/5534
f 1909/392/3319 1911/422/4808 1895/380/4109 1893/344/1803
f 1911/422/4808 1910/452/4818 1894/398/4137 1895/380/4109
f 1910/452/4818 1908/470/3341 1892/408/4878 1894/398/4137
f 1917/244/5249 1919/226/3775 1903/174/1563 1901/200/1588
f 1919/264/3775 1918/294/3746 1902/258/5207 1903/232/1563
f 1918/294/3746 1916/328/4444 1900/288/4451 1902/258/5207
f 1908/470/3341 1910/452/4818 1926/510/4442 1924/526/2147
f 1910/452/4818 1911/422/4808 1927/478/4433 1926/510/4442
f 1911/422/4808 1909/392/3319 1925/440/4424 1927/478/4433
f 1933/304/791 1935/278/95 1919/226/3775 1917/244/5249
f 1935/302/95 1934/332/4464 1918/294/3746 1919/264/3775
f 1934/332/4464 1932/376/5130 1916/328/4444 1918/294/3746
f 1929/508/1409 1931/498/3707 1915/432/5187 1913/450/4443
f 1931/498/3707 1930/480/4488 1914/418/1517 1915/432/5187
f 1930/480/4488 1928/462/3755 1912/402/2976 1914/418/1517
f 1921/536/5147 1923/532/745 1907/488/1818 1905/482/5513
f 1923/532/745 1922/534/737 1906/486/4806 1907/488/1818
f 1922/534/737 1920/528/2117 1904/476/4058 1906/486/4806
f 1928/462/3755 1930/480/4488 1946/538/2141 1944/524/2862
f 1930/480/4488 1931/498/3707 1947/548/24 1946/538/2141
f 1931/498/3707 1929/508/1409 1945/556/15 1947/548/24
f 1937/588/2924 1939/566/4491 1923/532/745 1921/536/5147
f 1939/566/4491 1938/572/1454 1922/534/737 1923/532/745
f 1938/572/1454 1936/574/1407 1920/528/2117 1922/534/737
f 1941/496/5128 1943/522/5160 1927/478/4433 1925/440/4424
f 1943/522/5160 1942/560/5189 1926/510/4442 1927/478/4433
f 1942/560/5189 1940/576/4498 1924/526/2147 1926/510/4442
f 1949/368/5150 1951/342/2859 1935/278/95 1933/304/791
f 1951/354/2859 1950/388/2849 1934/332/4464 1935/302/95
f 1950/388/2849 1948/426/3665 1932/376/5130 1934/332/4464
f 1936/574/1407 1938/572/1454 1954/602/1440 1952/606/25
f 1938/572/1454 1939/566/4491 1955/594/764 1954/602/1440
f 1939/566/4491 1937/588/2924 1953/630/1455 1955/594/764
f 1957/540/1405 1959/568/1419 1943/522/5160 1941/496/5128
f 1959/568/1419 1958/610/4457 1942/560/5189 1943/522/5160
f 1958/610/4457 1956/622/60 1940/576/4498 1942/560/5189
f 1965/448/4803 1967/484/390 1951/342/2859 1949/368/5150
f 1967/428/390 1966/474/1797 1950/388/2849 1951/354/2859
f 1966/474/1797 1964/516/377 1948/426/3665 1950/388/2849
f 1961/598/4055 1963/596/4797 1947/548/24 1945/556/15
f 1963/596/4797 1962/584/3330 1946/538/2141 1947/548/24
f 1962/584/3330 1960/590/4070 1944/524/2862 1946/538/2141
f 1956/622/60 1958/610/4457 1974/700/3320 1972/656/1793
f 1958/610/4457 1959/568/1419 1975/694/3318 1974/700/3320
f 1959/568/1419 1957/540/1405 1973/682/3306 1975/694/3318
f 1981/706/3325 1983/702/4066 1967/484/390 1965/448/4803
f 1983/632/4066 1982/660/1796 1966/474/1797 1967/428/390
f 1982/660/1796 1980/668/1787 1964/516/377 1966/474/1797
f 1977/704/375 1979/716/4792 1963/596/4797 1961/598/4055
f 1979/716/4792 1978/718/2533 1962/584/3330 1963/596/4797
f 1978/718/2533 1976/712/5495 1960/590/4070 1962/584/3330
f 1969/672/1069 1971/688/1789 1955/594/764 1953/630/1455
f 1971/688/1789 1970/710/2512 1954/602/1440 1955/594/764
f 1970/710/2512 1968/698/1059 1952/606/25 1954/602/1440
f 1968/698/1059 1970/710/2512 1986/3678/769 1984/3680/774
f 1970/710/2512 1971/688/1789 1987/3674/2865 1986/3678/769
f 1971/688/1789 1969/672/1069 1985/3682/2848 1987/3674/2865
f 1989/3692/1813 1991/3690/391 1975/694/3318 1973/682/3306
f 1991/3690/391 1990/3684/2528 1974/700/3320 1975/694/3318
f 1990/3684/2528 1988/3686/2510 1972/656/1793 1974/700/3320
f 1993/3702/4046 1995/3706/4790 1983/702/4066 1981/706/3325
f 1995/3668/4790 1994/3672/5494 1982/660/1796 1983/632/4066
f 1994/3672/5494 1992/3688/1815 1980/668/1787 1982/660/1796
f 1997/3676/75 1999/3694/1459 1979/716/4792 1977/704/375
f 1999/3694/1459 1998/3696/754 1978/718/2533 1979/716/4792
f 1998/3696/754 1996/3698/2132 1976/712/5495 1978/718/2533
f 1988/3686/2510 1990/3684/2528 2016/3734/1834 2014/3730/4057
f 1990/3684/2528 1991/3690/391 2017/3736/4117 2016/3734/1834
f 1991/3690/391 1989/3692/1813 2015/3732/4126 2017/3736/4117
f 2019/3760/1788 2021/3762/4085 1995/3706/4790 1993/3702/4046
f 2021/3738/4085 2020/3742/4116 1994/3672/5494 1995/3668/4790
f 2020/3742/4116 2018/3740/439 1992/3688/1815 1994/3672/5494
f 2023/3724/2980 2025/3710/150 1999/3694/1459 1997/3676/75
f 2025/3710/150 2024/3714/788 1998/3696/754 1999/3694/1459
f 2024/3714/788 2022/3722/4452 1996/3698/2132 1998/3696/754
f 2011/3708/2861 2013/3712/98 1987/3674/2865 1985/3682/2848
f 2013/3712/98 2012/3720/2226 1986/3678/769 1987/3674/2865
f 2012/3720/2226 2010/3716/1538 1984/3680/774 1986/3678/769
f 2014/3730/4057 2016/3734/1834 2032/3766/1114 2030/3764/385
f 2016/3734/1834 2017/3736/4117 2033/3768/1882 2032/3766/1114
f 2017/3736/4117 2015/3732/4126 2031/3770/457 2033/3768/1882
f 2035/3788/381 2037/3792/1109 2021/3762/4085 2019/3760/1788
f 2037/3802/1109 2036/3796/1141 2020/3742/4116 2021/3738/4085
f 2036/3796/1141 2034/3790/5591 2018/3740/439 2020/3742/4116
f 2039/3758/897 2041/3752/2268 2025/3710/150 2023/3724/2980
f 2041/3752/2268 2040/3746/813 2024/3714/788 2025/3710/150
f 2040/3746/813 2038/3750/2879 2022/3722/4452 2024/3714/788
f 2027/3744/2872 2029/3748/812 2013/3712/98 2011/3708/2861
f 2029/3748/812 2028/3754/1582 2012/3720/2226 2013/3712/98
f 2028/3754/1582 2026/3756/4613 2010/3716/1538 2012/3720/2226
f 2038/3750/2879 2040/3746/813 2056/3776/2982 2054/3774/4476
f 2040/3746/813 2041/3752/2268 2057/3780/3053 2056/3776/2982
f 2041/3752/2268 2039/3758/897 2055/3782/235 2057/3780/3053
f 2043/3772/64 2045/3778/161 2029/3748/812 2027/3744/2872
f 2045/3778/161 2044/3784/914 2028/3754/1582 2029/3748/812
f 2044/3784/914 2042/3786/5336 2026/3756/4613 2028/3754/1582
f 2047/3804/498 2049/3800/5601 2033/3768/1882 2031/3770/457
f 2049/3800/5601 2048/3798/4130 2032/3766/1114 2033/3768/1882
f 2048/3798/4130 2046/3794/1804 2030/3764/385 2032/3766/1114
f 2051/3806/4787 2053/3814/435 2037/3792/1109 2035/3788/381
f 2053/3852/435 2052/3832/468 2036/3796/1141 2037/3802/1109
f 2052/3832/468 2050/3828/497 2034/3790/5591 2036/3796/1141
f 2046/3794/1804 2048/3798/4130 2064/3848/5575 2062/3834/4071
f 2048/3798/4130 2049/3800/5601 2065/3850/3436 2064/3848/5575
f 2049/3800/5601 2047/3804/498 2063/3856/4232 2065/3850/3436
f 2067/3854/3321 2069/3858/4872 2053/3814/435 2051/3806/4787
f 2069/3894/4872 2068/3878/2642 2052/3832/468 2053/3852/435
f 2068/3878/2642 2066/3864/1220 2050/3828/497 2052/3832/468
f 2071/3822/3926 2073/3820/3069 2057/3780/3053 2055/3782/235
f 2073/3820/3069 2072/3816/3018 2056/3776/2982 2057/3780/3053
f 2072/3816/3018 2070/3810/5180 2054/3774/4476 2056/3776/2982
f 2059/3812/3718 2061/3818/1564 2045/3778/161 2043/3772/64
f 2061/3818/1564 2060/3826/3068 2044/3784/914 2045/3778/161
f 2060/3826/3068 2058/3824/269 2042/3786/5336 2044/3784/914
f 2066/3864/1220 2068/3878/2642 2084/3924/527 2082/3922/2702
f 2068/3878/2642 2069/3894/4872 2085/3926/1886 2084/3924/527
f 2069/3858/4872 2067/3854/3321 2083/3900/4065 2085/3904/1886
f 2087/3886/3117 2089/3888/1671 2073/3820/3069 2071/3822/3926
f 2089/3888/1671 2088/3882/2276 2072/3816/3018 2073/3820/3069
f 2088/3882/2276 2086/3874/1481 2070/3810/5180 2072/3816/3018
f 2075/3876/4478 2077/3884/3836 2061/3818/1564 2059/3812/3718
f 2077/3884/3836 2076/3892/5357 2060/3826/3068 2061/3818/1564
f 2076/3892/5357 2074/3890/3942 2058/3824/269 2060/3826/3068
f 2079/3912/3493 2081/3908/4231 2065/3850/3436 2063/3856/4232
f 2081/3908/4231 2080/3902/5588 2064/3848/5575 2065/3850/3436
f 2080/3902/5588 2078/3898/395 2062/3834/4071 2064/3848/5575
f 2086/3874/1481 2088/3882/2276 2104/3938/210 2102/3934/2913
f 2088/3882/2276 2089/3888/1671 2105/3948/4680 2104/3938/210
f 2089/3888/1671 2087/3886/3117 2103/3946/1703 2105/3948/4680
f 2091/3936/3737 2093/3940/1592 2077/3884/3836 2075/3876/4478
f 2093/3940/1592 2092/3952/3112 2076/3892/5357 2077/3884/3836
f 2092/3952/3112 2090/3950/4700 2074/3890/3942 2076/3892/5357
f 2095/3962/2717 2097/3958/2692 2081/3908/4231 2079/3912/3493
f 2097/3958/2692 2096/3956/4176 2080/3902/5588 2081/3908/4231
f 2096/3956/4176 2094/3954/5519 2078/3898/395 2080/3902/5588
f 2099/3942/4805 2101/3944/1899 2085/3904/1886 2083/3900/4065
f 2101/3978/1899 2100/3972/3480 2084/3924/527 2085/3926/1886
f 2100/3972/3480 2098/3970/1995 2082/3922/2702 2084/3924/527
f 2102/3934/2913 2104/3938/210 2120/4008/4615 2118/4000/2912
f 2104/3938/210 2105/3948/4680 2121/4018/5373 2120/4008/4615
f 2105/3948/4680 2103/3946/1703 2119/4016/311 2121/4018/5373
f 2107/4010/3735 2109/4020/3857 2093/3940/1592 2091/3936/3737
f 2109/4020/3857 2108/4024/4682 2092/3952/3112 2093/3940/1592
f 2108/4024/4682 2106/4022/312 2090/3950/4700 2092/3952/3112
f 2111/4040/4288 2113/4036/5681 2097/3958/2692 2095/3962/2717
f 2113/4036/5681 2112/4034/4914 2096/3956/4176 2097/3958/2692
f 2112/4034/4914 2110/4030/3357 2094/3954/5519 2096/3956/4176
f 2115/4004/4076 2117/4002/4178 2101/3944/1899 2099/3942/4805
f 2117/4054/4178 2116/4050/5679 2100/3972/3480 2101/3978/1899
f 2116/4050/5679 2114/4048/3522 2098/3970/1995 2100/3972/3480
f 2118/4000/2912 2120/4008/4615 2136/4072/5291 2134/4074/2904
f 2120/4008/4615 2121/4018/5373 2137/4070/3094 2136/4072/5291
f 2121/4018/5373 2119/4016/311 2135/4068/4689 2137/4070/3094
f 2123/4082/1451 2125/4080/3830 2109/4020/3857 2107/4010/3735
f 2125/4080/3830 2124/4078/3900 2108/4024/4682 2109/4020/3857
f 2124/4078/3900 2122/4076/285 2106/4022/312 2108/4024/4682
f 2127/4128/4330 2129/4126/3555 2113/4036/5681 2111/4040/4288
f 2129/4126/3555 2128/4124/3461 2112/4034/4914 2113/4036/5681
f 2128/4124/3461 2126/4118/5562 2110/4030/3357 2112/4034/4914
f 2131/4100/3379 2133/4096/2670 2117/4002/4178 2115/4004/4076
f 2133/4158/2670 2132/4154/5009 2116/4050/5679 2117/4054/4178
f 2132/4154/5009 2130/4150/2760 2114/4048/3522 2116/4050/5679
f 2134/4074/2904 2136/4072/5291 2152/4136/3758 2150/4140/5468
f 2136/4072/5291 2137/4070/3094 2153/4134/871 2152/4136/3758
f 2137/4070/3094 2135/4068/4689 2151/4138/4622 2153/4134/871
f 2139/4152/387 2141/4146/4492 2125/4080/3830 2123/4082/1451
f 2141/4146/4492 2140/4142/2262 2124/4078/3900 2125/4080/3830
f 2140/4142/2262 2138/4144/4619 2122/4076/285 2124/4078/3900
f 2143/4222/1360 2145/4218/637 2129/4126/3555 2127/4128/4330
f 2145/4218/637 2144/4216/3509 2128/4124/3461 2129/4126/3555
f 2144/4216/3509 2142/4212/5605 2126/4118/5562 2128/4124/3461
f 2147/4174/1893 2149/4176/2714 2133/4096/2670 2131/4100/3379
f 2149/4258/2714 2148/4248/2774 2132/4154/5009 2133/4158/2670
f 2148/4248/2774 2146/4232/2812 2130/4150/2760 2132/4154/5009
f 2138/4144/4619 2140/4142/2262 2157/4192/789 2155/4190/836
f 2140/4142/2262 2141/4146/4492 2156/4194/4436 2157/4192/789
f 2141/4146/4492 2139/4152/387 2154/4198/1854 2156/4194/4436
f 2158/4262/5806 2160/4260/3592 2145/4218/637 2143/4222/1360
f 2160/4260/3592 2161/4254/1262 2144/4216/3509 2145/4218/637
f 2161/4254/1262 2159/4246/4901 2142/4212/5605 2144/4216/3509
f 2162/4210/3400 2164/4214/3510 2149/4176/2714 2147/4174/1893
f 2164/4280/3510 2165/4272/656 2148/4248/2774 2149/4258/2714
f 2165/4272/656 2163/4268/2836 2146/4232/2812 2148/4248/2774
f 2166/4186/4541 2168/4184/3757 2153/4134/871 2151/4138/4622
f 2168/4184/3757 2169/4180/2851 2152/4136/3758 2153/4134/871
f 2169/4180/2851 2167/4178/1107 2150/4140/5468 2152/4136/3758
f 2005/132/1962 2003/180/1962 2174/146/1962 2175/122/1962
f 2003/180/2728 2002/198/2732 2173/164/2014 2174/146/2728
f 2171/128/540 2172/156/540 2001/192/540 2007/160/540
f 2172/156/5002 2170/168/2730 2000/204/1279 2001/192/5002
f 2179/72/1683 2180/80/3937 2009/124/3937 2008/108/957
f 2180/80/3833 2181/96/3833 2007/160/3833 2009/124/3833
f 2004/36/5380 2006/24/1679 2178/4/1679 2176/14/284
f 2006/88/879 2005/132/879 2177/76/879 2178/60/879
f 1833/186/191 2007/160/1567 1824/196/2987
f 2197/456/2572 2183/550/1865 2184/514/1876
f 2184/514/1876 2183/550/1865 2185/554/476
f 2185/554/476 2183/550/1865 2182/586/4180
f 2186/678/5614 2188/724/3387 2189/690/1906
f 2189/690/1906 2188/724/3387 2190/692/2591
f 2190/692/2591 2188/724/3387 2187/684/2578
f 2191/680/4840 2193/644/1442 2194/662/3345
f 2194/662/3345 2193/644/1442 2195/634/4769
f 2195/612/4769 2193/638/1442 2192/600/2944
f 2196/416/5222 2198/340/1441 2199/404/1060
f 2199/404/1060 2198/340/1441 2200/412/402
f 2200/412/402 2198/340/1441 2197/456/2572
f 2205/650/430 2207/664/3454 2190/692/502 2187/684/1833
f 2207/664/3454 2208/658/1274 2189/690/4279 2190/692/502
f 2208/658/1274 2206/636/5025 2186/678/4320 2189/690/4279
f 2197/456/2159 2184/514/1186 2204/518/529 2202/500/1856
f 2184/514/1186 2185/554/4997 2203/546/4284 2204/518/529
f 2185/554/4997 2182/586/4321 2201/562/3567 2203/546/4284
f 2196/416/2377 2199/404/1674 2216/458/3922 2214/464/3950
f 2199/404/1674 2200/412/1599 2215/468/3832 2216/458/3922
f 2200/412/1599 2197/456/2159 2213/492/1457 2215/468/3832
f 2209/604/3956 2211/616/5365 2195/612/3931 2192/600/1702
f 2211/618/5365 2212/628/192 2194/662/2284 2195/634/3931
f 2212/628/192 2210/646/2890 2191/680/1479 2194/662/2284
f 1820/552/5546 2183/550/1865 2197/456/2572 2198/340/1441 1822/334/5546
f 2181/2908/3771 2180/2898/3771 2179/2880/3771 2176/2787/3771 2178/2763/3771 2177/2749/3771 2175/2753/3771 2174/2765/3771 2173/2789/3771 2170/2884/3771 2172/2901/3771 2171/2910/3771
f 1669/3318/2160 1690/3330/2160 1691/3328/2160 1668/3316/2160
f 2217/4747/1774 2218/4669/1774 2220/4667/803 2219/4749/803
f 2219/4749/932 2220/4667/932 2222/4639/292 2221/4761/3122
f 2221/4761/3122 2222/4639/292 2224/4617/3999 2223/4785/3999
f 2223/4783/3998 2224/4635/3998 2226/4659/5386 2225/4759/3949
f 2225/4779/3949 2226/4615/5386 2228/4641/1655 2227/4755/1655
f 2227/4755/804 2228/4641/804 2230/4661/1775 2229/4751/1775
f 2229/4751/1775 2230/4661/1775 2232/4671/5584 2231/4753/5584
f 2231/4753/3525 2232/4671/3525 2234/4643/5735 2233/4763/4340
f 2233/4763/4340 2234/4643/5735 2236/4619/5789 2235/4787/5789
f 2235/4765/4395 2236/4665/4395 2238/4645/5736 2237/4789/4341
f 2220/4667/5215 2218/4669/1778 2244/4621/1777 2243/4623/129
f 2237/4781/4341 2238/4613/5736 2240/4637/2010 2239/4757/2010
f 2239/4757/5583 2240/4637/5583 2218/4669/1774 2217/4747/1774
f 2234/4643/2685 2232/4671/1895 2256/4627/4884 2258/4601/4246
f 2224/4617/2302 2222/4639/4609 2246/4603/3853 2248/4581/2302
f 2217/4747/5115 2219/4749/811 2242/4773/128 2241/4775/2837
f 2231/4753/4153 2233/4763/3473 2257/4797/3472 2255/4777/459
f 2221/4761/2281 2223/4785/1627 2247/4807/1627 2245/4791/3851
f 2228/4641/2219 2226/4615/5283 2250/4577/5283 2252/4605/3772
f 2235/4787/3 2266/4817/2892 2259/4809/5179
f 2225/4779/3827 2227/4755/3769 2251/4793/133 2249/4805/3827
f 2252/4605/1055 2258/4601/1054 2256/4627/2504 2254/4625/2504
f 2257/4797/2 2251/4793/2 2253/4771/2 2255/4777/2
f 2263/4795/2 2245/4791/2 2247/4807/2 2261/4803/2
f 2225/4759/4766 2269/4767/368 2270/4801/1779 2223/4783/4766
f 2260/4583/2185 2250/4577/2974 2267/4561/3808 2272/4571/71
f 2246/4603/2838 2264/4599/5116 2262/4579/1 2248/4581/1
f 2243/4623/725 2244/4621/725 2264/4599/5116 2246/4603/2838
f 2250/4577/1 2260/4583/1 2258/4601/1054 2252/4605/1055
f 2241/4775/2 2242/4773/2 2245/4791/2 2263/4795/2
f 2259/4809/2 2249/4805/2 2251/4793/2 2257/4797/2
f 2227/4755/3769 2229/4751/2115 2253/4771/1382 2251/4793/133
f 2237/4781/2666 2239/4757/4888 2263/4795/462 2261/4803/2666
f 2230/4661/2503 2228/4641/2219 2252/4605/3772 2254/4625/2502
f 2240/4637/1900 2238/4613/524 2262/4579/524 2264/4599/4161
f 2270/4813/3366 2247/4807/2582 2223/4785/4
f 2233/4763/3473 2235/4787/1251 2259/4809/1251 2257/4797/3472
f 2236/4665/4044 2272/4653/1057 2271/4593/4043 2238/4645/4044
f 2236/4619/3500 2234/4643/2685 2258/4601/4246 2260/4583/3500
f 2219/4749/811 2221/4761/2281 2245/4791/3851 2242/4773/128
f 2229/4751/2115 2231/4753/4153 2255/4777/459 2253/4771/1382
f 2239/4757/4888 2217/4747/5115 2241/4775/2837 2263/4795/462
f 2222/4639/4609 2220/4667/5215 2243/4623/129 2246/4603/3853
f 2232/4671/1895 2230/4661/2503 2254/4625/2502 2256/4627/4884
f 2218/4669/1778 2240/4637/1900 2264/4599/4161 2244/4621/1777
f 2261/4803/4186 2247/4807/2582 2270/4813/3366 2265/4811/1190
f 2268/4591/1383 2271/4593/4043 2272/4653/1057 2267/4651/10
f 2260/4583/2185 2272/4571/71 2236/4619/3
f 2249/4805/2236 2269/4815/1548 2225/4779/1603
f 2248/4581/1128 2262/4579/4907 2271/4563/4209 2268/4565/2563
f 2270/4801/1779 2269/4767/368 2266/4769/724 2265/4799/3658
f 2238/4613/4973 2271/4563/4209 2262/4579/4907
f 2249/4805/2236 2259/4809/5179 2266/4817/2892 2269/4815/1548
f 2250/4577/2974 2226/4615/889 2267/4561/3808
f 2224/4617/9 2248/4581/1128 2268/4565/2563
f 2224/4635/3660 2268/4591/1383 2267/4651/10 2226/4659/3660
f 2261/4803/4186 2265/4811/1190 2237/4781/1969
f 2237/4789/3659 2265/4799/3658 2266/4769/724 2235/4765/3659
f 3140/4350/124 3161/4330/809 3203/4292/2206 2284/4289/5210
f 3161/4330/2425 3141/4322/1751 2285/4299/4730 3203/4292/1010
f 3203/4292/1010 2285/4299/4730 3142/4278/5409 3162/4230/993
f 2284/4289/5210 3203/4292/2206 3162/4230/4504 2273/4187/118
f 2273/4187/118 3162/4230/4504 2304/4159/2929 2286/4085/5205
f 3162/4230/993 3142/4278/5409 3163/4250/2369 2304/4159/3946
f 2304/4159/3946 3163/4250/2369 2275/4199/271 3164/4090/4677
f 2286/4085/5205 2304/4159/2929 3164/4090/4503 2274/4025/5203
f 2274/4025/5203 3164/4090/4503 3204/4060/5288 3165/3968/104
f 3164/4090/4677 2275/4199/271 3166/4164/4631 3204/4060/5288
f 3165/3968/104 3204/4060/5288 3167/4038/135 2276/3915/81
f 2276/3915/81 3167/4038/135 2305/3997/752 3168/3872/3316
f 3167/4038/135 3143/4122/3822 2287/4107/4471 2305/3997/752
f 2305/3997/752 2287/4107/4471 3144/4088/423 3169/3986/4873
f 3168/3872/3316 2305/3997/752 3169/3986/4873 2277/3837/1147
f 2277/3837/1147 3169/3986/4873 2306/3981/5650 2288/3843/1240
f 3169/3986/4873 3144/4088/423 3170/4092/4197 2306/3981/5650
f 2306/3981/5650 3170/4092/4197 3146/4104/4236 3171/3994/2715
f 2288/3843/1240 2306/3981/5650 3171/3994/2715 3145/3836/4307
f 3174/4046/4926 3148/4132/5631 2289/4169/3407 3206/4062/461
f 3206/4062/461 2289/4169/3407 2278/4205/442 3176/4106/4136
f 3149/4042/4377 3176/4106/4376 3207/4166/1347 2290/4097/1348
f 3176/4106/4136 2278/4205/442 3177/4252/4112 3207/4166/5543
f 3207/4166/5543 3177/4252/4112 2279/4275/1102 3178/4256/5526
f 2290/4097/1348 3207/4166/1347 3178/4256/667 3150/4208/1344
f 3178/4256/5526 2279/4275/1102 2291/4297/4830 3208/4308/3358
f 3208/4308/3358 2291/4297/4830 3152/4320/2573 3180/4336/5544
f 3181/4414/1308 3209/4370/631 3183/4408/3568 2280/4456/1300
f 2280/4456/1300 3183/4408/3568 2307/4433/4961 2292/4523/2722
f 3183/4408/4145 3153/4352/446 2293/4367/1889 2307/4433/4961
f 2307/4433/4961 2293/4367/1889 2281/4383/1133 2294/4446/1176
f 2292/4523/2722 2307/4433/4961 2294/4446/1176 3154/4534/1952
f 3154/4534/1952 2294/4446/1176 3210/4478/2560 3184/4540/2581
f 2294/4446/1176 2281/4383/1133 3185/4394/1065 3210/4478/2560
f 3210/4478/2560 3185/4394/1065 2283/4409/1494 3186/4494/89
f 3184/4540/2581 3210/4478/2560 3186/4494/89 2282/4557/3713
f 2282/4557/3713 3186/4494/89 3211/4497/3016 3187/4560/3789
f 3186/4494/89 2283/4409/1494 2295/4403/201 3211/4497/3016
f 3211/4497/3016 2295/4403/201 3156/4400/2321 3188/4492/5325
f 3155/4570/2264 3188/4492/5325 3212/4471/3064 2296/4541/869
f 3212/4471/3064 3189/4390/5377 3158/4378/1710 2297/4441/309
f 2296/4541/869 3212/4471/3064 2297/4441/2246 3157/4532/2989
f 2281/4317/1666 2302/4285/1662 2308/4283/5355 3185/4294/4663
f 3156/4242/3083 2295/4265/4650 2308/4283/5355 2302/4285/1662
f 2283/4273/3905 3185/4294/4663 2308/4283/5355 2295/4265/4650
f 3157/4532/2989 2297/4441/2246 2309/4431/2229 3190/4508/156
f 2297/4441/309 3158/4378/1710 2298/4361/3155 2309/4431/5427
f 2309/4431/5427 2298/4361/3155 3160/4348/339 3191/4402/1024
f 3190/4508/156 2309/4431/2229 3191/4402/138 3159/4449/4526
f 3159/4449/4526 3191/4402/138 3213/4366/4516 2299/4405/2215
f 3191/4402/1024 3160/4348/339 2300/4333/3174 3213/4366/2434
f 3213/4366/2434 2300/4333/3174 3141/4322/1751 3161/4330/2425
f 2299/4405/2215 3213/4366/4516 3161/4330/809 3140/4350/124
f 3155/4112/2017 2301/4171/2734 2310/4181/597 3187/4162/596
f 3154/4234/2744 3184/4224/1288 2310/4181/597 2301/4171/2734
f 2282/4201/3535 3187/4162/596 2310/4181/597 3184/4224/1288
f 3157/4056/3554 3192/4120/2743 2311/4147/3544 2296/4083/2737
f 3192/4120/2743 2280/4235/2019 2292/4237/602 2311/4147/3544
f 2311/4147/3544 2292/4237/602 3154/4234/2744 2301/4171/2734
f 2296/4083/2737 2311/4147/3544 2301/4171/2734 3155/4112/2017
f 3214/4102/2741 3181/4226/3540 2280/4235/2019 3192/4120/2743
f 2276/3841/3536 3168/3862/5710 3215/3896/5712 3197/3906/3537
f 2277/3867/4309 2288/3913/613 3215/3896/5712 3168/3862/5710
f 3145/3932/5695 3197/3906/3537 3215/3896/5712 2288/3913/613
f 3159/3988/3551 2299/3963/5702 3216/4058/1282 3193/4066/5012
f 2299/3963/5702 3140/3928/1283 3194/4044/4297 3216/4058/1282
f 3140/3928/1283 2284/3909/4298 3217/4006/2021 3194/4044/4297
f 2284/3909/4298 2273/3865/2738 3195/3980/3547 3217/4006/2021
f 3217/4006/2021 3195/3980/3547 3149/4064/2739 2290/4093/599
f 3194/4044/4297 3217/4006/2021 2290/4093/599 3150/4130/5706
f 2273/3865/2738 2286/3859/601 3218/3960/4295 3195/3980/3547
f 2286/3859/601 2274/3839/4291 3196/3930/5704 3218/3960/4295
f 2274/3839/4291 3165/3846/5010 3219/3918/5696 3196/3930/5704
f 3165/3846/5010 2276/3841/3536 3197/3906/3537 3219/3918/5696
f 3153/4358/3903 3198/4316/1660 3220/4306/4651 2293/4337/5346
f 3220/4306/4651 3189/4244/256 3156/4242/3083 2302/4285/1662
f 2293/4337/5346 3220/4306/4651 2302/4285/1662 2281/4317/1666
f 3152/4412/2326 3199/4340/3091 2312/4325/2333 3182/4382/5351
f 3199/4340/3091 3160/4270/2334 2298/4263/945 2312/4325/2333
f 2312/4325/2333 2298/4263/945 3158/4240/2335 3198/4316/1660
f 3182/4382/5351 2312/4325/2333 3198/4316/1660 3153/4358/3903
f 3141/4314/5350 2300/4287/941 3221/4356/3906 3200/4376/2325
f 2300/4287/941 3160/4270/2334 3199/4340/3091 3221/4356/3906
f 3221/4356/3906 3199/4340/3091 3152/4412/2326 2291/4427/5347
f 3200/4376/2325 3221/4356/3906 2291/4427/5347 2279/4439/255
f 3142/4344/1665 2285/4327/2330 3222/4398/4656 3201/4418/3090
f 2285/4327/2330 3141/4314/5350 3200/4376/2325 3222/4398/4656
f 3222/4398/4656 3200/4376/2325 2279/4439/255 3177/4459/935
f 3201/4418/3090 3222/4398/4656 3177/4459/935 2278/4484/3909
f 2275/4395/261 3163/4372/2332 2313/4429/260 3202/4438/944
f 3163/4372/2332 3142/4344/1665 3201/4418/3090 2313/4429/260
f 2313/4429/260 3201/4418/3090 2278/4484/3909 2289/4500/2329
f 3202/4438/944 2313/4429/260 2289/4500/2329 3148/4518/942
f 3143/4436/3084 3166/4420/3907 3223/4451/5348 2303/4461/253
f 3166/4420/3907 2275/4395/261 3202/4438/944 3223/4451/5348
f 2303/4461/253 3223/4451/5348 3173/4520/937 3146/4516/3901
f 3144/4483/5356 2287/4454/4652 3224/4475/3904 3170/4499/1658
f 3143/4436/3084 2303/4461/253 3224/4475/3904 2287/4454/4652
f 3146/4516/3901 3170/4499/1658 3224/4475/3904 2303/4461/253
f 2314/4349/5214 2331/4290/4508 3125/4291/5211 3092/4329/123
f 3092/4329/4003 3125/4291/5424 3091/4300/2414 2315/4321/3169
f 3125/4291/5424 3093/4229/313 2316/4277/3978 3091/4300/2414
f 2331/4290/4508 3076/4188/5206 3093/4229/119 3125/4291/5211
f 3076/4188/5206 3094/4086/1499 2359/4160/2928 3093/4229/119
f 3093/4229/313 2359/4160/2370 2332/4249/964 2316/4277/3978
f 2359/4160/2370 3095/4089/3930 3078/4200/2349 2332/4249/964
f 3094/4086/1499 3077/4026/1496 3095/4089/109 2359/4160/2928
f 3077/4026/1496 3096/3967/5200 2360/4059/4587 3095/4089/109
f 3095/4089/3930 2360/4059/4587 3097/4163/2307 3078/4200/2349
f 2360/4059/4587 3098/4037/817 2317/4121/1561 3097/4163/2307
f 3096/3967/5200 3079/3916/82 3098/4037/817 2360/4059/4587
f 3079/3916/82 2333/3871/1070 3126/3998/753 3098/4037/817
f 3098/4037/817 3126/3998/753 3099/4108/4470 2317/4121/1561
f 3126/3998/753 3100/3985/4138 2319/4087/4844 3099/4108/4470
f 2333/3871/1070 2318/3838/450 3100/3985/4138 3126/3998/753
f 2318/3838/450 3101/3844/564 3127/3982/4951 3100/3985/4138
f 3100/3985/4138 3127/3982/4951 2334/4091/1181 2319/4087/4844
f 3127/3982/4951 2335/3993/2716 2321/4103/1960 2334/4091/1181
f 3101/3844/564 2320/3835/3557 2335/3993/2716 3127/3982/4951
f 2320/3835/3557 2336/3879/2043 2361/4013/5690 2335/3993/2716
f 2335/3993/2716 2361/4013/5690 2337/4109/536 2321/4103/1960
f 2361/4013/5690 2338/4045/507 3081/4131/1935 2337/4109/536
f 2336/3879/2043 3080/3919/3602 2338/4045/2792 2361/4013/5690
f 3080/3919/3602 2339/3975/5768 2362/4061/2085 2338/4045/2792
f 2338/4045/507 2362/4061/1157 3102/4170/4891 3081/4131/1935
f 2362/4061/1157 2340/4105/441 3082/4206/1137 3102/4170/4891
f 2339/3975/5768 2322/4041/3615 2340/4105/2799 2362/4061/2085
f 2322/4041/3615 2341/4098/672 3128/4165/2086 2340/4105/2799
f 2340/4105/441 3128/4165/5542 3103/4251/4111 3082/4206/1137
f 3128/4165/5542 2342/4255/4828 2324/4276/4827 3103/4251/4111
f 2341/4098/672 2323/4207/4366 2342/4255/4366 3128/4165/2086
f 2323/4207/4366 2343/4311/3600 2363/4307/5758 2342/4255/4366
f 2342/4255/4828 2363/4307/4097 3104/4298/1106 2324/4276/4827
f 2363/4307/4097 3105/4335/2570 3084/4319/424 3104/4298/1106
f 2343/4311/3600 3083/4353/5042 3105/4335/5742 2363/4307/5758
f 3083/4353/5042 3106/4413/2040 2364/4369/2766 3105/4335/5742
f 3105/4335/2570 2364/4369/2587 2344/4331/2589 3084/4319/424
f 2364/4369/2587 3107/4407/2598 2325/4351/5579 2344/4331/2589
f 3106/4413/2040 3085/4457/3564 3107/4407/4322 2364/4369/2766
f 3085/4457/3564 2345/4524/1999 3129/4434/2681 3107/4407/4322
f 3107/4407/2598 3129/4434/2681 2346/4368/3396 2325/4351/5579
f 3129/4434/2681 3108/4447/5617 3087/4384/1871 2346/4368/3396
f 2345/4524/1999 3086/4533/1953 3108/4447/5617 3129/4434/2681
f 3086/4533/1953 2347/4539/4859 2365/4477/4098 3108/4447/5617
f 3108/4447/5617 2365/4477/4098 2348/4393/5479 3087/4384/1871
f 2365/4477/4098 2349/4493/2910 2326/4410/4502 2348/4393/5479
f 2347/4539/4859 3088/4558/2882 2349/4493/2910 2365/4477/4098
f 3088/4558/2882 2350/4559/5243 3130/4496/1568 2349/4493/2910
f 2349/4493/2910 3130/4496/1568 3109/4404/5298 2326/4410/4502
f 3130/4496/1568 2351/4491/5324 3089/4399/930 3109/4404/5298
f 2350/4559/5243 2327/4569/870 2351/4491/5324 3130/4496/1568
f 2327/4569/870 3110/4542/5278 3131/4470/4638 2351/4491/5324
f 2351/4491/5324 3131/4470/4638 3111/4389/2363 3089/4399/930
f 3131/4470/4638 3112/4442/5406 2329/4377/3138 3111/4389/2363
f 3110/4542/5278 2328/4531/2250 3112/4442/847 3131/4470/4638
f 3087/4318/3911 2348/4293/5353 3132/4284/1661 3121/4286/4657
f 2326/4274/2336 3109/4266/252 3132/4284/1661 2348/4293/5353
f 2328/4531/2250 3113/4507/2969 2366/4432/837 3112/4442/847
f 3112/4442/5406 2366/4432/5428 3114/4362/5425 2329/4377/3138
f 2366/4432/5428 3115/4401/4746 2330/4347/5446 3114/4362/5425
f 3113/4507/2969 3090/4448/823 3115/4401/137 2366/4432/837
f 3090/4448/823 2352/4406/2946 3133/4365/1510 3115/4401/137
f 3115/4401/4746 3133/4365/343 3116/4334/1026 2330/4347/5446
f 3133/4365/343 3092/4329/4003 2315/4321/3169 3116/4334/1026
f 2352/4406/2946 2314/4349/5214 3092/4329/123 3133/4365/1510
f 2327/4111/598 2350/4161/5694 3134/4182/1280 3117/4172/1281
f 3086/4233/603 3117/4172/1281 3134/4182/1280 2347/4223/5707
f 3088/4202/2016 2347/4223/5707 3134/4182/1280 2350/4161/5694
f 2328/4055/2024 3110/4084/3552 3135/4148/4294 2353/4119/5705
f 2353/4119/5705 3135/4148/4294 2345/4238/3545 3085/4236/5697
f 3135/4148/4294 3117/4172/1281 3086/4233/603 2345/4238/3545
f 3110/4084/3552 2327/4111/598 3117/4172/1281 3135/4148/4294
f 3090/3987/3548 3113/4031/2742 2367/4101/4293 2354/4065/4292
f 2354/4065/4292 2367/4101/4293 3106/4225/3538 3083/4203/5700
f 2367/4101/4293 2353/4119/5705 3085/4236/5697 3106/4225/3538
f 3113/4031/2742 2328/4055/2024 2353/4119/5705 2367/4101/4293
f 3079/3842/605 3120/3905/3542 3136/3895/2031 2333/3861/4306
f 2318/3868/4308 2333/3861/4306 3136/3895/2031 3101/3914/1292
f 2320/3931/2018 3101/3914/1292 3136/3895/2031 3120/3905/3542
f 3090/3987/3548 2354/4065/4292 3137/4057/2020 2352/3964/5703
f 2352/3964/5703 3137/4057/2020 3118/4043/3546 2314/3927/3541
f 3137/4057/2020 2343/4167/4296 2323/4129/4300 3118/4043/3546
f 2354/4065/4292 3083/4203/5700 2343/4167/4296 3137/4057/2020
f 2314/3927/3541 3118/4043/3546 2368/4005/1284 2331/3910/3549
f 2331/3910/3549 2368/4005/1284 3119/3979/2740 3076/3866/3553
f 2368/4005/1284 2341/4094/5701 2322/4063/5699 3119/3979/2740
f 3118/4043/3546 2323/4129/4300 2341/4094/5701 2368/4005/1284
f 3076/3866/3553 3119/3979/2740 2369/3959/1286 3094/3860/1287
f 3094/3860/1287 2369/3959/1286 2355/3929/2736 3077/3840/1285
f 2369/3959/1286 2339/4051/3543 3080/4011/3539 2355/3929/2736
f 3119/3979/2740 2322/4063/5699 2339/4051/3543 2369/3959/1286
f 3077/3840/1285 2355/3929/2736 2370/3917/600 3096/3845/3550
f 3096/3845/3550 2370/3917/600 3120/3905/3542 3079/3842/605
f 2370/3917/600 2336/3973/5698 2320/3931/2018 3120/3905/3542
f 2355/3929/2736 3080/4011/3539 2336/3973/5698 2370/3917/600
f 2325/4357/3093 2346/4338/4661 3138/4305/4660 3122/4315/940
f 3122/4315/940 3138/4305/4660 3111/4243/258 2329/4239/5349
f 2346/4338/4661 3087/4318/3911 3121/4286/4657 3138/4305/4660
f 3084/4411/254 2344/4381/2331 2371/4326/259 2356/4339/4653
f 2356/4339/4653 2371/4326/259 3114/4264/2328 2330/4269/3902
f 2371/4326/259 3122/4315/940 2329/4239/5349 3114/4264/2328
f 2344/4381/2331 2325/4357/3093 3122/4315/940 2371/4326/259
f 2315/4313/3089 3123/4375/257 2372/4355/1659 3116/4288/2324
f 3116/4288/2324 2372/4355/1659 2356/4339/4653 2330/4269/3902
f 2372/4355/1659 3104/4428/2327 3084/4411/254 2356/4339/4653
f 3123/4375/257 2324/4440/936 3104/4428/2327 2372/4355/1659
f 2316/4343/1667 2357/4417/1663 2373/4397/3910 3091/4328/943
f 3091/4328/943 2373/4397/3910 3123/4375/257 2315/4313/3089
f 2373/4397/3910 3103/4458/3086 2324/4440/936 3123/4375/257
f 2357/4417/1663 3082/4485/938 3103/4458/3086 2373/4397/3910
f 3078/4396/5352 2358/4437/4655 2374/4430/939 2332/4371/5354
f 2332/4371/5354 2374/4430/939 2357/4417/1663 2316/4343/1667
f 2374/4430/939 3102/4501/3908 3082/4485/938 2357/4417/1663
f 2358/4437/4655 3081/4517/3087 3102/4501/3908 2374/4430/939
f 2317/4435/4662 3124/4462/4658 3139/4450/4659 3097/4419/3912
f 3097/4419/3912 3139/4450/4659 2358/4437/4655 3078/4396/5352
f 3139/4450/4659 2337/4519/3088 3081/4517/3087 2358/4437/4655
f 3124/4462/4658 2321/4515/3085 2337/4519/3088 3139/4450/4659
f 2319/4482/262 2334/4498/4654 2375/4474/3913 3099/4455/3092
f 2317/4435/4662 3099/4455/3092 2375/4474/3913 3124/4462/4658
f 2321/4515/3085 3124/4462/4658 2375/4474/3913 2334/4498/4654
f 2376/2375/3047 2388/2377/4618 2399/2231/4537 2387/2229/4536
f 2377/1029/1688 2389/1031/962 2388/899/4618 2376/897/3047
f 2378/1149/315 2390/1151/5417 2389/1031/962 2377/1029/1688
f 2379/1275/3101 2391/1277/3102 2390/1151/5417 2378/1149/315
f 2380/1397/2991 2392/1399/2993 2391/1277/3102 2379/1275/3101
f 2381/1519/78 2393/1521/1836 2392/1399/2993 2380/1397/2991
f 2382/1641/485 2394/1643/4177 2393/1521/1836 2381/1519/485
f 2383/1763/2041 2395/1765/1309 2394/1643/5013 2382/1641/2025
f 2384/1887/2080 2396/1889/1342 2395/1765/1309 2383/1763/2041
f 2385/2005/1297 2397/2007/5017 2396/1889/1342 2384/1887/2080
f 2386/2131/2644 2398/2133/5627 2397/2007/5017 2385/2005/1297
f 2387/2229/2575 2399/2231/426 2398/2133/5627 2386/2131/2644
f 2388/2377/4618 2400/2379/5320 2411/2233/834 2399/2231/4537
f 2389/1031/962 2401/1033/4665 2400/901/5320 2388/899/4618
f 2390/1151/5417 2402/1153/5419 2401/1033/3979 2389/1031/962
f 2391/1277/3102 2403/1279/951 2402/1153/5419 2390/1151/5417
f 2392/1399/2993 2404/1401/168 2403/1279/951 2391/1277/3102
f 2393/1521/1836 2405/1523/3351 2404/1401/168 2392/1399/2993
f 2394/1643/4177 2406/1645/1914 2405/1523/3351 2393/1521/1836
f 2395/1765/1309 2407/1767/2767 2406/1645/4303 2394/1643/5013
f 2396/1889/1342 2408/1891/5070 2407/1767/2767 2395/1765/1309
f 2397/2007/5017 2409/2009/3563 2408/1891/5070 2396/1889/1342
f 2398/2133/5627 2410/2135/4924 2409/2009/3563 2397/2007/5017
f 2399/2231/426 2411/2233/2576 2410/2135/4924 2398/2133/5627
f 2400/2379/5320 2412/2381/3874 2423/2235/2966 2411/2233/834
f 2401/1033/4665 2413/1035/2338 2412/903/3874 2400/901/5320
f 2402/1153/5419 2414/1155/4723 2413/1035/3143 2401/1033/3979
f 2403/1279/951 2415/1281/3104 2414/1155/4723 2402/1153/5419
f 2404/1401/168 2416/1403/2994 2415/1281/3104 2403/1279/951
f 2405/1523/3351 2417/1525/3352 2416/1403/2994 2404/1401/168
f 2406/1645/1914 2418/1647/5609 2417/1525/3352 2405/1523/3351
f 2407/1767/2767 2419/1769/632 2418/1647/606 2406/1645/4303
f 2408/1891/5070 2420/1893/3610 2419/1769/632 2407/1767/2767
f 2409/2009/3563 2421/2011/5717 2420/1893/3610 2408/1891/5070
f 2410/2135/4924 2422/2137/5628 2421/2011/5717 2409/2009/3563
f 2411/2233/2576 2423/2235/1851 2422/2137/5628 2410/2135/4924
f 2412/2381/3874 2424/2383/220 2435/2237/3788 2423/2235/2966
f 2413/1035/2338 2425/1037/1689 2424/905/220 2412/903/3874
f 2414/1155/4723 2426/1157/5418 2425/1037/1689 2413/1035/3143
f 2415/1281/3104 2427/1283/5366 2426/1157/5418 2414/1155/4723
f 2416/1403/2994 2428/1405/3059 2427/1283/5366 2415/1281/3104
f 2417/1525/3352 2429/1527/4825 2428/1405/778 2416/1403/2994
f 2418/1647/5609 2430/1649/5671 2429/1527/4825 2417/1525/3352
f 2419/1769/632 2431/1771/5729 2430/1649/5671 2418/1647/606
f 2420/1893/3610 2432/1895/1343 2431/1771/5729 2419/1769/632
f 2421/2011/5717 2433/2013/4343 2432/1895/1343 2420/1893/3610
f 2422/2137/5628 2434/2139/2647 2433/2013/3505 2421/2011/5717
f 2423/2235/1851 2435/2237/1850 2434/2139/2647 2422/2137/5628
f 2424/2383/220 2436/2385/3787 2447/2239/56 2435/2237/3788
f 2425/1037/1689 2437/1039/290 2436/907/263 2424/905/220
f 2426/1157/5418 2438/1159/4721 2437/1039/290 2425/1037/1689
f 2427/1283/5366 2439/1285/4670 2438/1159/4721 2426/1157/5418
f 2428/1405/3059 2440/1407/2992 2439/1285/4670 2427/1283/5366
f 2429/1527/4825 2441/1529/79 2440/1407/2992 2428/1405/778
f 2430/1649/5671 2442/1651/572 2441/1529/484 2429/1527/4825
f 2431/1771/5729 2443/1773/4302 2442/1651/572 2430/1649/5671
f 2432/1895/1343 2444/1897/5068 2443/1773/4361 2431/1771/5729
f 2433/2013/4343 2445/2015/5018 2444/1897/5068 2432/1895/1343
f 2434/2139/2647 2446/2141/4207 2445/2015/5018 2433/2013/3505
f 2435/2237/1850 2447/2239/56 2446/2141/4207 2434/2139/2647
f 2436/2385/3787 2448/2387/5242 2459/2241/4456 2447/2239/56
f 2437/1039/290 2449/1041/961 2448/909/2323 2436/907/263
f 2438/1159/4721 2450/1161/3144 2449/1041/961 2437/1039/290
f 2439/1285/4670 2451/1287/3099 2450/1161/3144 2438/1159/4721
f 2440/1407/2992 2452/1409/4563 2451/1287/3099 2439/1285/4670
f 2441/1529/79 2453/1531/2180 2452/1409/4563 2440/1407/2992
f 2442/1651/572 2454/1653/4262 2453/1531/483 2441/1529/484
f 2443/1773/4302 2455/1775/2015 2454/1653/4262 2442/1651/572
f 2444/1897/5068 2456/1899/5066 2455/1775/5060 2443/1773/4361
f 2445/2015/5018 2457/2017/3561 2456/1899/5066 2444/1897/5068
f 2446/2141/4207 2458/2143/575 2457/2017/3561 2445/2015/5018
f 2447/2239/56 2459/2241/4456 2458/2143/4848 2446/2141/4207
f 2448/2387/5242 2460/2389/5240 2471/2243/5241 2459/2241/4456
f 2449/1041/961 2461/1043/4690 2460/911/933 2448/909/2323
f 2450/1161/3144 2462/1163/1715 2461/1043/4690 2449/1041/961
f 2451/1287/3099 2463/1289/267 2462/1163/1715 2450/1161/3144
f 2452/1409/4563 2464/1411/3057 2463/1289/267 2451/1287/3099
f 2453/1531/2180 2465/1533/3728 2464/1411/5174 2452/1409/4563
f 2454/1653/4262 2466/1655/3490 2465/1533/3417 2453/1531/483
f 2455/1775/2015 2467/1777/1307 2466/1655/3490 2454/1653/4262
f 2456/1899/5066 2468/1901/2074 2467/1777/1307 2455/1775/5060
f 2457/2017/3561 2469/2019/5714 2468/1901/2074 2456/1899/5066
f 2458/2143/575 2470/2145/2709 2469/2019/5714 2457/2017/3561
f 2459/2241/4456 2471/2243/5549 2470/2145/4115 2458/2143/4848
f 2460/2389/5240 2472/2391/4534 2483/2245/4533 2471/2243/5241
f 2461/1043/4690 2473/1045/5379 2472/913/248 2460/911/933
f 2462/1163/1715 2474/1165/2396 2473/1045/5379 2461/1043/4690
f 2463/1289/267 2475/1291/1673 2474/1165/2396 2462/1163/1715
f 2464/1411/3057 2476/1413/1626 2475/1291/1673 2463/1289/267
f 2465/1533/3728 2477/1535/1471 2476/1413/2179 2464/1411/5174
f 2466/1655/3490 2478/1657/3488 2477/1535/1169 2465/1533/3417
f 2467/1777/1307 2479/1779/3577 2478/1657/3488 2466/1655/3490
f 2468/1901/2074 2480/1903/3597 2479/1779/3577 2467/1777/1307
f 2469/2019/5714 2481/2021/5713 2480/1903/3597 2468/1901/2074
f 2470/2145/2709 2482/2147/1250 2481/2021/5713 2469/2019/5714
f 2471/2243/5549 2483/2245/3377 2482/2147/3378 2470/2145/4115
f 2472/2391/4534 2484/2393/2964 2495/2247/3784 2483/2245/4533
f 2473/1045/5379 2485/1047/279 2484/915/3078 2472/913/248
f 2474/1165/2396 2486/1167/3136 2485/1047/279 2473/1045/5379
f 2475/1291/1673 2487/1293/4668 2486/1167/3136 2474/1165/2396
f 2476/1413/1626 2488/1415/5323 2487/1293/4668 2475/1291/1673
f 2477/1535/1471 2489/1537/2899 2488/1415/3724 2476/1413/2179
f 2478/1657/3488 2490/1659/569 2489/1537/1913 2477/1535/1169
f 2479/1779/3577 2491/1781/3575 2490/1659/569 2478/1657/3488
f 2480/1903/3597 2492/1905/2062 2491/1781/3575 2479/1779/3577
f 2481/2021/5713 2493/2023/616 2492/1905/2062 2480/1903/3597
f 2482/2147/1250 2494/2149/573 2493/2023/616 2481/2021/5713
f 2483/2245/3377 2495/2247/1848 2494/2149/1119 2482/2147/3378
f 2484/2393/2964 2496/2395/5236 2507/2249/5237 2495/2247/3784
f 2485/1047/279 2497/1049/4685 2496/917/2320 2484/915/3078
f 2486/1167/3136 2498/1169/5394 2497/1049/4685 2485/1047/279
f 2487/1293/4668 2499/1295/3095 2498/1169/5394 2486/1167/3136
f 2488/1415/5323 2500/1417/3877 2499/1295/3095 2487/1293/4668
f 2489/1537/2899 2501/1539/2176 2500/1417/3722 2488/1415/3724
f 2490/1659/569 2502/1661/1242 2501/1539/1911 2489/1537/1913
f 2491/1781/3575 2503/1783/5029 2502/1661/1242 2490/1659/569
f 2492/1905/2062 2504/1907/2053 2503/1783/5029 2491/1781/3575
f 2493/2023/616 2505/2025/4304 2504/1907/2053 2492/1905/2062
f 2494/2149/573 2506/2151/2706 2505/2025/4304 2493/2023/616
f 2495/2247/1848 2507/2249/1116 2506/2151/3373 2494/2149/1119
f 2496/2395/5236 2508/2397/4527 2519/2251/3779 2507/2249/5237
f 2497/1049/4685 2509/1051/4683 2508/919/1646 2496/917/2320
f 2498/1169/5394 2510/1171/4696 2509/1051/4683 2497/1049/4685
f 2499/1295/3095 2511/1297/1656 2510/1171/4696 2498/1169/5394
f 2500/1417/3877 2512/1419/1623 2511/1297/1656 2499/1295/3095
f 2501/1539/2176 2513/1541/2895 2512/1419/4472 2500/1417/3722
f 2502/1661/1242 2514/1663/4174 2513/1541/3413 2501/1539/1911
f 2503/1783/5029 2515/1785/1302 2514/1663/2002 2502/1661/1242
f 2504/1907/2053 2516/1909/4346 2515/1785/1302 2503/1783/5029
f 2505/2025/4304 2517/2027/3527 2516/1909/4346 2504/1907/2053
f 2506/2151/2706 2518/2153/1978 2517/2027/3527 2505/2025/4304
f 2507/2249/1116 2519/2251/5540 2518/2153/1113 2506/2151/3373
f 2508/2397/4527 2520/2399/1520 2531/2253/140 2519/2251/3779
f 2509/1051/4683 2521/1053/3935 2520/921/3071 2508/919/1646
f 2510/1171/4696 2522/1173/5383 2521/1053/3935 2509/1051/4683
f 2511/1297/1656 2523/1299/245 2522/1173/5383 2510/1171/4696
f 2512/1419/1623 2524/1421/4617 2523/1299/245 2511/1297/1656
f 2513/1541/2895 2525/1543/73 2524/1421/2893 2512/1419/4472
f 2514/1663/4174 2526/1665/4172 2525/1543/1165 2513/1541/3413
f 2515/1785/1302 2527/1787/3570 2526/1665/1269 2514/1663/2002
f 2516/1909/4346 2528/1911/2044 2527/1787/3570 2515/1785/1302
f 2517/2027/3527 2529/2029/5005 2528/1911/2044 2516/1909/4346
f 2518/2153/1978 2530/2155/4987 2529/2029/5005 2517/2027/3527
f 2519/2251/5540 2531/2253/5537 2530/2155/3368 2518/2153/1113
f 2520/2399/1520 2532/2401/4523 2543/2255/818 2531/2253/140
f 2521/1053/3935 2533/1055/3108 2532/923/1641 2520/921/3071
f 2522/1173/5383 2534/1175/1684 2533/1055/3108 2521/1053/3935
f 2523/1299/245 2535/1301/1645 2534/1175/1684 2522/1173/5383
f 2524/1421/4617 2536/1423/1612 2535/1301/1645 2523/1299/245
f 2525/1543/73 2537/1545/1461 2536/1423/2889 2524/1421/2893
f 2526/1665/4172 2538/1667/3412 2537/1545/1163 2525/1543/1165
f 2527/1787/3570 2539/1789/2032 2538/1667/4280 2526/1665/1269
f 2528/1911/2044 2540/1913/5724 2539/1789/2032 2527/1787/3570
f 2529/2029/5005 2541/2031/4283 2540/1913/5724 2528/1911/2044
f 2530/2155/4987 2542/2157/1241 2541/2031/4283 2529/2029/5005
f 2531/2253/5537 2543/2255/414 2542/2157/5528 2530/2155/3368
f 2532/2401/4523 2544/2403/4520 2555/2257/3773 2543/2255/818
f 2533/1055/3108 2545/1057/4669 2544/925/2309 2532/923/1641
f 2534/1175/1684 2546/1177/3939 2545/1057/4669 2533/1055/3108
f 2535/1301/1645 2547/1303/3891 2546/1177/3939 2534/1175/1684
f 2536/1423/1612 2548/1425/5306 2547/1303/3891 2535/1301/1645
f 2537/1545/1461 2549/1547/3712 2548/1425/65 2536/1423/2889
f 2538/1667/3412 2550/1669/4892 2549/1547/5599 2537/1545/1163
f 2539/1789/2032 2551/1791/617 2550/1669/1261 2538/1667/4280
f 2540/1913/5724 2552/1915/1303 2551/1791/617 2539/1789/2032
f 2541/2031/4283 2553/2033/1263 2552/1915/1303 2540/1913/5724
f 2542/2157/1241 2554/2159/4976 2553/2033/1263 2541/2031/4283
f 2543/2255/414 2555/2257/3360 2554/2159/4833 2542/2157/5528
f 2544/2403/4520 2556/2405/5220 2567/2259/1509 2555/2257/3773
f 2545/1057/4669 2557/1059/3898 2556/927/921 2544/925/2309
f 2546/1177/3939 2558/1179/4678 2557/1059/3898 2545/1057/4669
f 2547/1303/3891 2559/1305/3884 2558/1179/4678 2546/1177/3939
f 2548/1425/5306 2560/1427/1587 2559/1305/3884 2547/1303/3891
f 2549/1547/3712 2561/1549/762 2560/1427/763 2548/1425/65
f 2550/1669/4892 2562/1671/2614 2561/1549/4155 2549/1547/5599
f 2551/1791/617 2563/1793/3530 2562/1671/3508 2550/1669/1261
f 2552/1915/1303 2564/1917/2033 2563/1793/3530 2551/1791/617
f 2553/2033/1263 2565/2035/1991 2564/1917/2033 2552/1915/1303
f 2554/2159/4976 2566/2161/3463 2565/2035/1991 2553/2033/1263
f 2555/2257/3360 2567/2259/4094 2566/2161/4096 2554/2159/4833
f 2556/2405/5220 2568/2407/2939 2579/2261/125 2567/2259/1509
f 2557/1059/3898 2569/1061/4644 2568/929/4623 2556/927/921
f 2558/1179/4678 2570/1181/1669 2569/1061/4644 2557/1059/3898
f 2559/1305/3884 2571/1307/227 2570/1181/1669 2558/1179/4678
f 2560/1427/1587 2572/1429/5286 2571/1307/227 2559/1305/3884
f 2561/1549/762 2573/1551/58 2572/1429/5157 2560/1427/763
f 2562/1671/2614 2574/1673/5594 2573/1551/5593 2561/1549/4155
f 2563/1793/3530 2575/1795/584 2574/1673/5674 2562/1671/3508
f 2564/1917/2033 2576/1919/612 2575/1795/584 2563/1793/3530
f 2565/2035/1991 2577/2037/2710 2576/1919/612 2564/1917/2033
f 2566/2161/3463 2578/2163/1219 2577/2037/2710 2565/2035/1991
f 2567/2259/4094 2579/2261/1100 2578/2163/1101 2566/2161/4096
f 2568/2407/2939 2580/2409/4507 2591/2263/4506 2579/2261/125
f 2569/1061/4644 2581/1063/2308 2580/931/5317 2568/929/4623
f 2570/1181/1669 2582/1183/4640 2581/1063/2308 2569/1061/4644
f 2571/1307/227 2583/1309/905 2582/1183/4640 2570/1181/1669
f 2572/1429/5286 2584/1431/3005 2583/1309/905 2571/1307/227
f 2573/1551/58 2585/1553/1430 2584/1431/4453 2572/1429/5157
f 2574/1673/5594 2586/1675/1890 2585/1553/449 2573/1551/5593
f 2575/1795/584 2587/1797/1992 2586/1675/3489 2574/1673/5674
f 2576/1919/612 2588/1921/583 2587/1797/1992 2575/1795/584
f 2577/2037/2710 2589/2039/5668 2588/1921/583 2576/1919/612
f 2578/2163/1219 2590/2165/4217 2589/2039/5668 2577/2037/2710
f 2579/2261/1100 2591/2263/1830 2590/2165/5514 2578/2163/1101
f 2580/2409/4507 2592/2411/2203 2603/2265/1497 2591/2263/4506
f 2581/1063/2308 2593/1065/5321 2592/933/4604 2580/931/5317
f 2582/1183/4640 2594/1185/5330 2593/1065/5321 2581/1063/2308
f 2583/1309/905 2595/1311/3838 2594/1185/5330 2582/1183/4640
f 2584/1431/3005 2596/1433/159 2595/1311/3838 2583/1309/905
f 2585/1553/1430 2597/1555/2145 2596/1433/5142 2584/1431/4453
f 2586/1675/1890 2598/1677/445 2597/1555/444 2585/1553/449
f 2587/1797/1992 2599/1799/4265 2598/1677/3467 2586/1675/3489
f 2588/1921/583 2600/1923/3506 2599/1799/4265 2587/1797/1992
f 2589/2039/5668 2601/2041/5653 2600/1923/3506 2588/1921/583
f 2590/2165/4217 2602/2167/3424 2601/2041/5653 2589/2039/5668
f 2591/2263/1830 2603/2265/3334 2602/2167/1817 2590/2165/5514
f 2592/2411/2203 2604/2413/1491 2615/2267/2921 2603/2265/1497
f 2593/1065/5321 2605/1067/3029 2604/935/3013 2592/933/4604
f 2594/1185/5330 2606/1187/4611 2605/1067/3029 2593/1065/5321
f 2595/1311/3838 2607/1313/853 2606/1187/4611 2594/1185/5330
f 2596/1433/159 2608/1435/2216 2607/1313/853 2595/1311/3838
f 2597/1555/2145 2609/1557/5133 2608/1435/5134 2596/1433/5142
f 2598/1677/445 2610/1679/4876 2609/1557/2594 2597/1555/444
f 2599/1799/4265 2611/1801/1963 2610/1679/520 2598/1677/3467
f 2600/1923/3506 2612/1925/4249 2611/1801/1963 2599/1799/4265
f 2601/2041/5653 2613/2043/1195 2612/1925/4249 2600/1923/3506
f 2602/2167/3424 2614/2169/1897 2613/2043/1195 2601/2041/5653
f 2603/2265/3334 2615/2267/4798 2614/2169/4799 2602/2167/1817
f 2604/2413/1491 2616/2415/785 2627/2269/1486 2615/2267/2921
f 2605/1067/3029 2617/1069/2996 2616/937/1531 2604/935/3013
f 2606/1187/4611 2618/1189/3814 2617/1069/2996 2605/1067/3029
f 2607/1313/853 2619/1315/2218 2618/1189/3814 2606/1187/4611
f 2608/1435/2216 2620/1437/102 2619/1315/2218 2607/1313/853
f 2609/1557/5133 2621/1559/20 2620/1437/21 2608/1435/5134
f 2610/1679/4876 2622/1681/5566 2621/1559/1870 2609/1557/2594
f 2611/1801/1963 2623/1803/3440 2622/1681/4184 2610/1679/520
f 2612/1925/4249 2624/1927/2652 2623/1803/3440 2611/1801/1963
f 2613/2043/1195 2625/2045/2621 2624/1927/2652 2612/1925/4249
f 2614/2169/1897 2626/2171/5573 2625/2045/2621 2613/2043/1195
f 2615/2267/4798 2627/2269/2521 2626/2171/4781 2614/2169/4799
f 2616/2415/785 2628/2417/4483 2639/2271/5176 2627/2269/1486
f 2617/1069/2996 2629/1071/2212 2628/939/802 2616/937/1531
f 2618/1189/3814 2630/1191/2207 2629/1071/2212 2617/1069/2996
f 2619/1315/2218 2631/1317/1484 2630/1191/2207 2618/1189/3814
f 2620/1437/102 2632/1439/1462 2631/1317/1484 2619/1315/2218
f 2621/1559/20 2633/1561/3315 2632/1439/380 2620/1437/21
f 2622/1681/5566 2634/1683/4856 2633/1561/1858 2621/1559/1870
f 2623/1803/3440 2635/1805/1154 2634/1683/2600 2622/1681/4184
f 2624/1927/2652 2636/1929/453 2635/1805/1154 2623/1803/3440
f 2625/2045/2621 2637/2047/1131 2636/1929/453 2624/1927/2652
f 2626/2171/5573 2638/2173/5530 2637/2047/1131 2625/2045/2621
f 2627/2269/2521 2639/2271/4432 2638/2173/732 2626/2171/4781
f 2628/2417/4483 2640/2419/1456 2651/2273/2171 2639/2271/5176
f 2629/1071/2212 2641/1073/781 2640/941/5177 2628/939/802
f 2630/1191/2207 2642/1193/4469 2641/1073/781 2629/1071/2212
f 2631/1317/1484 2643/1319/2150 2642/1193/4469 2630/1191/2207
f 2632/1439/1462 2644/1441/3675 2643/1319/2150 2631/1317/1484
f 2633/1561/3315 2645/1563/2535 2644/1441/3333 2632/1439/380
f 2634/1683/4856 2646/1685/4834 2645/1563/1840 2633/1561/1858
f 2635/1805/1154 2647/1807/5557 2646/1685/433 2634/1683/2600
f 2636/1929/453 2648/1931/2567 2647/1807/5557 2635/1805/1154
f 2637/2047/1131 2649/2049/1090 2648/1931/2567 2636/1929/453
f 2638/2173/5530 2650/2175/1077 2649/2049/1090 2637/2047/1131
f 2639/2271/4432 2651/2273/1412 2650/2175/2853 2638/2173/732
f 2640/2419/1456 2652/2421/3700 2663/2275/4455 2651/2273/2171
f 2641/1073/781 2653/1075/740 2652/943/3686 2640/941/5177
f 2642/1193/4469 2654/1195/5478 2653/1075/740 2641/1073/781
f 2643/1319/2150 2655/1321/5499 2654/1195/5478 2642/1193/4469
f 2644/1441/3675 2656/1443/3335 2655/1321/5499 2643/1319/2150
f 2645/1563/2535 2657/1565/405 2656/1443/406 2644/1441/3333
f 2646/1685/4834 2658/1687/2553 2657/1565/403 2645/1563/1840
f 2647/1807/5557 2659/1809/1078 2658/1687/2538 2646/1685/433
f 2648/1931/2567 2660/1933/2121 2659/1809/1078 2647/1807/5557
f 2649/2049/1090 2661/2051/28 2660/1933/2121 2648/1931/2567
f 2650/2175/1077 2662/2177/3689 2661/2051/28 2649/2049/1090
f 2651/2273/1412 2663/2275/1444 2662/2177/761 2650/2175/2853
f 2652/2421/3700 2664/2423/2138 2675/2277/2139 2663/2275/4455
f 2653/1075/740 2665/1077/4082 2664/945/5490 2652/943/3686
f 2654/1195/5478 2666/1197/3381 2665/1077/4082 2653/1075/740
f 2655/1321/5499 2667/1323/1130 2666/1197/3381 2654/1195/5478
f 2656/1443/3335 2668/1445/4862 2667/1323/1130 2655/1321/5499
f 2657/1565/405 2669/1567/3363 2668/1445/5529 2656/1443/406
f 2658/1687/2553 2670/1689/4804 2669/1567/3326 2657/1565/403
f 2659/1809/1078 2671/1811/3694 2670/1689/2136 2658/1687/2538
f 2660/1933/2121 2672/1935/77 2671/1811/3694 2659/1809/1078
f 2661/2051/28 2673/2053/5185 2672/1935/77 2660/1933/2121
f 2662/2177/3689 2674/2179/5184 2673/2053/5185 2661/2051/28
f 2663/2275/1444 2675/2277/2887 2674/2179/767 2662/2177/761
f 2664/2423/2138 2676/2425/2846 2687/2279/3672 2675/2277/2139
f 2665/1077/4082 2677/1079/5567 2676/947/5532 2664/945/5490
f 2666/1197/3381 2678/1199/2607 2677/1079/5567 2665/1077/4082
f 2667/1323/1130 2679/1325/1155 2678/1199/2607 2666/1197/3381
f 2668/1445/4862 2680/1447/3398 2679/1325/1155 2667/1323/1130
f 2669/1567/3363 2681/1569/2579 2680/1447/2580 2668/1445/5529
f 2670/1689/4804 2682/1691/4783 2681/1569/379 2669/1567/3326
f 2671/1811/3694 2683/1813/2914 2682/1691/5166 2670/1689/2136
f 2672/1935/77 2684/1937/4512 2683/1813/2914 2671/1811/3694
f 2673/2053/5185 2685/2055/5218 2684/1937/4512 2672/1935/77
f 2674/2179/5184 2686/2181/1500 2685/2055/5218 2673/2053/5185
f 2675/2277/2887 2687/2279/3738 2686/2181/2184 2674/2179/767
f 2676/2425/2846 2688/2427/3313 2699/2281/2520 2687/2279/3672
f 2677/1079/5567 2689/1081/2616 2688/949/1874 2676/947/5532
f 2678/1199/2607 2690/1201/2649 2689/1081/2616 2677/1079/5567
f 2679/1325/1155 2691/1327/1932 2690/1201/2649 2678/1199/2607
f 2680/1447/3398 2692/1449/487 2691/1327/1932 2679/1325/1155
f 2681/1569/2579 2693/1571/1868 2692/1449/5564 2680/1447/2580
f 2682/1691/4783 2694/1693/3669 2693/1571/5125 2681/1569/379
f 2683/1813/2914 2695/1815/2947 2694/1693/4496 2682/1691/5166
f 2684/1937/4512 2696/1939/5257 2695/1815/2947 2683/1813/2914
f 2685/2055/5218 2697/2057/851 2696/1939/5257 2684/1937/4512
f 2686/2181/1500 2698/2183/2230 2697/2057/851 2685/2055/5218
f 2687/2279/3738 2699/2281/93 2698/2183/94 2686/2181/2184
f 2688/2427/3313 2700/2429/386 2711/2283/5487 2699/2281/2520
f 2689/1081/2616 2701/1083/501 2700/951/1149 2688/949/1874
f 2690/1201/2649 2702/1203/4239 2701/1083/501 2689/1081/2616
f 2691/1327/1932 2703/1329/4952 2702/1203/4239 2690/1201/2649
f 2692/1449/487 2704/1451/1941 2703/1329/4952 2691/1327/1932
f 2693/1571/1868 2705/1573/4139 2704/1451/1139 2692/1449/5564
f 2694/1693/3669 2706/1695/3678 2705/1573/2134 2693/1571/5125
f 2695/1815/2947 2707/1817/3803 2706/1695/810 2694/1693/4496
f 2696/1939/5257 2708/1941/4602 2707/1817/3803 2695/1815/2947
f 2697/2057/851 2709/2059/881 2708/1941/4602 2696/1939/5257
f 2698/2183/2230 2710/2185/4576 2709/2059/881 2697/2057/851
f 2699/2281/93 2711/2283/5199 2710/2185/2918 2698/2183/94
f 2700/2429/386 2712/2431/5503 2723/2285/4073 2711/2283/5487
f 2701/1083/501 2713/1085/1950 2712/953/1915 2700/951/1149
f 2702/1203/4239 2714/1205/1979 2713/1085/1950 2701/1083/501
f 2703/1329/4952 2715/1331/1244 2714/1205/1979 2702/1203/4239
f 2704/1451/1941 2716/1453/3459 2715/1331/1244 2703/1329/4952
f 2705/1573/4139 2717/1575/5577 2716/1453/1883 2704/1451/1139
f 2706/1695/3678 2718/1697/2144 2717/1575/2856 2705/1573/2134
f 2707/1817/3803 2719/1819/4585 2718/1697/3790 2706/1695/810
f 2708/1941/4602 2720/1943/910 2719/1819/4585 2707/1817/3803
f 2709/2059/881 2721/2061/3871 2720/1943/910 2708/1941/4602
f 2710/2185/4576 2722/2187/3025 2721/2061/3871 2709/2059/881
f 2711/2283/5199 2723/2285/4501 2722/2187/795 2710/2185/2918
f 2712/2431/5503 2724/2433/4078 2735/2287/4077 2723/2285/4073
f 2713/1085/1950 2725/1087/4243 2724/955/4919 2712/953/1915
f 2714/1205/1979 2726/1207/579 2725/1087/4243 2713/1085/1950
f 2715/1331/1244 2727/1333/1985 2726/1207/579 2714/1205/1979
f 2716/1453/3459 2728/1455/4251 2727/1333/1985 2715/1331/1244
f 2717/1575/5577 2729/1577/1145 2728/1455/4146 2716/1453/1883
f 2718/1697/2144 2730/1699/4448 2729/1577/4447 2717/1575/2856
f 2719/1819/4585 2731/1821/5302 2730/1699/5254 2718/1697/3790
f 2720/1943/910 2732/1945/4633 2731/1821/5302 2719/1819/4585
f 2721/2061/3871 2733/2063/5326 2732/1945/4633 2720/1943/910
f 2722/2187/3025 2734/2189/3860 2733/2063/5326 2721/2061/3871
f 2723/2285/4501 2735/2287/2930 2734/2189/115 2722/2187/795
f 2724/2433/4078 2736/2435/2554 2747/2289/5520 2735/2287/4077
f 2725/1087/4243 2737/1089/3491 2736/957/3446 2724/955/4919
f 2726/1207/579 2738/1209/587 2737/1089/3491 2725/1087/4243
f 2727/1333/1985 2739/1335/3511 2738/1209/587 2726/1207/579
f 2728/1455/4251 2740/1457/4264 2739/1335/3511 2727/1333/1985
f 2729/1577/1145 2741/1579/4881 2740/1457/3399 2728/1455/4146
f 2730/1699/4448 2742/1701/52 2741/1579/5156 2729/1577/4447
f 2731/1821/5302 2743/1823/4621 2742/1701/3009 2730/1699/5254
f 2732/1945/4633 2744/1947/242 2743/1823/4621 2731/1821/5302
f 2733/2063/5326 2745/2065/3889 2744/1947/242 2732/1945/4633
f 2734/2189/3860 2746/2191/5319 2745/2065/3889 2733/2063/5326
f 2735/2287/2930 2747/2289/3765 2746/2191/2205 2734/2189/115
f 2736/2435/2554 2748/2437/3355 2759/2291/3354 2747/2289/5520
f 2737/1089/3491 2749/1091/1982 2748/959/1217 2736/957/3446
f 2738/1209/587 2750/1211/607 2749/1091/1982 2737/1089/3491
f 2739/1335/3511 2751/1337/1268 2750/1211/607 2738/1209/587
f 2740/1457/4264 2752/1459/574 2751/1337/1268 2739/1335/3511
f 2741/1579/4881 2753/1581/454 2752/1459/455 2740/1457/3399
f 2742/1701/52 2754/1703/5158 2753/1581/4459 2741/1579/5156
f 2743/1823/4621 2755/1825/3056 2754/1703/4586 2742/1701/3009
f 2744/1947/242 2756/1949/3916 2755/1825/3056 2743/1823/4621
f 2745/2065/3889 2757/2067/3070 2756/1949/3916 2744/1947/242
f 2746/2191/5319 2758/2193/2299 2757/2067/3070 2745/2065/3889
f 2747/2289/3765 2759/2291/5212 2758/2193/121 2746/2191/2205
f 2748/2437/3355 2760/2439/1104 2771/2293/2557 2759/2291/3354
f 2749/1091/1982 2761/1093/4273 2760/961/3462 2748/959/1217
f 2750/1211/607 2762/1213/619 2761/1093/4273 2749/1091/1982
f 2751/1337/1268 2763/1339/3521 2762/1213/619 2750/1211/607
f 2752/1459/574 2764/1461/5680 2763/1339/3521 2751/1337/1268
f 2753/1581/454 2765/1583/4885 2764/1461/2612 2752/1459/455
f 2754/1703/5158 2766/1705/2876 2765/1583/2169 2753/1581/4459
f 2755/1825/3056 2767/1827/1637 2766/1705/1584 2754/1703/4586
f 2756/1949/3916 2768/1951/5367 2767/1827/1637 2755/1825/3056
f 2757/2067/3070 2769/2069/4648 2768/1951/5367 2756/1949/3916
f 2758/2193/2299 2770/2195/3061 2769/2069/4648 2757/2067/3070
f 2759/2291/5212 2771/2293/130 2770/2195/3766 2758/2193/121
f 2760/2439/1104 2772/2441/3359 2783/2295/4831 2771/2293/2557
f 2761/1093/4273 2773/1095/4276 2772/963/5657 2760/961/3462
f 2762/1213/619 2774/1215/3569 2773/1095/4276 2761/1093/4273
f 2763/1339/3521 2775/1341/3556 2774/1215/3569 2762/1213/619
f 2764/1461/5680 2776/1463/4993 2775/1341/3556 2763/1339/3521
f 2765/1583/4885 2777/1585/1896 2776/1463/4157 2764/1461/2612
f 2766/1705/2876 2778/1707/1453 2777/1585/63 2765/1583/2169
f 2767/1827/1637 2779/1829/1639 2778/1707/1596 2766/1705/1584
f 2768/1951/5367 2780/1953/2354 2779/1829/1639 2767/1827/1637
f 2769/2069/4648 2781/2071/1668 2780/1953/2354 2768/1951/5367
f 2770/2195/3061 2782/2197/3062 2781/2071/1668 2769/2069/4648
f 2771/2293/130 2783/2295/132 2782/2197/2943 2770/2195/3766
f 2772/2441/3359 2784/2443/4100 2795/2297/4099 2783/2295/4831
f 2773/1095/4276 2785/1097/1265 2784/965/2688 2772/963/5657
f 2774/1215/3569 2786/1217/2758 2785/1097/1265 2773/1095/4276
f 2775/1341/3556 2787/1343/4310 2786/1217/2758 2774/1215/3569
f 2776/1463/4993 2788/1465/580 2787/1343/4310 2775/1341/3556
f 2777/1585/1896 2789/1587/2617 2788/1465/4889 2776/1463/4157
f 2778/1707/1453 2790/1709/766 2789/1587/68 2777/1585/63
f 2779/1829/1639 2791/1831/926 2790/1709/3863 2778/1707/1596
f 2780/1953/2354 2792/1955/1680 2791/1831/926 2779/1829/1639
f 2781/2071/1668 2793/2073/266 2792/1955/1680 2780/1953/2354
f 2782/2197/3062 2794/2199/4636 2793/2073/266 2781/2071/1668
f 2783/2295/132 2795/2297/2950 2794/2199/5225 2782/2197/2943
f 2784/2443/4100 2796/2445/2562 2807/2299/1108 2795/2297/4099
f 2785/1097/1265 2797/1099/1271 2796/967/4254 2784/965/2688
f 2786/1217/2758 2798/1219/4332 2797/1099/1271 2785/1097/1265
f 2787/1343/4310 2799/1345/621 2798/1219/4332 2786/1217/2758
f 2788/1465/580 2800/1467/4996 2799/1345/621 2787/1343/4310
f 2789/1587/2617 2801/1589/4163 2800/1467/4164 2788/1465/4889
f 2790/1709/766 2802/1711/2891 2801/1589/1463 2789/1587/68
f 2791/1831/926 2803/1833/240 2802/1711/3040 2790/1709/3863
f 2792/1955/1680 2804/1957/958 2803/1833/240 2791/1831/926
f 2793/2073/266 2805/2075/3927 2804/1957/958 2792/1955/1680
f 2794/2199/4636 2806/2201/3890 2805/2075/3927 2793/2073/266
f 2795/2297/2950 2807/2299/1518 2806/2201/2955 2794/2199/5225
f 2796/2445/2562 2808/2447/5538 2819/2301/5539 2807/2299/1108
f 2797/1099/1271 2809/1101/4285 2808/969/1245 2796/967/4254
f 2798/1219/4332 2810/1221/5728 2809/1101/4285 2797/1099/1271
f 2799/1345/621 2811/1347/5024 2810/1221/5728 2798/1219/4332
f 2800/1467/4996 2812/1469/2683 2811/1347/5024 2799/1345/621
f 2801/1589/4163 2813/1591/4898 2812/1469/2683 2800/1467/4164
f 2802/1711/2891 2814/1713/3716 2813/1591/2173 2801/1589/1463
f 2803/1833/240 2815/1835/3075 2814/1713/5316 2802/1711/3040
f 2804/1957/958 2816/1959/1687 2815/1835/3075 2803/1833/240
f 2805/2075/3927 2817/2077/3933 2816/1959/1687 2804/1957/958
f 2806/2201/3890 2818/2203/3067 2817/2077/3933 2805/2075/3927
f 2807/2299/1518 2819/2301/2220 2818/2203/2958 2806/2201/2955
f 2808/2447/5538 2820/2449/3372 2831/2303/2568 2819/2301/5539
f 2809/1101/4285 2821/1103/2008 2820/971/2703 2808/969/1245
f 2810/1221/5728 2822/1223/2769 2821/1103/2008 2809/1101/4285
f 2811/1347/5024 2823/1349/2036 2822/1223/2769 2810/1221/5728
f 2812/1469/2683 2824/1471/4247 2823/1349/2036 2811/1347/5024
f 2813/1591/4898 2825/1593/471 2824/1471/4247 2812/1469/2683
f 2814/1713/3716 2826/1715/74 2825/1593/4475 2813/1591/2173
f 2815/1835/3075 2827/1837/2322 2826/1715/2296 2814/1713/5316
f 2816/1959/1687 2828/1961/1692 2827/1837/2322 2815/1835/3075
f 2817/2077/3933 2829/2079/2356 2828/1961/1692 2816/1959/1687
f 2818/2203/3067 2830/2205/4642 2829/2079/2356 2817/2077/3933
f 2819/2301/2220 2831/2303/4524 2830/2205/5229 2818/2203/2958
f 2820/2449/3372 2832/2451/3375 2843/2305/1847 2831/2303/2568
f 2821/1103/2008 2833/1105/3526 2832/973/3495 2820/971/2703
f 2822/1223/2769 2834/1225/2778 2833/1105/3526 2821/1103/2008
f 2823/1349/2036 2835/1351/2037 2834/1225/2778 2822/1223/2769
f 2824/1471/4247 2836/1473/3518 2835/1351/2037 2823/1349/2036
f 2825/1593/471 2837/1595/473 2836/1473/1164 2824/1471/4247
f 2826/1715/74 2838/1717/3723 2837/1595/2897 2825/1593/4475
f 2827/1837/2322 2839/1839/1657 2838/1717/3051 2826/1715/2296
f 2828/1961/1692 2840/1963/1698 2839/1839/1657 2827/1837/2322
f 2829/2079/2356 2841/2081/2358 2840/1963/1698 2828/1961/1692
f 2830/2205/4642 2842/2207/4645 2841/2081/2358 2829/2079/2356
f 2831/2303/4524 2843/2305/5231 2842/2207/136 2830/2205/5229
f 2832/2451/3375 2844/2453/422 2855/2307/422 2843/2305/1847
f 2833/1105/3526 2845/1107/608 2844/975/1980 2832/973/3495
f 2834/1225/2778 2846/1227/650 2845/1107/608 2833/1105/3526
f 2835/1351/2037 2847/1353/3571 2846/1227/650 2834/1225/2778
f 2836/1473/3518 2848/1475/589 2847/1353/3571 2835/1351/2037
f 2837/1595/473 2849/1597/1094 2848/1475/1905 2836/1473/1164
f 2838/1717/3723 2850/1719/776 2849/1597/1094 2837/1595/2897
f 2839/1839/1657 2851/1841/3917 2850/1719/222 2838/1717/3051
f 2840/1963/1698 2852/1965/2384 2851/1841/3917 2839/1839/1657
f 2841/2081/2358 2853/2083/4684 2852/1965/2384 2840/1963/1698
f 2842/2207/4645 2854/2209/3895 2853/2083/4684 2841/2081/2358
f 2843/2305/5231 2855/2307/822 2854/2209/141 2842/2207/136
f 2844/2453/422 2856/2455/4846 2867/2309/4847 2855/2307/422
f 2845/1107/608 2857/1109/1293 2856/977/1249 2844/975/1980
f 2846/1227/650 2858/1229/5747 2857/1109/1293 2845/1107/608
f 2847/1353/3571 2859/1355/2038 2858/1229/5747 2846/1227/650
f 2848/1475/589 2860/1477/2005 2859/1355/2038 2847/1353/3571
f 2849/1597/1094 2861/1599/2548 2860/1477/5604 2848/1475/1905
f 2850/1719/776 2862/1721/1473 2861/1599/2548 2849/1597/1094
f 2851/1841/3917 2863/1843/5358 2862/1721/2298 2850/1719/222
f 2852/1965/2384 2864/1967/304 2863/1843/5358 2851/1841/3917
f 2853/2083/4684 2865/2085/954 2864/1967/304 2852/1965/2384
f 2854/2209/3895 2866/2211/5340 2865/2085/954 2853/2083/4684
f 2855/2307/822 2867/2309/2961 2866/2211/2960 2854/2209/141
f 2856/2455/4846 2868/2457/1853 2879/2311/1852 2867/2309/4847
f 2857/1109/1293 2869/1111/5016 2868/979/4268 2856/977/1249
f 2858/1229/5747 2870/1231/3595 2869/1111/5016 2857/1109/1293
f 2859/1355/2038 2871/1357/5050 2870/1231/3595 2858/1229/5747
f 2860/1477/2005 2872/1479/1971 2871/1357/2006 2859/1355/2038
f 2861/1599/2548 2873/1601/1907 2872/1479/1971 2860/1477/5604
f 2862/1721/1473 2874/1723/5253 2873/1601/5175 2861/1599/2548
f 2863/1843/5358 2875/1845/3096 2874/1723/5253 2862/1721/2298
f 2864/1967/304 2876/1969/4711 2875/1845/3096 2863/1843/5358
f 2865/2085/954 2877/2087/1682 2876/1969/4711 2864/1967/304
f 2866/2211/5340 2878/2213/3077 2877/2087/1682 2865/2085/954
f 2867/2309/2961 2879/2311/1523 2878/2213/824 2866/2211/2960
f 2868/2457/1853 2880/2459/429 2891/2313/5550 2879/2311/1852
f 2869/1111/5016 2881/1113/4312 2880/981/1983 2868/979/4268
f 2870/1231/3595 2882/1233/2071 2881/1113/4312 2869/1111/5016
f 2871/1357/5050 2883/1359/2059 2882/1233/2071 2870/1231/3595
f 2872/1479/1971 2884/1481/566 2883/1359/4287 2871/1357/2006
f 2873/1601/1907 2885/1603/479 2884/1481/566 2872/1479/1971
f 2874/1723/5253 2886/1725/169 2885/1603/3734 2873/1601/5175
f 2875/1845/3096 2887/1847/3924 2886/1725/169 2874/1723/5253
f 2876/1969/4711 2888/1971/2397 2887/1847/3924 2875/1845/3096
f 2877/2087/1682 2889/2089/5378 2888/1971/2397 2876/1969/4711
f 2878/2213/3077 2890/2215/5341 2889/2089/5378 2877/2087/1682
f 2879/2311/1523 2891/2313/4528 2890/2215/5234 2878/2213/824
f 2880/2459/429 2892/2461/431 2903/2315/431 2891/2313/5550
f 2881/1113/4312 2893/1115/1296 2892/983/4270 2880/981/1983
f 2882/1233/2071 2894/1235/4360 2893/1115/1296 2881/1113/4312
f 2883/1359/2059 2895/1361/4333 2894/1235/4360 2882/1233/2071
f 2884/1481/566 2896/1483/3524 2895/1361/4333 2883/1359/4287
f 2885/1603/479 2897/1605/1828 2896/1483/1909 2884/1481/566
f 2886/1725/169 2898/1727/3809 2897/1605/1828 2885/1603/3734
f 2887/1847/3924 2899/1849/3100 2898/1727/3809 2886/1725/169
f 2888/1971/2397 2900/1973/4715 2899/1849/3100 2887/1847/3924
f 2889/2089/5378 2901/2091/3943 2900/1973/4715 2888/1971/2397
f 2890/2215/5341 2902/2217/1652 2901/2091/3943 2889/2089/5378
f 2891/2313/4528 2903/2315/2963 2902/2217/2962 2890/2215/5234
f 2892/2461/431 2904/2463/2650 2915/2317/1126 2903/2315/431
f 2893/1115/1296 2905/1117/5021 2904/985/2650 2892/983/4270
f 2894/1235/4360 2906/1237/3606 2905/1117/5021 2893/1115/1296
f 2895/1361/4333 2907/1363/630 2906/1237/3606 2894/1235/4360
f 2896/1483/3524 2908/1485/591 2907/1363/630 2895/1361/4333
f 2897/1605/1828 2909/1607/2546 2908/1485/4903 2896/1483/1909
f 2898/1727/3809 2910/1729/3740 2909/1607/2546 2897/1605/1828
f 2899/1849/3100 2911/1851/2348 2910/1729/1635 2898/1727/3809
f 2900/1973/4715 2912/1975/3982 2911/1851/2348 2899/1849/3100
f 2901/2091/3943 2913/2093/5408 2912/1975/3982 2900/1973/4715
f 2902/2217/1652 2914/2219/1617 2913/2093/1654 2901/2091/3943
f 2903/2315/2963 2915/2317/3780 2914/2219/1617 2902/2217/2962
f 2904/2463/2650 2916/2465/1937 2927/2319/4123 2915/2317/1126
f 2905/1117/5021 2917/1119/4317 2916/987/1937 2904/985/2650
f 2906/1237/3606 2918/1239/5071 2917/1119/4317 2905/1117/5021
f 2907/1363/630 2919/1365/5727 2918/1239/5071 2906/1237/3606
f 2908/1485/591 2920/1487/3528 2919/1365/5727 2907/1363/630
f 2909/1607/2546 2921/1609/2542 2920/1487/481 2908/1485/4903
f 2910/1729/3740 2922/1731/4570 2921/1609/2542 2909/1607/2546
f 2911/1851/2348 2923/1853/3107 2922/1731/4570 2910/1729/1635
f 2912/1975/3982 2924/1977/1000 2923/1853/3107 2911/1851/2348
f 2913/2093/5408 2925/2095/994 2924/1977/1000 2912/1975/3982
f 2914/2219/1617 2926/2221/3043 2925/2095/5345 2913/2093/1654
f 2915/2317/3780 2927/2319/828 2926/2221/3043 2914/2219/1617
f 2916/2465/1937 2928/2467/4215 2939/2321/4861 2927/2319/4123
f 2917/1119/4317 2929/1121/623 2928/989/4215 2916/987/1937
f 2918/1239/5071 2930/1241/1345 2929/1121/623 2917/1119/4317
f 2919/1365/5727 2931/1367/1339 2930/1241/1345 2918/1239/5071
f 2920/1487/3528 2932/1489/4984 2931/1367/5693 2919/1365/5727
f 2921/1609/2542 2933/1611/2629 2932/1489/4984 2920/1487/481
f 2922/1731/4570 2934/1733/3001 2933/1611/4485 2921/1609/2542
f 2923/1853/3107 2935/1855/3109 2934/1733/3001 2922/1731/4570
f 2924/1977/1000 2936/1979/319 2935/1855/3109 2923/1853/3107
f 2925/2095/994 2937/2097/2405 2936/1979/319 2924/1977/1000
f 2926/2221/3043 2938/2223/3045 2937/2097/3899 2925/2095/5345
f 2927/2319/828 2939/2321/1524 2938/2223/3045 2926/2221/3043
f 2928/2467/4215 2940/2469/512 2951/2323/1862 2939/2321/4861
f 2929/1121/623 2941/1123/2754 2940/991/512 2928/989/4215
f 2930/1241/1345 2942/1243/4373 2941/1123/2754 2929/1121/623
f 2931/1367/1339 2943/1369/3609 2942/1243/4373 2930/1241/1345
f 2932/1489/4984 2944/1491/2696 2943/1369/2733 2931/1367/5693
f 2933/1611/2629 2945/1613/480 2944/1491/2696 2932/1489/4984
f 2934/1733/3001 2946/1735/858 2945/1613/3742 2933/1611/4485
f 2935/1855/3109 2947/1857/3111 2946/1735/858 2934/1733/3001
f 2936/1979/319 2948/1981/321 2947/1857/3111 2935/1855/3109
f 2937/2097/2405 2949/2099/3983 2948/1981/321 2936/1979/319
f 2938/2223/3045 2950/2225/1619 2949/2099/3082 2937/2097/3899
f 2939/2321/1524 2951/2323/144 2950/2225/1619 2938/2223/3045
f 2959/3603/4313 2983/3647/5023 3928/3608/5022 2980/3579/4301
f 2983/3661/5023 3883/3646/4325 2970/3631/5723 3928/3656/5022
f 3928/3656/1125 2970/3631/475 3893/3594/5585 3924/3636/4093
f 2980/3579/1071 3928/3608/1125 3924/3552/4093 3894/3542/2850
f 3881/3606/2753 2982/3649/1298 3929/3610/1290 2976/3577/4323
f 2982/3659/1298 3890/3644/5711 2973/3629/3520 3929/3654/1290
f 3929/3654/1073 2973/3629/4462 2963/3591/5182 2981/3633/3673
f 2976/3577/4128 3929/3610/1073 2981/3553/3673 3892/3544/3367
f 3889/3622/1266 3926/3626/5000 2984/3583/1981 2975/3595/3507
f 3926/3626/5000 3891/3588/4281 3922/3570/1260 2984/3583/1981
f 2984/3583/906 3922/3570/2278 2964/3545/3050 3927/3556/4628
f 2975/3595/1614 2984/3583/906 3927/3556/4628 2962/3559/2304
f 3892/3544/3367 2981/3553/3673 2985/3497/57 2967/3503/392
f 2981/3633/3673 2963/3591/5182 2978/3527/794 2985/3533/57
f 2985/3533/57 2978/3527/794 3886/3486/4531 3914/3472/2197
f 2967/3503/392 2985/3497/57 3914/3418/2197 2952/3445/43
f 3881/3606/2753 3918/3614/3572 3931/3666/3565 2982/3649/1298
f 2957/3623/638 2971/3641/3574 3931/3666/3565 3925/3628/2042
f 3883/3646/4325 2983/3661/5023 3931/3666/3565 2971/3641/3574
f 2959/3603/4313 3921/3612/5709 3931/3664/3565 2983/3647/5023
f 3889/3622/1266 2974/3639/2011 3931/3664/3565 3926/3626/5000
f 3890/3644/5711 2982/3659/1298 3931/3664/3565 2974/3639/2011
f 2962/3559/2304 3927/3556/4628 3932/3516/3893 2979/3519/3066
f 3927/3556/4628 2964/3545/3050 3911/3512/3887 3932/3516/3893
f 3932/3516/3893 3911/3512/3887 2958/3463/2342 3913/3468/3113
f 2979/3519/3066 3932/3516/3893 3913/3468/3113 3884/3482/3106
f 2960/3547/3513 3923/3558/586 2986/3585/2748 2977/3571/5692
f 3923/3558/586 2961/3561/1272 3908/3598/2030 2986/3585/2748
f 2986/3585/5064 3908/3598/2058 2957/3623/638 3925/3628/2042
f 2977/3571/5743 2986/3585/5064 3925/3628/2042 3882/3590/5031
f 3885/3424/300 3912/3406/4707 2987/3375/4679 3915/3396/3929
f 3912/3406/4707 3888/3402/1690 3917/3380/5360 2987/3375/4679
f 2987/3377/4679 3917/3398/5360 2956/3425/3883 3907/3408/5333
f 3915/3382/3929 2987/3377/4679 3907/3408/5333 2953/3403/3886
f 2952/3445/43 3896/3414/2192 3933/3438/40 3895/3458/4794
f 2953/3403/3886 3897/3434/3038 3933/3438/1616 3896/3414/233
f 2954/3465/2677 3895/3458/2674 3933/3438/5624 3897/3434/4190
f 2955/3483/4963 3899/3454/4918 3934/3462/1942 3898/3494/551
f 2956/3425/3883 3900/3450/1628 3934/3462/3848 3899/3454/1591
f 3884/3482/3106 3902/3452/286 2988/3459/2360 3901/3492/2340
f 3885/3424/300 2965/3447/287 2988/3459/1712 3902/3452/2412
f 3886/3486/4531 3901/3492/5258 2988/3459/186 2965/3447/1553
f 3887/3444/4490 2966/3411/808 3935/3436/2224 3903/3456/2935
f 3888/3402/1690 3904/3432/4719 3935/3436/971 2966/3411/3938
f 2958/3463/2342 3903/3456/1647 3935/3436/273 3904/3432/1681
f 3892/3544/3367 2967/3503/392 2989/3509/1124 3905/3540/3394
f 2967/3503/392 2952/3445/43 3895/3458/4794 2989/3509/1124
f 2989/3509/1975 3895/3458/2674 2954/3465/2677 3906/3514/1253
f 3905/3540/1256 2989/3509/1975 3906/3514/1253 2960/3547/3513
f 2953/3403/3886 3907/3408/5333 3936/3442/2275 3897/3434/3038
f 3907/3408/5333 2956/3425/3883 3899/3454/1591 3936/3442/2275
f 3936/3442/4182 3899/3454/4918 2955/3483/4963 2968/3469/1223
f 3897/3434/4190 3936/3442/4182 2968/3469/1223 2954/3465/2677
f 3893/3594/5585 2970/3631/475 3937/3618/4223 2969/3575/2640
f 2970/3631/5723 3883/3646/4325 2971/3641/3574 3937/3618/5732
f 3937/3618/5732 2971/3641/3574 2957/3623/638 3908/3598/2058
f 2969/3575/582 3937/3618/592 3908/3598/2030 2961/3561/1272
f 2963/3591/5182 2973/3629/4462 3938/3616/4495 2972/3573/5208
f 2973/3629/3520 3890/3644/5711 2974/3639/2011 3938/3616/2720
f 3938/3616/2720 2974/3639/2011 3889/3622/1266 2975/3595/3507
f 2972/3573/5322 3938/3616/1601 2975/3595/1614 2962/3559/2304
f 3939/3508/916 3903/3456/1647 2958/3463/2342 3911/3512/3887
f 3909/3538/208 3939/3508/916 3911/3512/3887 2964/3545/3050
f 3888/3402/1690 3912/3406/4707 2990/3439/2417 3904/3432/4719
f 3912/3406/4707 3885/3424/300 3902/3452/2412 2990/3439/2417
f 2990/3439/1691 3902/3452/286 3884/3482/3106 3913/3468/3113
f 3904/3432/1681 2990/3439/1691 3913/3468/3113 2958/3463/2342
f 2952/3445/43 3914/3418/2197 3940/3390/149 3896/3414/2192
f 3914/3472/2197 3886/3486/4531 2965/3447/1553 3940/3420/149
f 3940/3420/3097 2965/3447/287 3885/3424/300 3915/3396/3929
f 3896/3414/233 3940/3390/3097 3915/3382/3929 2953/3403/3886
f 3887/3444/4490 3916/3416/760 2991/3387/3748 2966/3411/808
f 3916/3474/760 3880/3488/3329 3900/3450/1418 2991/3421/3748
f 2991/3421/1649 3900/3450/1628 2956/3425/3883 3917/3398/5360
f 2966/3411/3938 2991/3387/1649 3917/3380/5360 3888/3402/1690
f 3881/3606/2753 2976/3577/4323 3941/3566/2762 3918/3614/3572
f 2976/3577/4128 3892/3544/3367 3905/3540/3394 3941/3566/466
f 3941/3566/3515 3905/3540/1256 2960/3547/3513 2977/3571/5692
f 3918/3614/3572 3941/3566/2762 2977/3571/5743 3882/3590/5031
f 3880/3488/3329 3919/3530/3388 2992/3525/5596 3898/3494/4855
f 3919/3530/3388 3893/3594/5585 2969/3575/2640 2992/3525/5596
f 2992/3525/1988 2969/3575/582 2961/3561/1272 3920/3522/4274
f 3898/3494/551 2992/3525/1988 3920/3522/4274 2955/3483/4963
f 3886/3486/4531 2978/3527/794 3942/3524/152 3901/3492/5258
f 2978/3527/794 2963/3591/5182 2972/3573/5208 3942/3524/152
f 3942/3524/2310 2972/3573/5322 2962/3559/2304 2979/3519/3066
f 3901/3492/2340 3942/3524/2310 2979/3519/3066 3884/3482/3106
f 2959/3603/4313 2980/3579/4301 3943/3564/1267 3921/3612/5709
f 2980/3579/1071 3894/3542/2850 3909/3538/2175 3943/3564/2868
f 3943/3564/1574 3909/3538/208 2964/3545/3050 3922/3570/2278
f 2954/3465/2677 2968/3469/1223 3944/3518/1257 3906/3514/1253
f 2968/3469/1223 2955/3483/4963 3920/3522/4274 3944/3518/1257
f 3944/3518/1257 3920/3522/4274 2961/3561/1272 3923/3558/586
f 3906/3514/1253 3944/3518/1257 3923/3558/586 2960/3547/3513
f 2997/3604/5716 3855/3580/2027 3862/3607/2752 3860/3648/4319
f 3860/3662/4319 3862/3655/2752 3003/3632/627 2994/3645/4326
f 3862/3655/4854 3858/3635/1105 3817/3593/4150 3003/3632/1904
f 3806/3605/3566 3848/3578/5722 3012/3609/4305 3859/3650/620
f 3859/3660/620 3012/3653/4305 3839/3630/5003 2996/3643/614
f 3012/3653/4059 3857/3634/733 3000/3592/2188 3839/3630/2170
f 3848/3578/4129 3815/3543/5535 3857/3554/733 3012/3609/4059
f 2995/3621/3514 3841/3596/1989 3013/3584/2707 3011/3625/2727
f 3011/3625/2727 3013/3584/2707 3009/3569/4275 2998/3587/4998
f 3013/3584/2293 3861/3555/5329 3819/3546/1624 3009/3569/3033
f 3841/3596/3870 3818/3560/1631 3861/3555/5329 3013/3584/2293
f 3857/3634/733 3863/3534/2165 3852/3528/106 3000/3592/2188
f 3864/3535/3322 3845/3473/5155 2993/3487/3328 3850/3529/4863
f 3806/3605/3566 3859/3650/620 3014/3665/4318 3847/3613/5028
f 3807/3589/2773 3847/3613/5028 3014/3665/4318 3010/3627/633
f 3808/3624/1314 3010/3627/633 3014/3665/4318 3837/3642/3573
f 2994/3645/4326 3837/3642/3573 3014/3665/4318 3860/3662/4319
f 2997/3604/5716 3860/3648/4319 3014/3663/4318 3854/3611/2029
f 2998/3587/4998 3854/3611/2029 3014/3663/4318 3011/3625/2727
f 2995/3621/3514 3011/3625/2727 3014/3663/4318 3840/3640/2012
f 2996/3643/614 3840/3640/2012 3014/3663/4318 3859/3660/620
f 3861/3555/5329 3865/3515/2312 3006/3511/4634 3819/3546/1624
f 3865/3515/2312 3007/3467/3114 3814/3464/5359 3006/3511/4634
f 3853/3520/3892 3809/3481/5369 3007/3467/3114 3865/3515/2312
f 2999/3548/4277 3849/3572/2007 3015/3586/2747 3856/3557/2725
f 3856/3557/2725 3015/3586/2747 3004/3597/2749 3816/3562/3519
f 3015/3586/2075 3010/3627/633 3808/3624/1314 3004/3597/5053
f 3849/3572/2051 3807/3589/2773 3010/3627/633 3015/3586/2075
f 3810/3423/3962 3008/3395/4676 3016/3376/3110 3843/3405/3135
f 3843/3405/3135 3016/3376/3110 3846/3379/947 3813/3401/3945
f 3016/3378/3110 3834/3407/1638 3805/3426/5331 3846/3397/947
f 3008/3381/4676 3802/3404/232 3834/3407/1638 3016/3378/3110
f 3801/3446/42 3001/3457/4064 3017/3437/41 3821/3413/786
f 3802/3404/232 3821/3413/4635 3017/3437/2292 3822/3433/891
f 3803/3466/3460 3822/3433/1178 3017/3437/1928 3001/3457/5647
f 2993/3487/3328 3825/3449/2146 3866/3461/4067 3823/3493/5555
f 3813/3401/3945 3830/3412/277 3868/3435/3124 3002/3431/5415
f 3814/3464/5359 3002/3431/5376 3868/3435/3928 3829/3455/3074
f 3832/3504/1809 3869/3510/5552 3001/3457/4064 3801/3446/42
f 3869/3510/4263 3833/3513/1252 3803/3466/3460 3001/3457/5647
f 3831/3539/4990 2999/3548/4277 3833/3513/1252 3869/3510/4263
f 3802/3404/232 3822/3433/891 3018/3441/4600 3834/3407/1638
f 3834/3407/1638 3018/3441/4600 3824/3453/1590 3805/3426/5331
f 3018/3441/1173 3835/3470/4955 3804/3484/5656 3824/3453/4917
f 3822/3433/1178 3803/3466/3460 3835/3470/4955 3018/3441/1173
f 3817/3593/4150 3836/3576/2639 3870/3617/4942 3003/3632/1904
f 3003/3632/627 3870/3617/5032 3837/3642/3573 2994/3645/4326
f 3870/3617/5032 3004/3597/5053 3808/3624/1314 3837/3642/3573
f 3836/3576/2724 3816/3562/3519 3004/3597/2749 3870/3617/593
f 3000/3592/2188 3838/3574/3764 3871/3615/2917 3839/3630/2170
f 3839/3630/5003 3871/3615/1998 3840/3640/2012 2996/3643/614
f 3871/3615/1998 3841/3596/1989 2995/3621/3514 3840/3640/2012
f 3820/3541/5132 3005/3537/4474 3872/3507/5194 3842/3501/4460
f 3872/3507/917 3006/3511/4634 3814/3464/5359 3829/3455/3074
f 3005/3537/3862 3819/3546/1624 3006/3511/4634 3872/3507/917
f 3813/3401/3945 3002/3431/5415 3873/3440/333 3843/3405/3135
f 3873/3440/5382 3007/3467/3114 3809/3481/5369 3827/3451/3119
f 3002/3431/5376 3814/3464/5359 3007/3467/3114 3873/3440/5382
f 3801/3446/42 3821/3413/786 3019/3389/4529 3844/3417/1490
f 3844/3471/1490 3019/3419/4529 3828/3448/854 3811/3485/832
f 3019/3419/3098 3008/3395/4676 3810/3423/3962 3828/3448/5381
f 3821/3413/4635 3802/3404/232 3008/3381/4676 3019/3389/3098
f 3845/3473/5155 3874/3422/1488 3825/3449/2146 2993/3487/3328
f 3875/3565/2000 3849/3572/2007 2999/3548/4277 3831/3539/4990
f 2993/3487/3328 3823/3493/5555 3876/3526/3402 3850/3529/4863
f 3852/3528/106 3877/3523/3786 3838/3574/3764 3000/3592/2188
f 2997/3604/5716 3854/3611/2029 3878/3563/4282 3855/3580/2027
f 3855/3580/5481 3878/3563/756 3005/3537/4474 3820/3541/5132
f 3878/3563/188 3009/3569/3033 3819/3546/1624 3005/3537/3862
f 3854/3611/2029 2998/3587/4998 3009/3569/4275 3878/3563/4282
f 3833/3513/1252 2999/3548/4277 3856/3557/2725 3879/3517/1258
f 3020/4748/366 3022/4750/3763 3023/4668/3763 3021/4670/366
f 3022/4750/249 3024/4762/249 3025/4640/249 3023/4668/249
f 3024/4762/4000 3026/4786/1773 3027/4618/5463 3025/4640/4000
f 3026/4784/1773 3028/4760/4742 3029/4660/4742 3027/4636/5463
f 3028/4780/5343 3030/4756/5343 3031/4642/5343 3029/4616/5343
f 3030/4756/3762 3032/4752/365 3033/4662/365 3031/4642/3762
f 3032/4752/365 3034/4754/2603 3035/4672/2603 3033/4662/365
f 3034/4754/2009 3036/4764/2009 3037/4644/2009 3035/4672/2009
f 3036/4764/1363 3038/4788/2114 3039/4620/5815 3037/4644/1363
f 3038/4766/2114 3040/4790/5094 3041/4646/5094 3039/4666/5815
f 3023/4668/126 3046/4624/4514 3047/4622/8 3021/4670/8
f 3040/4782/4289 3042/4758/4289 3043/4638/4289 3041/4614/4289
f 3042/4758/2604 3020/4748/366 3021/4670/366 3043/4638/2604
f 3037/4644/5659 3061/4602/1235 3059/4628/2610 3035/4672/1152
f 3027/4618/2303 3051/4582/2303 3049/4604/3852 3025/4640/3855
f 3020/4748/5465 3044/4776/5466 3045/4774/127 3022/4750/1506
f 3034/4754/4883 3058/4778/1151 3060/4798/4970 3036/4764/4971
f 3024/4762/205 3048/4792/3035 3050/4808/2301 3026/4786/2301
f 3031/4642/1515 3055/4606/1514 3053/4578/5282 3029/4616/5282
f 3038/4788/4 3062/4810/86 3069/4818/5167
f 3028/4780/5280 3052/4806/5280 3054/4794/2217 3030/4756/2949
f 3055/4606/4042 3057/4626/2505 3059/4628/2505 3061/4602/1056
f 3060/4798/2 3058/4778/2 3056/4772/2 3054/4794/2
f 3066/4796/2 3064/4804/2 3050/4808/2 3048/4792/2
f 3028/4760/2 3026/4784/2 3073/4802/3304 3072/4768/1776
f 3063/4584/2909 3075/4572/72 3070/4562/852 3053/4578/1533
f 3049/4604/2501 3051/4582/3305 3065/4580/3305 3067/4600/2500
f 3046/4624/1 3049/4604/2501 3067/4600/2500 3047/4622/1
f 3053/4578/370 3055/4606/4042 3061/4602/1056 3063/4584/370
f 3044/4776/2 3066/4796/2 3048/4792/2 3045/4774/2
f 3062/4810/2 3060/4798/2 3054/4794/2 3052/4806/2
f 3030/4756/2949 3054/4794/2217 3056/4772/5464 3032/4752/367
f 3040/4782/5638 3064/4804/5638 3066/4796/3406 3042/4758/4158
f 3033/4662/723 3057/4626/3657 3055/4606/1514 3031/4642/1515
f 3043/4638/1159 3067/4600/4890 3065/4580/5639 3041/4614/5639
f 3073/4814/5533 3026/4786/3 3050/4808/5558
f 3036/4764/4971 3060/4798/4970 3062/4810/5675 3038/4788/5675
f 3039/4666/1 3041/4646/1 3074/4594/1 3075/4654/1
f 3039/4620/3501 3063/4584/3501 3061/4602/1235 3037/4644/5659
f 3022/4750/1506 3045/4774/127 3048/4792/3035 3024/4762/205
f 3032/4752/367 3056/4772/5464 3058/4778/1151 3034/4754/4883
f 3042/4758/4158 3066/4796/3406 3044/4776/5466 3020/4748/5465
f 3025/4640/3855 3049/4604/3852 3046/4624/4514 3023/4668/126
f 3035/4672/1152 3059/4628/2610 3057/4626/3657 3033/4662/723
f 3021/4670/8 3047/4622/8 3067/4600/4890 3043/4638/1159
f 3064/4804/4908 3068/4812/5630 3073/4814/5533 3050/4808/5558
f 3071/4592/1 3070/4652/1 3075/4654/1 3074/4594/1
f 3063/4584/2909 3039/4620/4 3075/4572/72
f 3052/4806/1535 3028/4780/1604 3072/4816/5256
f 3051/4582/1127 3071/4566/3365 3074/4564/5629 3065/4580/5618
f 3073/4802/3304 3068/4800/4765 3069/4770/369 3072/4768/1776
f 3041/4614/4974 3065/4580/5618 3074/4564/5629
f 3052/4806/1535 3072/4816/5256 3069/4818/5167 3062/4810/86
f 3053/4578/1533 3070/4562/852 3029/4616/890
f 3027/4618/7 3071/4566/3365 3051/4582/1127
f 3027/4636/1 3029/4660/1 3070/4652/1 3071/4592/1
f 3064/4804/4908 3040/4782/4975 3068/4812/5630
f 3040/4790/1780 3038/4766/1780 3069/4770/369 3068/4800/4765
f 3089/4241/1664 3121/4286/4657 3132/4284/1661 3109/4266/252
f 3138/4305/4660 3121/4286/4657 3089/4241/1664 3111/4243/258
f 3204/4060/5288 3166/4164/4631 3143/4122/3822 3167/4038/135
f 3145/3836/4307 3171/3994/2715 3205/4014/5691 3172/3880/5731
f 3171/3994/2715 3146/4104/4236 3173/4110/4235 3205/4014/5691
f 3205/4014/5691 3173/4110/4235 3148/4132/5631 3174/4046/4926
f 3172/3880/5731 3205/4014/5691 3174/4046/2793 3147/3920/3603
f 3147/3920/3603 3174/4046/2793 3206/4062/2798 3175/3976/671
f 3175/3976/671 3206/4062/2798 3176/4106/4376 3149/4042/4377
f 3150/4208/1344 3178/4256/667 3208/4308/5059 3179/4312/5058
f 3179/4312/5058 3208/4308/5059 3180/4336/1322 3151/4354/5740
f 3151/4354/5740 3180/4336/1322 3209/4370/631 3181/4414/1308
f 3180/4336/5544 3152/4320/2573 3182/4332/4134 3209/4370/1872
f 3209/4370/1872 3182/4332/4134 3153/4352/446 3183/4408/4145
f 3187/4560/3789 3211/4497/3016 3188/4492/5325 3155/4570/2264
f 3188/4492/5325 3156/4400/2321 3189/4390/5377 3212/4471/3064
f 3159/3988/3551 3193/4066/5012 3214/4102/2741 3190/4032/604
f 3193/4066/5012 3151/4204/5011 3181/4226/3540 3214/4102/2741
f 3190/4032/604 3214/4102/2741 3192/4120/2743 3157/4056/3554
f 3216/4058/1282 3194/4044/4297 3150/4130/5706 3179/4168/2022
f 3193/4066/5012 3216/4058/1282 3179/4168/2022 3151/4204/5011
f 3218/3960/4295 3196/3930/5704 3147/4012/4299 3175/4052/2023
f 3195/3980/3547 3218/3960/4295 3175/4052/2023 3149/4064/2739
f 3219/3918/5696 3197/3906/3537 3145/3932/5695 3172/3974/2735
f 3196/3930/5704 3219/3918/5696 3172/3974/2735 3147/4012/4299
f 3198/4316/1660 3158/4240/2335 3189/4244/256 3220/4306/4651
f 3223/4451/5348 3202/4438/944 3148/4518/942 3173/4520/937
f 3225/2376/4535 3236/2230/4535 3248/2232/2227 3237/2378/907
f 3226/1030/289 3225/898/3914 3237/900/907 3238/1032/2368
f 3227/1150/5416 3226/1030/289 3238/1032/2368 3239/1152/997
f 3228/1276/950 3227/1150/5416 3239/1152/997 3240/1278/2346
f 3229/1398/4626 3228/1276/950 3240/1278/2346 3241/1400/1632
f 3230/1520/407 3229/1398/1472 3241/1400/777 3242/1522/5521
f 3231/1642/486 3230/1520/407 3242/1522/5521 3243/1644/1170
f 3232/1764/2764 3231/1642/2026 3243/1644/2746 3244/1766/1310
f 3233/1888/5763 3232/1764/2764 3244/1766/1310 3245/1890/4363
f 3234/2006/4339 3233/1888/5763 3245/1890/4363 3246/2008/3582
f 3235/2132/4204 3234/2006/1984 3246/2008/576 3247/2134/5626
f 3236/2230/3382 3235/2132/4204 3247/2134/5626 3248/2232/1121
f 3237/2378/907 3248/2232/2227 3260/2234/2228 3249/2380/4620
f 3238/1032/2368 3237/900/907 3249/902/4620 3250/1034/264
f 3239/1152/997 3238/1032/2368 3250/1034/3980 3251/1154/2406
f 3240/1278/2346 3239/1152/997 3251/1154/2406 3252/1280/4672
f 3241/1400/1632 3240/1278/2346 3252/1280/4672 3253/1402/5327
f 3242/1522/5521 3241/1400/777 3253/1402/4477 3254/1524/4824
f 3243/1644/1170 3242/1522/5521 3254/1524/4824 3255/1646/1171
f 3244/1766/1310 3243/1644/2746 3255/1646/5708 3256/1768/3578
f 3245/1890/4363 3244/1766/1310 3256/1768/3578 3257/1892/4365
f 3246/2008/3582 3245/1890/4363 3257/1892/4365 3258/2010/5019
f 3247/2134/5626 3246/2008/576 3258/2010/5019 3259/2136/2646
f 3248/2232/1121 3247/2134/5626 3259/2136/2646 3260/2234/1849
f 3249/2380/4620 3260/2234/2228 3272/2236/835 3261/2382/221
f 3250/1034/264 3249/902/4620 3261/904/221 3262/1036/3915
f 3251/1154/2406 3250/1034/3980 3262/1036/3981 3263/1156/3147
f 3252/1280/4672 3251/1154/2406 3263/1156/3147 3264/1282/5368
f 3253/1402/5327 3252/1280/4672 3264/1282/5368 3265/1404/230
f 3254/1524/4824 3253/1402/4477 3265/1404/3733 3266/1526/4092
f 3255/1646/1171 3254/1524/4824 3266/1526/4092 3267/1648/2633
f 3256/1768/3578 3255/1646/5708 3267/1648/1289 3268/1770/5730
f 3257/1892/4365 3256/1768/3578 3268/1770/5730 3269/1894/1337
f 3258/2010/5019 3257/1892/4365 3269/1894/4344 3270/2012/4315
f 3259/2136/2646 3258/2010/5019 3270/2012/4315 3271/2138/4208
f 3260/2234/1849 3259/2136/2646 3271/2138/4208 3272/2236/1123
f 3261/2382/221 3272/2236/835 3284/2238/2163 3273/2384/1621
f 3262/1036/3915 3261/904/221 3273/906/1621 3274/1038/963
f 3263/1156/3147 3262/1036/3981 3274/1038/963 3275/1158/4722
f 3264/1282/5368 3263/1156/3147 3275/1158/4722 3276/1284/2347
f 3265/1404/230 3264/1282/5368 3276/1284/2347 3277/1406/2305
f 3266/1526/4092 3265/1404/3733 3277/1406/3732 3278/1528/409
f 3267/1648/2633 3266/1526/4092 3278/1528/409 3279/1650/3492
f 3268/1770/5730 3267/1648/1289 3279/1650/3492 3280/1772/4336
f 3269/1894/1337 3268/1770/5730 3280/1772/4336 3281/1896/2795
f 3270/2012/4315 3269/1894/4344 3281/1896/2795 3282/2014/3584
f 3271/2138/4208 3270/2012/4315 3282/2014/1987 3283/2140/4925
f 3272/2236/1123 3271/2138/4208 3283/2140/4925 3284/2238/2163
f 3273/2384/1621 3284/2238/2163 3296/2240/1445 3285/2386/2965
f 3274/1038/963 3273/906/1621 3285/908/4664 3286/1040/2367
f 3275/1158/4722 3274/1038/963 3286/1040/2367 3287/1160/1717
f 3276/1284/2347 3275/1158/4722 3287/1160/1717 3288/1286/4671
f 3277/1406/2305 3276/1284/2347 3288/1286/4671 3289/1408/850
f 3278/1528/409 3277/1406/3732 3289/1408/850 3290/1530/5522
f 3279/1650/3492 3278/1528/409 3290/1530/5522 3291/1652/5670
f 3280/1772/4336 3279/1650/3492 3291/1652/5670 3292/1774/2028
f 3281/1896/2795 3280/1772/4336 3292/1774/3605 3293/1898/1341
f 3282/2014/3584 3281/1896/2795 3293/1898/1341 3294/2016/4314
f 3283/2140/4925 3282/2014/1987 3294/2016/4314 3295/2142/4206
f 3284/2238/2163 3283/2140/4925 3295/2142/4206 3296/2240/1445
f 3285/2386/2965 3296/2240/1445 3308/2242/2162 3297/2388/153
f 3286/1040/2367 3285/908/4664 3297/910/3079 3298/1042/1686
f 3287/1160/1717 3286/1040/2367 3298/1042/1686 3299/1162/5413
f 3288/1286/4671 3287/1160/1717 3299/1162/5413 3300/1288/3948
f 3289/1408/850 3288/1286/4671 3300/1288/1629 3301/1410/3807
f 3290/1530/5522 3289/1408/850 3301/1410/3807 3302/1532/3729
f 3291/1652/5670 3290/1530/5522 3302/1532/3418 3303/1654/2701
f 3292/1774/2028 3291/1652/5670 3303/1654/2701 3304/1776/3533
f 3293/1898/1341 3292/1774/3605 3304/1776/2073 3305/1900/2078
f 3294/2016/4314 3293/1898/1341 3305/1900/2078 3306/2018/618
f 3295/2142/4206 3294/2016/4314 3306/2018/618 3307/2144/3504
f 3296/2240/1445 3295/2142/4206 3307/2144/425 3308/2242/2162
f 3297/2388/153 3308/2242/2162 3320/2244/3703 3309/2390/833
f 3298/1042/1686 3297/910/3079 3309/912/250 3310/1044/2366
f 3299/1162/5413 3298/1042/1686 3310/1044/2366 3311/1164/992
f 3300/1288/3948 3299/1162/5413 3311/1164/992 3312/1290/3925
f 3301/1410/3807 3300/1288/1629 3312/1290/3925 3313/1412/1545
f 3302/1532/3729 3301/1410/3807 3313/1412/1545 3314/1534/2903
f 3303/1654/2701 3302/1532/3418 3314/1534/2632 3315/1656/4986
f 3304/1776/3533 3303/1654/2701 3315/1656/4986 3316/1778/3529
f 3305/1900/2078 3304/1776/2073 3316/1778/2070 3317/1902/5062
f 3306/2018/618 3305/1900/2078 3317/1902/5062 3318/2020/5715
f 3307/2144/3504 3306/2018/618 3318/2020/5715 3319/2146/4989
f 3308/2242/2162 3307/2144/425 3319/2146/5548 3320/2244/3703
f 3309/2390/833 3320/2244/3703 3332/2246/2161 3321/2392/4532
f 3310/1044/2366 3309/912/250 3321/914/1653 3322/1046/4688
f 3311/1164/992 3310/1044/2366 3322/1046/4688 3323/1166/5404
f 3312/1290/3925 3311/1164/992 3323/1166/5404 3324/1292/948
f 3313/1412/1545 3312/1290/3925 3324/1292/948 3325/1414/225
f 3314/1534/2903 3313/1412/1545 3325/1414/3727 3326/1536/2178
f 3315/1656/4986 3314/1534/2632 3326/1536/2631 3327/1658/2699
f 3316/1778/3529 3315/1656/4986 3327/1658/2699 3328/1780/1306
f 3317/1902/5062 3316/1778/2070 3328/1780/1306 3329/1904/3596
f 3318/2020/5715 3317/1902/5062 3329/1904/3596 3330/2022/3559
f 3319/2146/4989 3318/2020/5715 3330/2022/3559 3331/2148/1187
f 3320/2244/3703 3319/2146/5548 3331/2148/1187 3332/2246/2161
f 3321/2392/4532 3332/2246/2161 3344/2248/4530 3333/2394/3783
f 3322/1046/4688 3321/914/1653 3333/916/1651 3334/1048/956
f 3323/1166/5404 3322/1046/4688 3334/1048/956 3335/1168/3970
f 3324/1292/948 3323/1166/5404 3335/1168/3970 3336/1294/2341
f 3325/1414/225 3324/1292/948 3336/1294/2341 3337/1416/915
f 3326/1536/2178 3325/1414/3727 3337/1416/1470 3338/1538/1469
f 3327/1658/2699 3326/1536/2631 3338/1538/3416 3339/1660/4260
f 3328/1780/1306 3327/1658/2699 3339/1660/4260 3340/1782/4331
f 3329/1904/3596 3328/1780/1306 3340/1782/4331 3341/1906/2061
f 3330/2022/3559 3329/1904/3596 3341/1906/2061 3342/2024/615
f 3331/2148/1187 3330/2022/3559 3342/2024/615 3343/2150/1929
f 3332/2246/2161 3331/2148/1187 3343/2150/1929 3344/2248/1118
f 3333/2394/3783 3344/2248/4530 3356/2250/147 3345/2396/148
f 3334/1048/956 3333/916/1651 3345/918/3896 3346/1050/4686
f 3335/1168/3970 3334/1048/956 3346/1050/4686 3347/1170/302
f 3336/1294/2341 3335/1168/3970 3347/1170/302 3348/1296/2339
f 3337/1416/915 3336/1294/2341 3348/1296/2339 3349/1418/3052
f 3338/1538/1469 3337/1416/1470 3349/1418/5170 3350/1540/3721
f 3339/1660/4260 3338/1538/3416 3350/1540/1912 3351/1662/3482
f 3340/1782/4331 3339/1660/4260 3351/1662/3482 3352/1784/2759
f 3341/1906/2061 3340/1782/4331 3352/1784/2759 3353/1908/5045
f 3342/2024/615 3341/1906/2061 3353/1908/5045 3354/2026/611
f 3343/2150/1929 3342/2024/615 3354/2026/611 3355/2152/5673
f 3344/2248/1118 3343/2150/1929 3355/2152/1115 3356/2250/4841
f 3345/2396/148 3356/2250/147 3368/2252/825 3357/2398/3778
f 3346/1050/4686 3345/918/3896 3357/920/2319 3358/1052/1678
f 3347/1170/302 3346/1050/4686 3358/1052/1678 3359/1172/296
f 3348/1296/2339 3347/1170/302 3359/1172/296 3360/1298/5344
f 3349/1418/3052 3348/1296/2339 3360/1298/5344 3361/1420/3049
f 3350/1540/3721 3349/1418/5170 3361/1420/2174 3362/1542/771
f 3351/1662/3482 3350/1540/1912 3362/1542/2627 3363/1664/3414
f 3352/1784/2759 3351/1662/3482 3363/1664/5001 3364/1786/5027
f 3353/1908/5045 3352/1784/2759 3364/1786/5027 3365/1910/1319
f 3354/2026/611 3353/1908/5045 3365/1910/1319 3366/2028/1278
f 3355/2152/5673 3354/2026/611 3366/2028/1278 3367/2154/3494
f 3356/2250/4841 3355/2152/1115 3367/2154/1112 3368/2252/4839
f 3357/2398/3778 3368/2252/825 3380/2254/3776 3369/2400/139
f 3358/1052/1678 3357/920/2319 3369/922/239 3370/1054/4681
f 3359/1172/296 3358/1052/1678 3370/1054/4681 3371/1174/965
f 3360/1298/5344 3359/1172/296 3371/1174/965 3372/1300/1650
f 3361/1420/3049 3360/1298/5344 3372/1300/1650 3373/1422/3873
f 3362/1542/771 3361/1420/2174 3373/1422/2894 3374/1544/5168
f 3363/1664/3414 3362/1542/2627 3374/1544/474 3375/1666/1903
f 3364/1786/5027 3363/1664/5001 3375/1666/1270 3376/1788/624
f 3365/1910/1319 3364/1786/5027 3376/1788/624 3377/1912/2768
f 3366/2028/1278 3365/1910/1319 3377/1912/2768 3378/2030/5004
f 3367/2154/3494 3366/2028/1278 3378/2030/5004 3379/2156/1973
f 3368/2252/4839 3367/2154/1112 3379/2156/417 3380/2254/1110
f 3369/2400/139 3380/2254/3776 3392/2256/3774 3381/2402/1519
f 3370/1054/4681 3369/922/239 3381/924/3065 3382/1056/1675
f 3371/1174/965 3370/1054/4681 3382/1056/1675 3383/1176/1685
f 3372/1300/1650 3371/1174/965 3383/1176/1685 3384/1302/3073
f 3373/1422/3873 3372/1300/1650 3384/1302/3073 3385/1424/4616
f 3374/1544/5168 3373/1422/2894 3385/1424/2172 3386/1546/2888
f 3375/1666/1903 3374/1544/474 3386/1546/1901 3387/1668/4899
f 3376/1788/624 3375/1666/1270 3387/1668/581 3388/1790/622
f 3377/1912/2768 3376/1788/624 3388/1790/622 3389/1914/629
f 3378/2030/5004 3377/1912/2768 3389/1914/629 3390/2032/585
f 3379/2156/1973 3378/2030/5004 3390/2032/585 3391/2158/5665
f 3380/2254/1110 3379/2156/417 3391/2158/4836 3392/2256/4835
f 3381/2402/1519 3392/2256/3774 3404/2258/814 3393/2404/1516
f 3382/1056/1675 3381/924/3065 3393/926/922 3394/1058/3923
f 3383/1176/1685 3382/1056/1675 3394/1058/3923 3395/1178/2361
f 3384/1302/3073 3383/1176/1685 3395/1178/2361 3396/1304/237
f 3385/1424/4616 3384/1302/3073 3396/1304/237 3397/1426/207
f 3386/1546/2888 3385/1424/2172 3397/1426/2881 3398/1548/2880
f 3387/1668/4899 3386/1546/1901 3398/1548/4893 3399/1670/3408
f 3388/1790/622 3387/1668/581 3399/1670/2719 3400/1792/4311
f 3389/1914/629 3388/1790/622 3400/1792/4311 3401/1916/2757
f 3390/2032/585 3389/1914/629 3401/1916/2757 3402/2034/4278
f 3391/2158/5665 3390/2032/585 3402/2034/4278 3403/2160/4977
f 3392/2256/4835 3391/2158/4836 3403/2160/412 3404/2258/3361
f 3393/2404/1516 3404/2258/814 3416/2260/131 3405/2406/4515
f 3394/1058/3923 3393/926/922 3405/928/1636 3406/1060/4649
f 3395/1178/2361 3394/1058/3923 3406/1060/4649 3407/1180/274
f 3396/1304/237 3395/1178/2361 3407/1180/274 3408/1306/5334
f 3397/1426/207 3396/1304/237 3408/1306/5334 3409/1428/3841
f 3398/1548/2880 3397/1426/2881 3409/1428/2878 3410/1550/5161
f 3399/1670/3408 3398/1548/4893 3410/1550/4886 3411/1672/2615
f 3400/1792/4311 3399/1670/2719 3411/1672/5682 3412/1794/595
f 3401/1916/2757 3400/1792/4311 3412/1794/595 3413/1918/2034
f 3402/2034/4278 3401/1916/2757 3413/1918/2034 3414/2036/578
f 3403/2160/4977 3402/2034/4278 3414/2036/578 3415/2162/4238
f 3404/2258/3361 3403/2160/412 3415/2162/4829 3416/2260/4095
f 3405/2406/4515 3416/2260/131 3428/2262/1503 3417/2408/4513
f 3406/1060/4649 3405/928/1636 3417/930/2300 3418/1062/2316
f 3407/1180/274 3406/1060/4649 3418/1062/2316 3419/1182/3919
f 3408/1306/5334 3407/1180/274 3419/1182/3919 3420/1308/4624
f 3409/1428/3841 3408/1306/5334 3420/1308/4624 3421/1430/1577
f 3410/1550/5161 3409/1428/2878 3421/1430/2166 3422/1552/4458
f 3411/1672/2615 3410/1550/4886 3422/1552/4882 3423/1674/1148
f 3412/1794/595 3411/1672/5682 3423/1674/3497 3424/1796/4999
f 3413/1918/2034 3412/1794/595 3424/1796/4999 3425/1920/1291
f 3414/2036/578 3413/1918/2034 3425/1920/1291 3426/2038/3499
f 3415/2162/4238 3414/2036/578 3426/2038/3499 3427/2164/4230
f 3416/2260/4095 3415/2162/4829 3427/2164/2556 3428/2262/1837
f 3417/2408/4513 3428/2262/1503 3440/2264/2934 3429/2410/1501
f 3418/1062/2316 3417/930/2300 3429/932/5318 3430/1064/4632
f 3419/1182/3919 3418/1062/2316 3430/1064/4632 3431/1184/2313
f 3420/1308/4624 3419/1182/3919 3431/1184/2313 3432/1310/2291
f 3421/1430/1577 3420/1308/4624 3432/1310/2291 3433/1432/2258
f 3422/1552/4458 3421/1430/2166 3433/1432/1431 3434/1554/5154
f 3423/1674/1148 3422/1552/4882 3434/1554/2605 3435/1676/4880
f 3424/1796/4999 3423/1674/3497 3435/1676/1972 3436/1798/1993
f 3425/1920/1291 3424/1796/4999 3436/1798/1993 3437/1922/2001
f 3426/2038/3499 3425/1920/1291 3437/1922/2001 3438/2040/4261
f 3427/2164/4230 3426/2038/3499 3438/2040/4261 3439/2166/515
f 3428/2262/1837 3427/2164/2556 3439/2166/2549 3440/2264/4821
f 3429/2410/1501 3440/2264/2934 3452/2266/5204 3441/2412/110
f 3430/1064/4632 3429/932/5318 3441/934/3844 3442/1066/3875
f 3431/1184/2313 3430/1064/4632 3442/1066/3875 3443/1186/920
f 3432/1310/2291 3431/1184/2313 3443/1186/920 3444/1312/197
f 3433/1432/2258 3432/1310/2291 3444/1312/197 3445/1434/2977
f 3434/1554/5154 3433/1432/1431 3445/1434/1417 3446/1556/5141
f 3435/1676/4880 3434/1554/2605 3446/1556/2599 3447/1678/1144
f 3436/1798/1993 3435/1676/1972 3447/1678/4960 3448/1800/1247
f 3437/1922/2001 3436/1798/1993 3448/1800/1247 3449/1924/4272
f 3438/2040/4261 3437/1922/2001 3449/1924/4272 3450/2042/5654
f 3439/2166/515 3438/2040/4261 3450/2042/5654 3451/2168/5619
f 3440/2264/4821 3439/2166/2549 3451/2168/5506 3452/2266/1087
f 3441/2412/110 3452/2266/5204 3464/2268/4499 3453/2414/2198
f 3442/1066/3875 3441/934/3844 3453/936/4584 3454/1068/5297
f 3443/1186/920 3442/1066/3875 3454/1068/5297 3455/1188/3037
f 3444/1312/197 3443/1186/920 3455/1188/3037 3456/1314/2253
f 3445/1434/2977 3444/1312/197 3456/1314/2253 3457/1436/4517
f 3446/1556/5141 3445/1434/1417 3457/1436/3679 3458/1558/741
f 3447/1678/1144 3446/1556/2599 3458/1558/2593 3459/1680/1878
f 3448/1800/1247 3447/1678/4960 3459/1680/4224 3460/1802/1232
f 3449/1924/4272 3448/1800/1247 3460/1802/1232 3461/1926/2687
f 3450/2042/5654 3449/1924/4272 3461/1926/2687 3462/2044/1194
f 3451/2168/5619 3450/2042/5654 3462/2044/1194 3463/2170/1898
f 3452/2266/1087 3451/2168/5506 3463/2170/5492 3464/2268/389
f 3453/2414/2198 3464/2268/4499 3476/2270/784 3465/2416/1487
f 3454/1068/5297 3453/936/4584 3465/938/5247 3466/1070/4567
f 3455/1188/3037 3454/1068/5297 3466/1070/4567 3467/1190/855
f 3456/1314/2253 3455/1188/3037 3467/1190/855 3468/1316/2953
f 3457/1436/4517 3456/1314/2253 3468/1316/2953 3469/1438/2196
f 3458/1558/741 3457/1436/3679 3469/1438/2845 3470/1560/3670
f 3459/1680/1878 3458/1558/2593 3470/1560/4133 3471/1682/5565
f 3460/1802/1232 3459/1680/4224 3471/1682/3423 3472/1804/1191
f 3461/1926/2687 3460/1802/1232 3472/1804/1191 3473/1928/510
f 3462/2044/1194 3461/1926/2687 3473/1928/510 3474/2046/2620
f 3463/2170/1898 3462/2044/1194 3474/2046/2620 3475/2172/2592
f 3464/2268/389 3463/2170/5492 3475/2172/1790 3476/2270/4054
f 3465/2416/1487 3476/2270/784 3488/2272/1477 3477/2418/780
f 3466/1070/4567 3465/938/5247 3477/940/4505 3478/1072/2941
f 3467/1190/855 3466/1070/4567 3478/1072/2941 3479/1192/4510
f 3468/1316/2953 3467/1190/855 3479/1192/4510 3480/1318/3745
f 3469/1438/2196 3468/1316/2953 3480/1318/3745 3481/1440/70
f 3470/1560/3670 3469/1438/2845 3481/1440/2523 3482/1562/4785
f 3471/1682/5565 3470/1560/4133 3482/1562/1859 3483/1684/3384
f 3472/1804/1191 3471/1682/3423 3483/1684/2601 3484/1806/3403
f 3473/1928/510 3472/1804/1191 3484/1806/3403 3485/1930/4151
f 3474/2046/2620 3473/1928/510 3485/1930/4151 3486/2048/1869
f 3475/2172/2592 3474/2046/2620 3486/2048/1869 3487/2174/4837
f 3476/2270/4054 3475/2172/1790 3487/2174/2128 3488/2272/2847
f 3477/2418/780 3488/2272/1477 3500/2274/2883 3489/2420/2884
f 3478/1072/2941 3477/940/4505 3489/942/85 3490/1074/2908
f 3479/1192/4510 3478/1072/2941 3490/1074/2908 3491/1194/5169
f 3480/1318/3745 3479/1192/4510 3491/1194/5169 3492/1320/5144
f 3481/1440/70 3480/1318/3745 3492/1320/5144 3493/1442/4437
f 3482/1562/4785 3481/1440/2523 3493/1442/5500 3494/1564/5501
f 3483/1684/3384 3482/1562/1859 3494/1564/413 3495/1686/1839
f 3484/1806/3403 3483/1684/2601 3495/1686/4121 3496/1808/434
f 3485/1930/4151 3484/1806/3403 3496/1808/434 3497/1932/2566
f 3486/2048/1869 3485/1930/4151 3497/1932/2566 3498/2050/1821
f 3487/2174/4837 3486/2048/1869 3498/2050/1821 3499/2176/1076
f 3488/2272/2847 3487/2174/2128 3499/2176/2140 3500/2274/29
f 3489/2420/2884 3500/2274/2883 3512/2276/4454 3501/2422/3699
f 3490/1074/2908 3489/942/85 3501/944/30 3502/1076/4440
f 3491/1194/5169 3490/1074/2908 3502/1076/4440 3503/1196/5477
f 3492/1320/5144 3491/1194/5169 3503/1196/5477 3504/1322/1810
f 3493/1442/4437 3492/1320/5144 3504/1322/1810 3505/1444/5509
f 3494/1564/5501 3493/1442/5500 3505/1444/2555 3506/1566/1835
f 3495/1686/1839 3494/1564/413 3506/1566/1098 3507/1688/4090
f 3496/1808/434 3495/1686/4121 3507/1688/4807 3508/1810/1800
f 3497/1932/2566 3496/1808/434 3508/1810/1800 3509/1934/5118
f 3498/2050/1821 3497/1932/2566 3509/1934/5118 3510/2052/2852
f 3499/2176/1076 3498/2050/1821 3510/2052/2852 3511/2178/2151
f 3500/2274/29 3499/2176/2140 3511/2178/55 3512/2276/1443
f 3501/2422/3699 3512/2276/4454 3524/2278/743 3513/2424/742
f 3502/1076/4440 3501/944/30 3513/946/5491 3514/1078/4083
f 3503/1196/5477 3502/1076/4440 3514/1078/4083 3515/1198/2574
f 3504/1322/1810 3503/1196/5477 3515/1198/2574 3516/1324/4124
f 3505/1444/5509 3504/1322/1810 3516/1324/4124 3517/1446/5560
f 3506/1566/1835 3505/1444/2555 3517/1446/3362 3518/1568/4103
f 3507/1688/4090 3506/1566/1098 3518/1568/3327 3519/1690/1806
f 3508/1810/1800 3507/1688/4807 3519/1690/4439 3520/1812/3693
f 3509/1934/5118 3508/1810/1800 3520/1812/3693 3521/1936/2902
f 3510/2052/2852 3509/1934/5118 3521/1936/2902 3522/2054/4486
f 3511/2178/2151 3510/2052/2852 3522/2054/4486 3523/2180/5183
f 3512/2276/1443 3511/2178/55 3523/2180/1460 3524/2278/2886
f 3513/2424/742 3524/2278/743 3536/2280/2127 3525/2426/23
f 3514/1078/4083 3513/946/5491 3525/948/415 3526/1080/1132
f 3515/1198/2574 3514/1078/4083 3526/1080/1132 3527/1200/5595
f 3516/1324/4124 3515/1198/2574 3527/1200/5595 3528/1326/4154
f 3517/1446/5560 3516/1324/4124 3528/1326/4154 3529/1448/3397
f 3518/1568/4103 3517/1446/3362 3529/1448/432 3530/1570/1860
f 3519/1690/1806 3518/1568/3327 3530/1570/1068 3531/1692/5480
f 3520/1812/3693 3519/1690/4439 3531/1692/1464 3532/1814/97
f 3521/1936/2902 3520/1812/3693 3532/1814/97 3533/1938/4511
f 3522/2054/4486 3521/1936/2902 3533/1938/4511 3534/2056/2213
f 3523/2180/5183 3522/2054/4486 3534/2056/2213 3535/2182/2933
f 3524/2278/2886 3523/2180/1460 3535/2182/3739 3536/2280/1478
f 3525/2426/23 3536/2280/2127 3548/2282/376 3537/2428/4778
f 3526/1080/1132 3525/948/415 3537/950/4874 3538/1082/460
f 3527/1200/5595 3526/1080/1132 3538/1082/460 3539/1202/4928
f 3528/1326/4154 3527/1200/5595 3539/1202/4928 3540/1328/1933
f 3529/1448/3397 3528/1326/4154 3540/1328/1933 3541/1450/5611
f 3530/1570/1860 3529/1448/432 3541/1450/4865 3542/1572/1867
f 3531/1692/5480 3530/1570/1068 3542/1572/4430 3543/1694/2125
f 3532/1814/97 3531/1692/1464 3543/1694/99 3544/1816/5223
f 3533/1938/4511 3532/1814/97 3544/1816/5223 3545/1940/4566
f 3534/2056/2213 3533/1938/4511 3545/1940/4566 3546/2058/1547
f 3535/2182/2933 3534/2056/2213 3546/2058/1547 3547/2184/2968
f 3536/2280/1478 3535/2182/3739 3547/2184/5191 3548/2282/92
f 3537/2428/4778 3548/2282/376 3560/2284/5488 3549/2430/5489
f 3538/1082/460 3537/950/4874 3549/952/2608 3550/1084/4915
f 3539/1202/4928 3538/1082/460 3550/1084/4915 3551/1204/542
f 3540/1328/1933 3539/1202/4928 3551/1204/542 3552/1330/5651
f 3541/1450/5611 3540/1328/1933 3552/1330/5651 3553/1452/2660
f 3542/1572/1867 3541/1450/4865 3553/1452/2590 3554/1574/1875
f 3543/1694/2125 3542/1572/4430 3554/1574/1410 3555/1696/2133
f 3544/1816/5223 3543/1694/99 3555/1696/1504 3556/1818/4559
f 3545/1940/4566 3544/1816/5223 3556/1818/4559 3557/1942/1589
f 3546/2058/1547 3545/1940/4566 3557/1942/1589 3558/2060/5292
f 3547/2184/2968 3546/2058/1547 3558/2060/5292 3559/2186/2257
f 3548/2282/92 3547/2184/5191 3559/2186/5198 3560/2284/3754
f 3549/2430/5489 3560/2284/5488 3572/2286/2537 3561/2432/1812
f 3550/1084/4915 3549/952/2608 3561/954/5610 3562/1086/1214
f 3551/1204/542 3550/1084/4915 3562/1086/1214 3563/1206/4266
f 3552/1330/5651 3551/1204/542 3563/1206/4266 3564/1332/2695
f 3553/1452/2660 3552/1330/5651 3564/1332/2695 3565/1454/4233
f 3554/1574/1875 3553/1452/2590 3565/1454/2597 3566/1576/1142
f 3555/1696/2133 3554/1574/1410 3566/1576/744 3567/1698/1413
f 3556/1818/4559 3555/1696/1504 3567/1698/154 3568/1820/184
f 3557/1942/1589 3556/1818/4559 3568/1820/184 3569/1944/909
f 3558/2060/5292 3557/1942/1589 3569/1944/909 3570/2062/5315
f 3559/2186/2257 3558/2060/5292 3570/2062/5315 3571/2188/4589
f 3560/2284/3754 3559/2186/5198 3571/2188/1493 3572/2286/2926
f 3561/2432/1812 3572/2286/2537 3584/2288/1822 3573/2434/1823
f 3562/1086/1214 3561/954/5610 3573/956/4203 3574/1088/547
f 3563/1206/4266 3562/1086/1214 3574/1088/547 3575/1208/1994
f 3564/1332/2695 3563/1206/4266 3575/1208/1994 3576/1334/1986
f 3565/1454/4233 3564/1332/2695 3576/1334/1986 3577/1456/1237
f 3566/1576/1142 3565/1454/2597 3577/1456/447 3578/1578/5580
f 3567/1698/1413 3566/1576/744 3578/1578/1421 3579/1700/750
f 3568/1820/184 3567/1698/154 3579/1700/1546 3580/1822/2279
f 3569/1944/909 3568/1820/184 3580/1822/2279 3581/1946/3885
f 3570/2062/5315 3569/1944/909 3581/1946/3885 3582/2064/4627
f 3571/2188/4589 3570/2062/5315 3582/2064/4627 3583/2190/3861
f 3572/2286/2926 3571/2188/1493 3583/2190/116 3584/2288/2931
f 3573/2434/1823 3584/2288/1822 3596/2290/404 3585/2436/3349
f 3574/1088/547 3573/956/4203 3585/958/1210 3586/1090/1974
f 3575/1208/1994 3574/1088/547 3586/1090/1974 3587/1210/2726
f 3576/1334/1986 3575/1208/1994 3587/1210/2726 3588/1336/1996
f 3577/1456/1237 3576/1334/1986 3588/1336/1996 3589/1458/5672
f 3578/1578/5580 3577/1456/447 3589/1458/5586 3590/1580/1891
f 3579/1700/750 3578/1578/1421 3590/1580/53 3591/1702/3701
f 3580/1822/2279 3579/1700/1546 3591/1702/864 3592/1824/3048
f 3581/1946/3885 3580/1822/2279 3592/1824/3048 3593/1948/2318
f 3582/2064/4627 3581/1946/3885 3593/1948/2318 3594/2066/3888
f 3583/2190/3861 3582/2064/4627 3594/2066/3888 3595/2192/1622
f 3584/2288/2931 3583/2190/116 3595/2192/807 3596/2290/2936
f 3585/2436/3349 3596/2290/404 3608/2292/5525 3597/2438/4826
f 3586/1090/1974 3585/958/1210 3597/960/1218 3598/1092/3498
f 3587/1210/2726 3586/1090/1974 3598/1092/3498 3599/1212/5014
f 3588/1336/1996 3587/1210/2726 3599/1212/5014 3600/1338/3516
f 3589/1458/5672 3588/1336/1996 3600/1338/3516 3601/1460/4267
f 3590/1580/1891 3589/1458/5586 3601/1460/5590 3602/1582/5589
f 3591/1702/3701 3590/1580/53 3602/1582/2167 3603/1704/3705
f 3592/1824/3048 3591/1702/864 3603/1704/5285 3604/1826/3880
f 3593/1948/2318 3592/1824/3048 3604/1826/3880 3605/1950/946
f 3594/2066/3888 3593/1948/2318 3605/1950/946 3606/2068/4643
f 3595/2192/1622 3594/2066/3888 3606/2068/4643 3607/2194/3054
f 3596/2290/2936 3595/2192/807 3607/2194/2209 3608/2292/2208
f 3597/2438/4826 3608/2292/5525 3620/2294/5527 3609/2440/1103
f 3598/1092/3498 3597/960/1218 3609/962/4958 3610/1094/1259
f 3599/1212/5014 3598/1092/3498 3610/1094/1259 3611/1214/5020
f 3600/1338/3516 3599/1212/5014 3611/1214/5020 3612/1340/1275
f 3601/1460/4267 3600/1338/3516 3612/1340/1275 3613/1462/1254
f 3602/1582/5589 3601/1460/5590 3613/1462/1153 3614/1584/2611
f 3603/1704/3705 3602/1582/2167 3614/1584/1449 3615/1706/5159
f 3604/1826/3880 3603/1704/5285 3615/1706/2273 3616/1828/5332
f 3605/1950/946 3604/1826/3880 3616/1828/5332 3617/1952/270
f 3606/2068/4643 3605/1950/946 3617/1952/270 3618/2070/246
f 3607/2194/3054 3606/2068/4643 3618/2070/246 3619/2196/4629
f 3608/2292/2208 3607/2194/2209 3619/2196/2211 3620/2294/2940
f 3609/2440/1103 3620/2294/5527 3632/2296/4832 3621/2442/1838
f 3610/1094/1259 3609/962/4958 3621/964/3469 3622/1096/2718
f 3611/1214/5020 3610/1094/1259 3622/1096/2718 3623/1216/4324
f 3612/1340/1275 3611/1214/5020 3623/1216/4324 3624/1342/610
f 3613/1462/1254 3612/1340/1275 3624/1342/610 3625/1464/4992
f 3614/1584/2611 3613/1462/1153 3625/1464/4156 3626/1586/1156
f 3615/1706/5159 3614/1584/1449 3626/1586/1452 3627/1708/3711
f 3616/1828/5332 3615/1706/2273 3627/1708/3030 3628/1830/3063
f 3617/1952/270 3616/1828/5332 3628/1830/3063 3629/1954/5371
f 3618/2070/246 3617/1952/270 3629/1954/5371 3630/2072/3918
f 3619/2196/4629 3618/2070/246 3630/2072/3918 3631/2198/2306
f 3620/2294/2940 3619/2196/2211 3631/2198/2214 3632/2296/5221
f 3621/2442/1838 3632/2296/4832 3644/2298/4101 3633/2444/2561
f 3622/1096/2718 3621/964/3469 3633/966/4979 3634/1098/1264
f 3623/1216/4324 3622/1096/2718 3634/1098/1264 3635/1218/1304
f 3624/1342/610 3623/1216/4324 3635/1218/1304 3636/1344/3560
f 3625/1464/4992 3624/1342/610 3636/1344/3560 3637/1466/1997
f 3626/1586/1156 3625/1464/4156 3637/1466/1158 3638/1588/465
f 3627/1708/3711 3626/1586/1452 3638/1588/67 3639/1710/4467
f 3628/1830/3063 3627/1708/3030 3639/1710/894 3640/1832/927
f 3629/1954/5371 3628/1830/3063 3640/1832/927 3641/1956/3941
f 3630/2072/3918 3629/1954/5371 3641/1956/3941 3642/2074/5361
f 3631/2198/2306 3630/2072/3918 3642/2074/5361 3643/2200/5335
f 3632/2296/5221 3631/2198/2214 3643/2200/3770 3644/2298/2951
f 3633/2444/2561 3644/2298/4101 3656/2300/3364 3645/2446/5531
f 3634/1098/1264 3633/966/4979 3645/968/4980 3646/1100/3517
f 3635/1218/1304 3634/1098/1264 3646/1100/3517 3647/1220/2761
f 3636/1344/3560 3635/1218/1304 3647/1220/2761 3648/1346/2751
f 3637/1466/1997 3636/1344/3560 3648/1346/2751 3649/1468/2721
f 3638/1588/465 3637/1466/1158 3649/1468/4895 3650/1590/4165
f 3639/1710/4467 3638/1588/67 3650/1590/3715 3651/1712/5165
f 3640/1832/927 3639/1710/894 3651/1712/902 3652/1834/241
f 3641/1956/3941 3640/1832/927 3652/1834/241 3653/1958/959
f 3642/2074/5361 3641/1956/3941 3653/1958/959 3654/2076/4675
f 3643/2200/5335 3642/2074/5361 3654/2076/4675 3655/2202/236
f 3644/2298/2951 3643/2200/3770 3655/2202/134 3656/2300/5228
f 3645/2446/5531 3656/2300/3364 3668/2302/2565 3657/2448/4108
f 3646/1100/3517 3645/968/4980 3657/970/2700 3658/1102/5689
f 3647/1220/2761 3646/1100/3517 3658/1102/5689 3659/1222/2765
f 3648/1346/2751 3647/1220/2761 3659/1222/2765 3660/1348/5720
f 3649/1468/2721 3648/1346/2751 3660/1348/5720 3661/1470/4244
f 3650/1590/4165 3649/1468/4895 3661/1470/4244 3662/1592/1161
f 3651/1712/5165 3650/1590/3715 3662/1592/3717 3663/1714/3794
f 3652/1834/241 3651/1712/902 3663/1714/3794 3664/1836/1648
f 3653/1958/959 3652/1834/241 3664/1836/1648 3665/1960/288
f 3654/2076/4675 3653/1958/959 3665/1960/288 3666/2078/3932
f 3655/2202/236 3654/2076/4675 3666/2078/3932 3667/2204/928
f 3656/2300/5228 3655/2202/134 3667/2204/4522 3668/2302/2957
f 3657/2448/4108 3668/2302/2565 3680/2304/5541 3669/2450/4187
f 3658/1102/5689 3657/970/2700 3669/972/4187 3670/1104/5006
f 3659/1222/2765 3658/1102/5689 3670/1104/5006 3671/1224/3579
f 3660/1348/5720 3659/1222/2765 3671/1224/3579 3672/1350/5026
f 3661/1470/4244 3660/1348/5720 3672/1350/5026 3673/1472/553
f 3662/1592/1161 3661/1470/4244 3673/1472/553 3674/1594/472
f 3663/1714/3794 3662/1592/3717 3674/1594/773 3675/1716/3796
f 3664/1836/1648 3663/1714/3794 3675/1716/3796 3676/1838/247
f 3665/1960/288 3664/1836/1648 3676/1838/247 3677/1962/2371
f 3666/2078/3932 3665/1960/288 3677/1962/2371 3678/2080/2355
f 3667/2204/928 3666/2078/3932 3678/2080/2355 3679/2206/5308
f 3668/2302/2957 3667/2204/4522 3679/2206/5308 3680/2304/821
f 3669/2450/4187 3680/2304/5541 3692/2306/3376 3681/2452/3428
f 3670/1104/5006 3669/972/4187 3681/974/3428 3682/1106/5008
f 3671/1224/3579 3670/1104/5006 3682/1106/5008 3683/1226/2777
f 3672/1350/5026 3671/1224/3579 3683/1226/2777 3684/1352/1301
f 3673/1472/553 3672/1350/5026 3684/1352/1301 3685/1474/555
f 3674/1594/472 3673/1472/553 3685/1474/555 3686/1596/1902
f 3675/1716/3796 3674/1594/773 3686/1596/1467 3687/1718/1468
f 3676/1838/247 3675/1716/3796 3687/1718/908 3688/1840/251
f 3677/1962/2371 3676/1838/247 3688/1840/251 3689/1964/295
f 3678/2080/2355 3677/1962/2371 3689/1964/295 3690/2082/2357
f 3679/2206/5308 3678/2080/2355 3690/2082/2357 3691/2208/2289
f 3680/2304/821 3679/2206/5308 3691/2208/2289 3692/2306/2959
f 3681/2452/3428 3692/2306/3376 3704/2308/5545 3693/2454/1926
f 3682/1106/5008 3681/974/3428 3693/976/1926 3694/1108/609
f 3683/1226/2777 3682/1106/5008 3694/1108/609 3695/1228/649
f 3684/1352/1301 3683/1226/2777 3695/1228/649 3696/1354/626
f 3685/1474/555 3684/1352/1301 3696/1354/626 3697/1476/2003
f 3686/1596/1902 3685/1474/555 3697/1476/4173 3698/1598/4822
f 3687/1718/1468 3686/1596/1467 3698/1598/4822 3699/1720/5173
f 3688/1840/251 3687/1718/908 3699/1720/911 3700/1842/4666
f 3689/1964/295 3688/1840/251 3700/1842/4666 3701/1966/2383
f 3690/2082/2357 3689/1964/295 3701/1966/2383 3702/2084/3940
f 3691/2208/2289 3690/2082/2357 3702/2084/3940 3703/2210/244
f 3692/2306/2959 3691/2208/2289 3703/2210/5232 3704/2308/5233
f 3693/2454/1926 3704/2308/5545 3716/2310/3383 3705/2456/4845
f 3694/1108/609 3693/976/1926 3705/978/3496 3706/1110/5015
f 3695/1228/649 3694/1108/609 3706/1110/5015 3707/1230/1326
f 3696/1354/626 3695/1228/649 3707/1230/1326 3708/1356/4328
f 3697/1476/2003 3696/1354/626 3708/1356/4328 3709/1478/4286
f 3698/1598/4822 3697/1476/4173 3709/1478/1167 3710/1600/3344
f 3699/1720/5173 3698/1598/4822 3710/1600/3344 3711/1722/4558
f 3700/1842/4666 3699/1720/911 3711/1722/4558 3712/1844/3920
f 3701/1966/2383 3700/1842/4666 3712/1844/3920 3713/1968/983
f 3702/2084/3940 3701/1966/2383 3713/1968/983 3714/2086/5374
f 3703/2210/244 3702/2084/3940 3714/2086/5374 3715/2212/4646
f 3704/2308/5233 3703/2210/5232 3715/2212/142 3716/2310/142
f 3705/2456/4845 3716/2310/3383 3728/2312/1438 3717/2458/2577
f 3706/1110/5015 3705/978/3496 3717/980/4988 3718/1112/2750
f 3707/1230/1326 3706/1110/5015 3718/1112/2750 3719/1232/2063
f 3708/1356/4328 3707/1230/1326 3719/1232/2063 3720/1358/5030
f 3709/1478/4286 3708/1356/4328 3720/1358/5030 3721/1480/5662
f 3710/1600/3344 3709/1478/1167 3721/1480/5662 3722/1602/2626
f 3711/1722/4558 3710/1600/3344 3722/1602/2182 3723/1724/848
f 3712/1844/3920 3711/1722/4558 3723/1724/848 3724/1846/3921
f 3713/1968/983 3712/1844/3920 3724/1846/3921 3725/1970/3973
f 3714/2086/5374 3713/1968/983 3725/1970/3973 3726/2088/278
f 3715/2212/4646 3714/2086/5374 3726/2088/278 3727/2214/4647
f 3716/2310/142 3715/2212/142 3727/2214/2222 3728/2312/1438
f 3717/2458/2577 3728/2312/1438 3740/2314/757 3729/2460/428
f 3718/1112/2750 3717/980/4988 3729/982/3502 3730/1114/1295
f 3719/1232/2063 3718/1112/2750 3730/1114/1295 3731/1234/2791
f 3720/1358/5030 3719/1232/2063 3731/1234/2791 3732/1360/5054
f 3721/1480/5662 3720/1358/5030 3732/1360/5007 3733/1482/4981
f 3722/1602/2626 3721/1480/5662 3733/1482/4981 3734/1604/2628
f 3723/1724/848 3722/1602/2182 3734/1604/4480 3735/1726/2251
f 3724/1846/3921 3723/1724/848 3735/1726/2251 3736/1848/5362
f 3725/1970/3973 3724/1846/3921 3736/1848/5362 3737/1972/3977
f 3726/2088/278 3725/1970/3973 3737/1972/3977 3738/2090/281
f 3727/2214/4647 3726/2088/278 3738/2090/281 3739/2216/931
f 3728/2312/1438 3727/2214/2222 3739/2216/143 3740/2314/757
f 3729/2460/428 3740/2314/757 3752/2316/4853 3741/2462/4119
f 3730/1114/1295 3729/982/3502 3741/984/2711 3742/1116/3562
f 3731/1234/2791 3730/1114/1295 3742/1116/3562 3743/1236/1335
f 3732/1360/5054 3731/1234/2791 3743/1236/1335 3744/1362/2039
f 3733/1482/4981 3732/1360/5007 3744/1362/2039 3745/1484/3523
f 3734/1604/2628 3733/1482/4981 3745/1484/4175 3746/1606/3415
f 3735/1726/2251 3734/1604/4480 3746/1606/4482 3747/1728/4481
f 3736/1848/5362 3735/1726/2251 3747/1728/3881 3748/1850/5363
f 3737/1972/3977 3736/1848/5362 3748/1850/5363 3749/1974/3142
f 3738/2090/281 3737/1972/3977 3749/1974/3142 3750/2092/960
f 3739/2216/931 3738/2090/281 3750/2092/960 3751/2218/5313
f 3740/2314/757 3739/2216/143 3751/2218/5313 3752/2316/827
f 3741/2462/4119 3752/2316/4853 3764/2318/5556 3753/2464/4857
f 3742/1116/3562 3741/984/2711 3753/986/2712 3754/1118/1299
f 3743/1236/1335 3742/1116/3562 3754/1118/1299 3755/1238/5067
f 3744/1362/2039 3743/1236/1335 3755/1238/5067 3756/1364/5725
f 3745/1484/3523 3744/1362/2039 3756/1364/5725 3757/1486/1277
f 3746/1606/3415 3745/1484/4175 3757/1486/5607 3758/1608/5608
f 3747/1728/4481 3746/1606/4482 3758/1608/84 3759/1730/3813
f 3748/1850/5363 3747/1728/3881 3759/1730/3813 3760/1852/952
f 3749/1974/3142 3748/1850/5363 3760/1852/952 3761/1976/2403
f 3750/2092/960 3749/1974/3142 3761/1976/2403 3762/2094/991
f 3751/2218/5313 3750/2092/960 3762/2094/5342 3763/2220/219
f 3752/2316/827 3751/2218/5313 3763/2220/219 3764/2318/829
f 3753/2464/4857 3764/2318/5556 3776/2320/4122 3765/2466/3444
f 3754/1118/1299 3753/986/2712 3765/988/3444 3766/1120/4316
f 3755/1238/5067 3754/1118/1299 3766/1120/4316 3767/1240/668
f 3756/1364/5725 3755/1238/5067 3767/1240/668 3768/1366/5726
f 3757/1486/1277 3756/1364/5725 3768/1366/5726 3769/1488/5667
f 3758/1608/5608 3757/1486/5607 3769/1488/5667 3770/1610/482
f 3759/1730/3813 3758/1608/84 3770/1610/5178 3771/1732/4571
f 3760/1852/952 3759/1730/3813 3771/1732/4571 3772/1854/4630
f 3761/1976/2403 3760/1852/952 3772/1854/974 3773/1978/1719
f 3762/2094/991 3761/1976/2403 3773/1978/1719 3774/2096/4717
f 3763/2220/219 3762/2094/5342 3774/2096/3897 3775/2222/3044
f 3764/2318/829 3763/2220/219 3775/2222/3044 3776/2320/145
f 3765/2466/3444 3776/2320/4122 3788/2322/436 3777/2468/1200
f 3766/1120/4316 3765/988/3444 3777/990/1200 3778/1122/5718
f 3767/1240/668 3766/1120/4316 3778/1122/5718 3779/1242/4369
f 3768/1366/5726 3767/1240/668 3779/1242/4369 3780/1368/1338
f 3769/1488/5667 3768/1366/5726 3780/1368/3531 3781/1490/3487
f 3770/1610/482 3769/1488/5667 3781/1490/3487 3782/1612/1908
f 3771/1732/4571 3770/1610/5178 3782/1612/2187 3783/1734/3002
f 3772/1854/4630 3771/1732/4571 3783/1734/3002 3784/1856/1676
f 3773/1978/1719 3772/1854/974 3784/1856/1676 3785/1980/5421
f 3774/2096/4717 3773/1978/1719 3785/1980/5421 3786/2098/2404
f 3775/2222/3044 3774/2096/3897 3786/2098/934 3787/2224/3046
f 3776/2320/145 3775/2222/3044 3787/2224/3046 3788/2322/826
f 3777/2468/1200 3788/2322/436 3800/2324/5559 3789/2470/5559
f 3778/1122/5718 3777/990/1200 3789/992/4991 3790/1124/5719
f 3779/1242/4369 3778/1122/5718 3790/1124/5719 3791/1244/5769
f 3780/1368/1338 3779/1242/4369 3791/1244/5769 3792/1370/5069
f 3781/1490/3487 3780/1368/3531 3792/1370/3534 3793/1492/571
f 3782/1612/1908 3781/1490/3487 3793/1492/571 3794/1614/4902
f 3783/1734/3002 3782/1612/2187 3794/1614/782 3795/1736/859
f 3784/1856/1676 3783/1734/3002 3795/1736/859 3796/1858/2352
f 3785/1980/5421 3784/1856/1676 3796/1858/2352 3797/1982/1003
f 3786/2098/2404 3785/1980/5421 3797/1982/1003 3798/2100/998
f 3787/2224/3046 3786/2098/934 3798/2100/3081 3799/2226/1618
f 3788/2322/826 3787/2224/3046 3799/2226/1618 3800/2324/5235
f 3855/3580/5481 3820/3541/5132 3858/3551/1105 3862/3607/4854
f 3815/3543/5535 3832/3504/1809 3863/3498/2165 3857/3554/733
f 3863/3534/2165 3844/3471/1490 3811/3485/832 3852/3528/106
f 3832/3504/1809 3801/3446/42 3844/3417/1490 3863/3498/2165
f 3820/3541/5132 3842/3501/4460 3864/3495/3322 3858/3551/1105
f 3858/3635/1105 3864/3535/3322 3850/3529/4863 3817/3593/4150
f 3842/3501/4460 3812/3443/787 3845/3415/5155 3864/3495/3322
f 3818/3560/1631 3853/3520/3892 3865/3515/2312 3861/3555/5329
f 3804/3484/5656 3823/3493/3476 3866/3461/4937 3824/3453/4917
f 3805/3426/5331 3824/3453/1590 3866/3461/4605 3825/3449/4625
f 3809/3481/5369 3826/3491/4667 3867/3460/953 3827/3451/3119
f 3810/3423/3962 3827/3451/1008 3867/3460/5405 3828/3448/5381
f 3811/3485/832 3828/3448/854 3867/3460/5284 3826/3491/3810
f 3812/3443/787 3829/3455/806 3868/3435/831 3830/3412/1502
f 3815/3543/5535 3831/3539/1143 3869/3510/5552 3832/3504/1809
f 3838/3574/3876 3818/3560/1631 3841/3596/3870 3871/3615/3850
f 3842/3501/4460 3872/3507/5194 3829/3455/806 3812/3443/787
f 3843/3405/3135 3873/3440/333 3827/3451/1008 3810/3423/3962
f 3812/3443/787 3830/3412/1502 3874/3388/1488 3845/3415/5155
f 3874/3422/3076 3846/3397/947 3805/3426/5331 3825/3449/4625
f 3830/3412/277 3813/3401/3945 3846/3379/947 3874/3388/3076
f 3806/3605/3566 3847/3613/5028 3875/3565/4334 3848/3578/5722
f 3848/3578/4129 3875/3565/2619 3831/3539/1143 3815/3543/5535
f 3847/3613/5028 3807/3589/2773 3849/3572/2051 3875/3565/4334
f 3850/3529/4863 3876/3526/3402 3836/3576/2639 3817/3593/4150
f 3876/3526/4271 3851/3521/1990 3816/3562/3519 3836/3576/2724
f 3823/3493/3476 3804/3484/5656 3851/3521/1990 3876/3526/4271
f 3811/3485/832 3826/3491/3810 3877/3523/3786 3852/3528/106
f 3877/3523/923 3853/3520/3892 3818/3560/1631 3838/3574/3876
f 3826/3491/4667 3809/3481/5369 3853/3520/3892 3877/3523/923
f 3803/3466/3460 3833/3513/1252 3879/3517/1258 3835/3470/4955
f 3835/3470/4955 3879/3517/1258 3851/3521/1990 3804/3484/5656
f 3879/3517/1258 3856/3557/2725 3816/3562/3519 3851/3521/1990
f 3894/3542/2850 3924/3552/4093 3930/3496/1079 3910/3502/1448
f 3924/3636/4093 3893/3594/5585 3919/3530/3388 3930/3536/1079
f 3930/3536/1079 3919/3530/3388 3880/3488/3329 3916/3474/760
f 3910/3502/1448 3930/3496/1079 3916/3416/760 3887/3444/4490
f 3882/3590/5031 3925/3628/2042 3931/3666/3565 3918/3614/3572
f 3891/3588/4281 3926/3626/5000 3931/3664/3565 3921/3612/5709
f 3880/3488/3329 3898/3494/4855 3934/3462/2532 3900/3450/1418
f 3894/3542/2850 3910/3502/1448 3939/3508/1489 3909/3538/2175
f 3910/3502/1448 3887/3444/4490 3903/3456/2935 3939/3508/1489
f 3921/3612/5709 3943/3564/1267 3922/3570/1260 3891/3588/4281
#4054 polygons

